rule_id,original_path,new_path,original_filename,file_type,size_bytes,sha256,import_date,classification,authority,related_character,related_issue,git_safe,duplicate_of,normalization,notes
canon-characters,I:\MonkeyZoo Comic Strip\Fusion Squad\MonkeyZoo_Comic_Factory\03_APPROVED_CANON\approved_characters\_groups\source_images\Fusion_Squad.png,source_material/imported_canon/approved_characters/_groups/source_images/Fusion_Squad.png,Fusion_Squad.png,png,601487,52e6d8f044481a0a6e80a8e88fb596c8a38f6277e16d8d71a9cb7f1d1e526b69,2026-07-28T13:24:03+00:00,character-art,authoritative,,,no,,none (byte-for-byte copy),"Approved character turnarounds, poses and expression sheets for all twelve canon characters. Opaque backgrounds; not composite-ready."
canon-characters,I:\MonkeyZoo Comic Strip\Fusion Squad\MonkeyZoo_Comic_Factory\03_APPROVED_CANON\approved_characters\_ref_matrix_30.md,source_material/imported_canon/approved_characters/_ref_matrix_30.md,_ref_matrix_30.md,md,2311,906072ace98533e852c0fb6b908adda1542a4d96a896770da34e069ce72426c5,2026-07-28T13:24:03+00:00,character-art,authoritative,,,yes,,none (byte-for-byte copy),"Approved character turnarounds, poses and expression sheets for all twelve canon characters. Opaque backgrounds; not composite-ready."
canon-characters,I:\MonkeyZoo Comic Strip\Fusion Squad\MonkeyZoo_Comic_Factory\03_APPROVED_CANON\approved_characters\ash\ash.webp,source_material/imported_canon/approved_characters/ash/ash.webp,ash.webp,webp,13838,fdf35ed24e81c3342621cda3f563b13f839e370182cd656f9401a0d6f4e6f23f,2026-07-28T13:24:03+00:00,character-art,authoritative,MZ-CHAR-004,,no,,none (byte-for-byte copy),"Approved character turnarounds, poses and expression sheets for all twelve canon characters. Opaque backgrounds; not composite-ready."
canon-characters,I:\MonkeyZoo Comic Strip\Fusion Squad\MonkeyZoo_Comic_Factory\03_APPROVED_CANON\approved_characters\ash\ash_00_clean_base.png,source_material/imported_canon/approved_characters/ash/ash_00_clean_base.png,ash_00_clean_base.png,png,418950,995b134239ff714de9cd10c3f585ce0ee6fa1758dc36fe415566c41f55e432a8,2026-07-28T13:24:03+00:00,character-art,authoritative,MZ-CHAR-004,,no,,none (byte-for-byte copy),"Approved character turnarounds, poses and expression sheets for all twelve canon characters. Opaque backgrounds; not composite-ready."
canon-characters,I:\MonkeyZoo Comic Strip\Fusion Squad\MonkeyZoo_Comic_Factory\03_APPROVED_CANON\approved_characters\ash\ash_01_neutral.png,source_material/imported_canon/approved_characters/ash/ash_01_neutral.png,ash_01_neutral.png,png,948828,9e146371a677ab6df2c99522c74e4e861ec6c69136c66591083b617fd28971f0,2026-07-28T13:24:03+00:00,character-art,authoritative,MZ-CHAR-004,,no,,none (byte-for-byte copy),"Approved character turnarounds, poses and expression sheets for all twelve canon characters. Opaque backgrounds; not composite-ready."
canon-characters,I:\MonkeyZoo Comic Strip\Fusion Squad\MonkeyZoo_Comic_Factory\03_APPROVED_CANON\approved_characters\ash\ash_02_threeqtr.png,source_material/imported_canon/approved_characters/ash/ash_02_threeqtr.png,ash_02_threeqtr.png,png,970203,34e08866af7533b716e979a5c91dd1e0e5bebdd833def5e49aefd83c77f948e8,2026-07-28T13:24:03+00:00,character-art,authoritative,MZ-CHAR-004,,no,,none (byte-for-byte copy),"Approved character turnarounds, poses and expression sheets for all twelve canon characters. Opaque backgrounds; not composite-ready."
canon-characters,I:\MonkeyZoo Comic Strip\Fusion Squad\MonkeyZoo_Comic_Factory\03_APPROVED_CANON\approved_characters\ash\ash_03_profile.png,source_material/imported_canon/approved_characters/ash/ash_03_profile.png,ash_03_profile.png,png,943057,ebcc16f7482cfa40568f65852a64b1e4882730d077413fee2db8bd17cdcae87f,2026-07-28T13:24:03+00:00,character-art,authoritative,MZ-CHAR-004,,no,,none (byte-for-byte copy),"Approved character turnarounds, poses and expression sheets for all twelve canon characters. Opaque backgrounds; not composite-ready."
canon-characters,I:\MonkeyZoo Comic Strip\Fusion Squad\MonkeyZoo_Comic_Factory\03_APPROVED_CANON\approved_characters\ash\ash_04_overshoulder.png,source_material/imported_canon/approved_characters/ash/ash_04_overshoulder.png,ash_04_overshoulder.png,png,945946,eefb1c3ae02afb912b24c36cf0ffc9a4fe058c2796b85bd93a6d5ba93b56e71e,2026-07-28T13:24:03+00:00,character-art,authoritative,MZ-CHAR-004,,no,,none (byte-for-byte copy),"Approved character turnarounds, poses and expression sheets for all twelve canon characters. Opaque backgrounds; not composite-ready."
canon-characters,I:\MonkeyZoo Comic Strip\Fusion Squad\MonkeyZoo_Comic_Factory\03_APPROVED_CANON\approved_characters\ash\ash_05_portrait.png,source_material/imported_canon/approved_characters/ash/ash_05_portrait.png,ash_05_portrait.png,png,912537,1821ef88a7ee811ba1149b1c160ed3e57cf5cd4a8f6eed42aedc25a56d4b1097,2026-07-28T13:24:03+00:00,character-art,authoritative,MZ-CHAR-004,,no,,none (byte-for-byte copy),"Approved character turnarounds, poses and expression sheets for all twelve canon characters. Opaque backgrounds; not composite-ready."
canon-characters,I:\MonkeyZoo Comic Strip\Fusion Squad\MonkeyZoo_Comic_Factory\03_APPROVED_CANON\approved_characters\ash\ash_06_angry.png,source_material/imported_canon/approved_characters/ash/ash_06_angry.png,ash_06_angry.png,png,999925,02c7673c0a9e585828b9227cb86c6e34961e14e267047c18bacc7319485bc75b,2026-07-28T13:24:03+00:00,character-art,authoritative,MZ-CHAR-004,,no,,none (byte-for-byte copy),"Approved character turnarounds, poses and expression sheets for all twelve canon characters. Opaque backgrounds; not composite-ready."
canon-characters,I:\MonkeyZoo Comic Strip\Fusion Squad\MonkeyZoo_Comic_Factory\03_APPROVED_CANON\approved_characters\ash\ash_07_sad.png,source_material/imported_canon/approved_characters/ash/ash_07_sad.png,ash_07_sad.png,png,948573,ccda94bffb7d877c229cd7dbe5830aa5e786f7357c303ad06ba96cd8ad90efc4,2026-07-28T13:24:03+00:00,character-art,authoritative,MZ-CHAR-004,,no,,none (byte-for-byte copy),"Approved character turnarounds, poses and expression sheets for all twelve canon characters. Opaque backgrounds; not composite-ready."
canon-characters,I:\MonkeyZoo Comic Strip\Fusion Squad\MonkeyZoo_Comic_Factory\03_APPROVED_CANON\approved_characters\ash\ash_08_shocked.png,source_material/imported_canon/approved_characters/ash/ash_08_shocked.png,ash_08_shocked.png,png,904307,e9e1c55dcf3898dabbb6bb8315831620188b520e3b8048f6c84321b4ace4887c,2026-07-28T13:24:03+00:00,character-art,authoritative,MZ-CHAR-004,,no,,none (byte-for-byte copy),"Approved character turnarounds, poses and expression sheets for all twelve canon characters. Opaque backgrounds; not composite-ready."
canon-characters,I:\MonkeyZoo Comic Strip\Fusion Squad\MonkeyZoo_Comic_Factory\03_APPROVED_CANON\approved_characters\ash\ash_09_smile.png,source_material/imported_canon/approved_characters/ash/ash_09_smile.png,ash_09_smile.png,png,992119,acfbb26684214278dd97ade59cde5bd4b5147c6b48ae8bc61359d999f65c7251,2026-07-28T13:24:03+00:00,character-art,authoritative,MZ-CHAR-004,,no,,none (byte-for-byte copy),"Approved character turnarounds, poses and expression sheets for all twelve canon characters. Opaque backgrounds; not composite-ready."
canon-characters,I:\MonkeyZoo Comic Strip\Fusion Squad\MonkeyZoo_Comic_Factory\03_APPROVED_CANON\approved_characters\ash\ash_10_walking.png,source_material/imported_canon/approved_characters/ash/ash_10_walking.png,ash_10_walking.png,png,972260,b61a79d9f6f3c64858aab674e12033cd5624b0f506e7fd55ccc40516588fc16b,2026-07-28T13:24:03+00:00,character-art,authoritative,MZ-CHAR-004,,no,,none (byte-for-byte copy),"Approved character turnarounds, poses and expression sheets for all twelve canon characters. Opaque backgrounds; not composite-ready."
canon-characters,I:\MonkeyZoo Comic Strip\Fusion Squad\MonkeyZoo_Comic_Factory\03_APPROVED_CANON\approved_characters\ash\ash_11_armscrossed.png,source_material/imported_canon/approved_characters/ash/ash_11_armscrossed.png,ash_11_armscrossed.png,png,975369,7918874136f3576ed1bc00c1b9bf736b03ea5be9280fe9ad7ecb637dc0cac6de,2026-07-28T13:24:03+00:00,character-art,authoritative,MZ-CHAR-004,,no,,none (byte-for-byte copy),"Approved character turnarounds, poses and expression sheets for all twelve canon characters. Opaque backgrounds; not composite-ready."
canon-characters,I:\MonkeyZoo Comic Strip\Fusion Squad\MonkeyZoo_Comic_Factory\03_APPROVED_CANON\approved_characters\ash\ash_12_sitting.png,source_material/imported_canon/approved_characters/ash/ash_12_sitting.png,ash_12_sitting.png,png,907633,e3e7dd29016b4fe161be772fae0e6e5d5c75265c0337f8b6aa6111a44a156ae2,2026-07-28T13:24:03+00:00,character-art,authoritative,MZ-CHAR-004,,no,,none (byte-for-byte copy),"Approved character turnarounds, poses and expression sheets for all twelve canon characters. Opaque backgrounds; not composite-ready."
canon-characters,I:\MonkeyZoo Comic Strip\Fusion Squad\MonkeyZoo_Comic_Factory\03_APPROVED_CANON\approved_characters\ash\ash_13_pointing.png,source_material/imported_canon/approved_characters/ash/ash_13_pointing.png,ash_13_pointing.png,png,903424,985fca2415a3f468158e49e58303297b620a4fa75ae3193157e771feb6d66c3f,2026-07-28T13:24:03+00:00,character-art,authoritative,MZ-CHAR-004,,no,,none (byte-for-byte copy),"Approved character turnarounds, poses and expression sheets for all twelve canon characters. Opaque backgrounds; not composite-ready."
canon-characters,I:\MonkeyZoo Comic Strip\Fusion Squad\MonkeyZoo_Comic_Factory\03_APPROVED_CANON\approved_characters\ash\ash_14_shout.png,source_material/imported_canon/approved_characters/ash/ash_14_shout.png,ash_14_shout.png,png,1010886,d1ff6d8966b70263e4906c4929ad2640285988ba13518279cac6dcb9d990b8c0,2026-07-28T13:24:03+00:00,character-art,authoritative,MZ-CHAR-004,,no,,none (byte-for-byte copy),"Approved character turnarounds, poses and expression sheets for all twelve canon characters. Opaque backgrounds; not composite-ready."
canon-characters,I:\MonkeyZoo Comic Strip\Fusion Squad\MonkeyZoo_Comic_Factory\03_APPROVED_CANON\approved_characters\ash\ash_15_laughing.png,source_material/imported_canon/approved_characters/ash/ash_15_laughing.png,ash_15_laughing.png,png,555227,91b36f3ff895d3a222b269e346deb9816f4ecaf1fb8daea8302056af63631415,2026-07-28T13:24:03+00:00,character-art,authoritative,MZ-CHAR-004,,no,,none (byte-for-byte copy),"Approved character turnarounds, poses and expression sheets for all twelve canon characters. Opaque backgrounds; not composite-ready."
canon-characters,I:\MonkeyZoo Comic Strip\Fusion Squad\MonkeyZoo_Comic_Factory\03_APPROVED_CANON\approved_characters\ash\ash_16_worried.png,source_material/imported_canon/approved_characters/ash/ash_16_worried.png,ash_16_worried.png,png,518557,09ef04dd409053bd078a9df3527d210bf8a059959e5a1f2a1378238482b54d9f,2026-07-28T13:24:03+00:00,character-art,authoritative,MZ-CHAR-004,,no,,none (byte-for-byte copy),"Approved character turnarounds, poses and expression sheets for all twelve canon characters. Opaque backgrounds; not composite-ready."
canon-characters,I:\MonkeyZoo Comic Strip\Fusion Squad\MonkeyZoo_Comic_Factory\03_APPROVED_CANON\approved_characters\ash\ash_17_disgusted.png,source_material/imported_canon/approved_characters/ash/ash_17_disgusted.png,ash_17_disgusted.png,png,577654,a0618e67c8f3177c5df742dde889d63b70f01846cc1a8ca09f2324a9c3dd9da7,2026-07-28T13:24:03+00:00,character-art,authoritative,MZ-CHAR-004,,no,,none (byte-for-byte copy),"Approved character turnarounds, poses and expression sheets for all twelve canon characters. Opaque backgrounds; not composite-ready."
canon-characters,I:\MonkeyZoo Comic Strip\Fusion Squad\MonkeyZoo_Comic_Factory\03_APPROVED_CANON\approved_characters\ash\ash_18_sleepy.png,source_material/imported_canon/approved_characters/ash/ash_18_sleepy.png,ash_18_sleepy.png,png,541086,7053310d32b75bc6cf9955ec6065c26dbd927158a843fd76374e94cc41361851,2026-07-28T13:24:03+00:00,character-art,authoritative,MZ-CHAR-004,,no,,none (byte-for-byte copy),"Approved character turnarounds, poses and expression sheets for all twelve canon characters. Opaque backgrounds; not composite-ready."
canon-characters,I:\MonkeyZoo Comic Strip\Fusion Squad\MonkeyZoo_Comic_Factory\03_APPROVED_CANON\approved_characters\ash\ash_19_determined.png,source_material/imported_canon/approved_characters/ash/ash_19_determined.png,ash_19_determined.png,png,545208,52139ec9c1027b18940ee7583d3cddbc7f585a02fbd0034aef2d84c923646e97,2026-07-28T13:24:03+00:00,character-art,authoritative,MZ-CHAR-004,,no,,none (byte-for-byte copy),"Approved character turnarounds, poses and expression sheets for all twelve canon characters. Opaque backgrounds; not composite-ready."
canon-characters,I:\MonkeyZoo Comic Strip\Fusion Squad\MonkeyZoo_Comic_Factory\03_APPROVED_CANON\approved_characters\ash\ash_20_confused.png,source_material/imported_canon/approved_characters/ash/ash_20_confused.png,ash_20_confused.png,png,515349,9ba63cb02f0753db44b2c65606d44b905db4a5811519539974662c020873c751,2026-07-28T13:24:03+00:00,character-art,authoritative,MZ-CHAR-004,,no,,none (byte-for-byte copy),"Approved character turnarounds, poses and expression sheets for all twelve canon characters. Opaque backgrounds; not composite-ready."
canon-characters,I:\MonkeyZoo Comic Strip\Fusion Squad\MonkeyZoo_Comic_Factory\03_APPROVED_CANON\approved_characters\ash\ash_21_running.png,source_material/imported_canon/approved_characters/ash/ash_21_running.png,ash_21_running.png,png,559303,10fa0fa88095b971aae65e7500190375b92e23df4413595986e5d1f3112f15e0,2026-07-28T13:24:03+00:00,character-art,authoritative,MZ-CHAR-004,,no,,none (byte-for-byte copy),"Approved character turnarounds, poses and expression sheets for all twelve canon characters. Opaque backgrounds; not composite-ready."
canon-characters,I:\MonkeyZoo Comic Strip\Fusion Squad\MonkeyZoo_Comic_Factory\03_APPROVED_CANON\approved_characters\ash\ash_22_jumping.png,source_material/imported_canon/approved_characters/ash/ash_22_jumping.png,ash_22_jumping.png,png,619905,e539ba2fa0d9c07ee186b6ba01ac86c02601140f738ecc67de7450c617f0716c,2026-07-28T13:24:03+00:00,character-art,authoritative,MZ-CHAR-004,,no,,none (byte-for-byte copy),"Approved character turnarounds, poses and expression sheets for all twelve canon characters. Opaque backgrounds; not composite-ready."
canon-characters,I:\MonkeyZoo Comic Strip\Fusion Squad\MonkeyZoo_Comic_Factory\03_APPROVED_CANON\approved_characters\ash\ash_23_waving.png,source_material/imported_canon/approved_characters/ash/ash_23_waving.png,ash_23_waving.png,png,528305,0dd4dac56c4b9f921c03a5ef58475b9b2adb3411a916797efb73d46e737241d9,2026-07-28T13:24:03+00:00,character-art,authoritative,MZ-CHAR-004,,no,,none (byte-for-byte copy),"Approved character turnarounds, poses and expression sheets for all twelve canon characters. Opaque backgrounds; not composite-ready."
canon-characters,I:\MonkeyZoo Comic Strip\Fusion Squad\MonkeyZoo_Comic_Factory\03_APPROVED_CANON\approved_characters\ash\ash_24_thinking.png,source_material/imported_canon/approved_characters/ash/ash_24_thinking.png,ash_24_thinking.png,png,556340,228e07dcafc55cb3f899fa69413839e3aa121f0eed384ea18317a5f8dcee692f,2026-07-28T13:24:03+00:00,character-art,authoritative,MZ-CHAR-004,,no,,none (byte-for-byte copy),"Approved character turnarounds, poses and expression sheets for all twelve canon characters. Opaque backgrounds; not composite-ready."
canon-characters,I:\MonkeyZoo Comic Strip\Fusion Squad\MonkeyZoo_Comic_Factory\03_APPROVED_CANON\approved_characters\ash\ash_25_crouching.png,source_material/imported_canon/approved_characters/ash/ash_25_crouching.png,ash_25_crouching.png,png,545985,b7ddf5c08d48a52648bf14c23ce49677741122cc782d0fec55d63b42581d043b,2026-07-28T13:24:03+00:00,character-art,authoritative,MZ-CHAR-004,,no,,none (byte-for-byte copy),"Approved character turnarounds, poses and expression sheets for all twelve canon characters. Opaque backgrounds; not composite-ready."
canon-characters,I:\MonkeyZoo Comic Strip\Fusion Squad\MonkeyZoo_Comic_Factory\03_APPROVED_CANON\approved_characters\ash\ash_26_reaching.png,source_material/imported_canon/approved_characters/ash/ash_26_reaching.png,ash_26_reaching.png,png,537215,75cc6b9539ef36c9359d02c8e51d13f623c4db177d3114fbace90fe71893910e,2026-07-28T13:24:03+00:00,character-art,authoritative,MZ-CHAR-004,,no,,none (byte-for-byte copy),"Approved character turnarounds, poses and expression sheets for all twelve canon characters. Opaque backgrounds; not composite-ready."
canon-characters,I:\MonkeyZoo Comic Strip\Fusion Squad\MonkeyZoo_Comic_Factory\03_APPROVED_CANON\approved_characters\ash\ash_27_defeated.png,source_material/imported_canon/approved_characters/ash/ash_27_defeated.png,ash_27_defeated.png,png,485198,6869d91f6d84be1b341d39be1fe8bb83cf34f09eb08f7ff69fbda0a181942fa6,2026-07-28T13:24:03+00:00,character-art,authoritative,MZ-CHAR-004,,no,,none (byte-for-byte copy),"Approved character turnarounds, poses and expression sheets for all twelve canon characters. Opaque backgrounds; not composite-ready."
canon-characters,I:\MonkeyZoo Comic Strip\Fusion Squad\MonkeyZoo_Comic_Factory\03_APPROVED_CANON\approved_characters\ash\ash_28_celebrating.png,source_material/imported_canon/approved_characters/ash/ash_28_celebrating.png,ash_28_celebrating.png,png,603101,b5abc35b8df2dc99e2ec13f194734e282bc101389bab1457ece2bad67286f9ea,2026-07-28T13:24:03+00:00,character-art,authoritative,MZ-CHAR-004,,no,,none (byte-for-byte copy),"Approved character turnarounds, poses and expression sheets for all twelve canon characters. Opaque backgrounds; not composite-ready."
canon-characters,I:\MonkeyZoo Comic Strip\Fusion Squad\MonkeyZoo_Comic_Factory\03_APPROVED_CANON\approved_characters\ash\ash_29_lookingup.png,source_material/imported_canon/approved_characters/ash/ash_29_lookingup.png,ash_29_lookingup.png,png,567014,31bd7ebb2582d0b46168f4cfc2f94b9444a5d8b5c8dff4e1444ca991960fec04,2026-07-28T13:24:03+00:00,character-art,authoritative,MZ-CHAR-004,,no,,none (byte-for-byte copy),"Approved character turnarounds, poses and expression sheets for all twelve canon characters. Opaque backgrounds; not composite-ready."
canon-characters,I:\MonkeyZoo Comic Strip\Fusion Squad\MonkeyZoo_Comic_Factory\03_APPROVED_CANON\approved_characters\ash\ash_30_backview.png,source_material/imported_canon/approved_characters/ash/ash_30_backview.png,ash_30_backview.png,png,549736,ea8d17de0226bacb06ec8777b9007c3afc8b8ea6a2507adcf521a8c32d65752b,2026-07-28T13:24:03+00:00,character-art,authoritative,MZ-CHAR-004,,no,,none (byte-for-byte copy),"Approved character turnarounds, poses and expression sheets for all twelve canon characters. Opaque backgrounds; not composite-ready."
canon-characters,I:\MonkeyZoo Comic Strip\Fusion Squad\MonkeyZoo_Comic_Factory\03_APPROVED_CANON\approved_characters\character-image-manifest.json,source_material/imported_canon/approved_characters/character-image-manifest.json,character-image-manifest.json,json,16116,766db6f9b56b29a4aa3482bfba6ad62552328accd8c841219213254912ff6eee,2026-07-28T13:24:03+00:00,character-art,authoritative,,,yes,,none (byte-for-byte copy),"Approved character turnarounds, poses and expression sheets for all twelve canon characters. Opaque backgrounds; not composite-ready."
canon-characters,I:\MonkeyZoo Comic Strip\Fusion Squad\MonkeyZoo_Comic_Factory\03_APPROVED_CANON\approved_characters\CHARACTER_IMAGE_INDEX.md,source_material/imported_canon/approved_characters/CHARACTER_IMAGE_INDEX.md,CHARACTER_IMAGE_INDEX.md,md,4605,e4b221fbd2f645570860546589b353d6d46888a4f41ce4d45ae79c4249415985,2026-07-28T13:24:03+00:00,character-art,authoritative,,,yes,,none (byte-for-byte copy),"Approved character turnarounds, poses and expression sheets for all twelve canon characters. Opaque backgrounds; not composite-ready."
canon-characters,I:\MonkeyZoo Comic Strip\Fusion Squad\MonkeyZoo_Comic_Factory\03_APPROVED_CANON\approved_characters\cheeky\cheeky_00_clean_base.png,source_material/imported_canon/approved_characters/cheeky/cheeky_00_clean_base.png,cheeky_00_clean_base.png,png,429729,188cea8cfb138a791fa11738756bfbf93e3407a7837897a113e8808e878ddaea,2026-07-28T13:24:03+00:00,character-art,authoritative,MZ-CHAR-CHEEKY,,no,,none (byte-for-byte copy),"Approved character turnarounds, poses and expression sheets for all twelve canon characters. Opaque backgrounds; not composite-ready."
canon-characters,I:\MonkeyZoo Comic Strip\Fusion Squad\MonkeyZoo_Comic_Factory\03_APPROVED_CANON\approved_characters\cheeky\cheeky_01_neutral.png,source_material/imported_canon/approved_characters/cheeky/cheeky_01_neutral.png,cheeky_01_neutral.png,png,429729,188cea8cfb138a791fa11738756bfbf93e3407a7837897a113e8808e878ddaea,2026-07-28T13:24:03+00:00,character-art,authoritative,MZ-CHAR-CHEEKY,,no,source_material/imported_canon/approved_characters/cheeky/cheeky_00_clean_base.png,none (byte-for-byte copy),"Approved character turnarounds, poses and expression sheets for all twelve canon characters. Opaque backgrounds; not composite-ready."
canon-characters,I:\MonkeyZoo Comic Strip\Fusion Squad\MonkeyZoo_Comic_Factory\03_APPROVED_CANON\approved_characters\cheeky\cheeky_02_threeqtr.png,source_material/imported_canon/approved_characters/cheeky/cheeky_02_threeqtr.png,cheeky_02_threeqtr.png,png,538908,ed5ba4be7077c1b2f6b65583b8650556cd25bfa4a8dce47bbbecb00a89604c1d,2026-07-28T13:24:03+00:00,character-art,authoritative,MZ-CHAR-CHEEKY,,no,,none (byte-for-byte copy),"Approved character turnarounds, poses and expression sheets for all twelve canon characters. Opaque backgrounds; not composite-ready."
canon-characters,I:\MonkeyZoo Comic Strip\Fusion Squad\MonkeyZoo_Comic_Factory\03_APPROVED_CANON\approved_characters\cheeky\cheeky_03_profile.png,source_material/imported_canon/approved_characters/cheeky/cheeky_03_profile.png,cheeky_03_profile.png,png,464912,4fdb227c2d9875b66d367304a6f10b5731963318e0492e5e12c8a8a1342a0a39,2026-07-28T13:24:03+00:00,character-art,authoritative,MZ-CHAR-CHEEKY,,no,,none (byte-for-byte copy),"Approved character turnarounds, poses and expression sheets for all twelve canon characters. Opaque backgrounds; not composite-ready."
canon-characters,I:\MonkeyZoo Comic Strip\Fusion Squad\MonkeyZoo_Comic_Factory\03_APPROVED_CANON\approved_characters\cheeky\cheeky_04_overshoulder.png,source_material/imported_canon/approved_characters/cheeky/cheeky_04_overshoulder.png,cheeky_04_overshoulder.png,png,531700,4986aadd58cda43082d12dfc5af2334b5d94a23416841c1fb628d7a596382b55,2026-07-28T13:24:03+00:00,character-art,authoritative,MZ-CHAR-CHEEKY,,no,,none (byte-for-byte copy),"Approved character turnarounds, poses and expression sheets for all twelve canon characters. Opaque backgrounds; not composite-ready."
canon-characters,I:\MonkeyZoo Comic Strip\Fusion Squad\MonkeyZoo_Comic_Factory\03_APPROVED_CANON\approved_characters\cheeky\cheeky_05_portrait.png,source_material/imported_canon/approved_characters/cheeky/cheeky_05_portrait.png,cheeky_05_portrait.png,png,601923,18a249a6c9682dbd95ea93365dcc80b207c57e41f1b14135c39d332ac8ca469c,2026-07-28T13:24:03+00:00,character-art,authoritative,MZ-CHAR-CHEEKY,,no,,none (byte-for-byte copy),"Approved character turnarounds, poses and expression sheets for all twelve canon characters. Opaque backgrounds; not composite-ready."
canon-characters,I:\MonkeyZoo Comic Strip\Fusion Squad\MonkeyZoo_Comic_Factory\03_APPROVED_CANON\approved_characters\cheeky\cheeky_06_angry.png,source_material/imported_canon/approved_characters/cheeky/cheeky_06_angry.png,cheeky_06_angry.png,png,580562,0efd655641bf3869e72ca4f5e28f641f5a23031a9e6f616ef61af6991bfc4968,2026-07-28T13:24:03+00:00,character-art,authoritative,MZ-CHAR-CHEEKY,,no,,none (byte-for-byte copy),"Approved character turnarounds, poses and expression sheets for all twelve canon characters. Opaque backgrounds; not composite-ready."
canon-characters,I:\MonkeyZoo Comic Strip\Fusion Squad\MonkeyZoo_Comic_Factory\03_APPROVED_CANON\approved_characters\cheeky\cheeky_07_sad.png,source_material/imported_canon/approved_characters/cheeky/cheeky_07_sad.png,cheeky_07_sad.png,png,519781,640e5d10b2f4b52380c889026401e3f00cb5a3b7d2d7c7cdc59798178b15b089,2026-07-28T13:24:03+00:00,character-art,authoritative,MZ-CHAR-CHEEKY,,no,,none (byte-for-byte copy),"Approved character turnarounds, poses and expression sheets for all twelve canon characters. Opaque backgrounds; not composite-ready."
canon-characters,I:\MonkeyZoo Comic Strip\Fusion Squad\MonkeyZoo_Comic_Factory\03_APPROVED_CANON\approved_characters\cheeky\cheeky_08_shocked.png,source_material/imported_canon/approved_characters/cheeky/cheeky_08_shocked.png,cheeky_08_shocked.png,png,559369,d9dd09c1c83f13a353c630b62c436fc6a792dcaa8630d6db32223b3c1008dfda,2026-07-28T13:24:03+00:00,character-art,authoritative,MZ-CHAR-CHEEKY,,no,,none (byte-for-byte copy),"Approved character turnarounds, poses and expression sheets for all twelve canon characters. Opaque backgrounds; not composite-ready."
canon-characters,I:\MonkeyZoo Comic Strip\Fusion Squad\MonkeyZoo_Comic_Factory\03_APPROVED_CANON\approved_characters\cheeky\cheeky_09_smile.png,source_material/imported_canon/approved_characters/cheeky/cheeky_09_smile.png,cheeky_09_smile.png,png,507918,71dccdd08806adb15ac5f3c640772a36161b063112933d184f298c583ae74139,2026-07-28T13:24:03+00:00,character-art,authoritative,MZ-CHAR-CHEEKY,,no,,none (byte-for-byte copy),"Approved character turnarounds, poses and expression sheets for all twelve canon characters. Opaque backgrounds; not composite-ready."
canon-characters,I:\MonkeyZoo Comic Strip\Fusion Squad\MonkeyZoo_Comic_Factory\03_APPROVED_CANON\approved_characters\cheeky\cheeky_10_walking.png,source_material/imported_canon/approved_characters/cheeky/cheeky_10_walking.png,cheeky_10_walking.png,png,524545,036fdd6279238c617ae43f747f499ae0e4d81226c743a85706e0b80be4d94784,2026-07-28T13:24:03+00:00,character-art,authoritative,MZ-CHAR-CHEEKY,,no,,none (byte-for-byte copy),"Approved character turnarounds, poses and expression sheets for all twelve canon characters. Opaque backgrounds; not composite-ready."
canon-characters,I:\MonkeyZoo Comic Strip\Fusion Squad\MonkeyZoo_Comic_Factory\03_APPROVED_CANON\approved_characters\cheeky\cheeky_11_armscrossed.png,source_material/imported_canon/approved_characters/cheeky/cheeky_11_armscrossed.png,cheeky_11_armscrossed.png,png,501181,23b8bce85ce2129e0503cd37d2b998b99be4311d13bf7f447ba4e0fa26c511be,2026-07-28T13:24:03+00:00,character-art,authoritative,MZ-CHAR-CHEEKY,,no,,none (byte-for-byte copy),"Approved character turnarounds, poses and expression sheets for all twelve canon characters. Opaque backgrounds; not composite-ready."
canon-characters,I:\MonkeyZoo Comic Strip\Fusion Squad\MonkeyZoo_Comic_Factory\03_APPROVED_CANON\approved_characters\cheeky\cheeky_12_sitting.png,source_material/imported_canon/approved_characters/cheeky/cheeky_12_sitting.png,cheeky_12_sitting.png,png,519395,8d7e289dd05e1ab22ec732c4a4d1a9d1d74a2c5420d0f8c4ec86290bd525c166,2026-07-28T13:24:03+00:00,character-art,authoritative,MZ-CHAR-CHEEKY,,no,,none (byte-for-byte copy),"Approved character turnarounds, poses and expression sheets for all twelve canon characters. Opaque backgrounds; not composite-ready."
canon-characters,I:\MonkeyZoo Comic Strip\Fusion Squad\MonkeyZoo_Comic_Factory\03_APPROVED_CANON\approved_characters\cheeky\cheeky_13_pointing.png,source_material/imported_canon/approved_characters/cheeky/cheeky_13_pointing.png,cheeky_13_pointing.png,png,538702,27230ea5cfc2f3a2b09bfe5a3908c50f95fb2a9a8887ee2116e07bd164a0824a,2026-07-28T13:24:03+00:00,character-art,authoritative,MZ-CHAR-CHEEKY,,no,,none (byte-for-byte copy),"Approved character turnarounds, poses and expression sheets for all twelve canon characters. Opaque backgrounds; not composite-ready."
canon-characters,I:\MonkeyZoo Comic Strip\Fusion Squad\MonkeyZoo_Comic_Factory\03_APPROVED_CANON\approved_characters\cheeky\cheeky_14_shout.png,source_material/imported_canon/approved_characters/cheeky/cheeky_14_shout.png,cheeky_14_shout.png,png,550193,8873d633547c08ef6e0bcf0cdd60fc31fec47671828d3937f9d4ac4febcd212a,2026-07-28T13:24:03+00:00,character-art,authoritative,MZ-CHAR-CHEEKY,,no,,none (byte-for-byte copy),"Approved character turnarounds, poses and expression sheets for all twelve canon characters. Opaque backgrounds; not composite-ready."
canon-characters,I:\MonkeyZoo Comic Strip\Fusion Squad\MonkeyZoo_Comic_Factory\03_APPROVED_CANON\approved_characters\cheeky\cheeky_15_laughing.png,source_material/imported_canon/approved_characters/cheeky/cheeky_15_laughing.png,cheeky_15_laughing.png,png,535899,42ccfeb21926476615596709b2a8b99ba07cdf0b2bd0e980772cce2facb80b5e,2026-07-28T13:24:03+00:00,character-art,authoritative,MZ-CHAR-CHEEKY,,no,,none (byte-for-byte copy),"Approved character turnarounds, poses and expression sheets for all twelve canon characters. Opaque backgrounds; not composite-ready."
canon-characters,I:\MonkeyZoo Comic Strip\Fusion Squad\MonkeyZoo_Comic_Factory\03_APPROVED_CANON\approved_characters\cheeky\cheeky_16_worried.png,source_material/imported_canon/approved_characters/cheeky/cheeky_16_worried.png,cheeky_16_worried.png,png,516409,a94db0f0c538f42639254cb6f11ea3ee8d81342c98c275ae5d296a5c70dc5cc8,2026-07-28T13:24:03+00:00,character-art,authoritative,MZ-CHAR-CHEEKY,,no,,none (byte-for-byte copy),"Approved character turnarounds, poses and expression sheets for all twelve canon characters. Opaque backgrounds; not composite-ready."
canon-characters,I:\MonkeyZoo Comic Strip\Fusion Squad\MonkeyZoo_Comic_Factory\03_APPROVED_CANON\approved_characters\cheeky\cheeky_17_disgusted.png,source_material/imported_canon/approved_characters/cheeky/cheeky_17_disgusted.png,cheeky_17_disgusted.png,png,609634,a3243907277c9cac5bae8df9df0a9a232af0e12211cf13510ac4d7d19da9b394,2026-07-28T13:24:03+00:00,character-art,authoritative,MZ-CHAR-CHEEKY,,no,,none (byte-for-byte copy),"Approved character turnarounds, poses and expression sheets for all twelve canon characters. Opaque backgrounds; not composite-ready."
canon-characters,I:\MonkeyZoo Comic Strip\Fusion Squad\MonkeyZoo_Comic_Factory\03_APPROVED_CANON\approved_characters\cheeky\cheeky_18_sleepy.png,source_material/imported_canon/approved_characters/cheeky/cheeky_18_sleepy.png,cheeky_18_sleepy.png,png,501857,a9a8763b78136be7e3d27fccf8840263d8237941ce3a4a7a8cfcfc06fa7bdc86,2026-07-28T13:24:03+00:00,character-art,authoritative,MZ-CHAR-CHEEKY,,no,,none (byte-for-byte copy),"Approved character turnarounds, poses and expression sheets for all twelve canon characters. Opaque backgrounds; not composite-ready."
canon-characters,I:\MonkeyZoo Comic Strip\Fusion Squad\MonkeyZoo_Comic_Factory\03_APPROVED_CANON\approved_characters\cheeky\cheeky_19_determined.png,source_material/imported_canon/approved_characters/cheeky/cheeky_19_determined.png,cheeky_19_determined.png,png,542306,cb8a08d144b106b305753cf491906320ed34bd62c961c1394d6026ae58469d85,2026-07-28T13:24:03+00:00,character-art,authoritative,MZ-CHAR-CHEEKY,,no,,none (byte-for-byte copy),"Approved character turnarounds, poses and expression sheets for all twelve canon characters. Opaque backgrounds; not composite-ready."
canon-characters,I:\MonkeyZoo Comic Strip\Fusion Squad\MonkeyZoo_Comic_Factory\03_APPROVED_CANON\approved_characters\cheeky\cheeky_20_confused.png,source_material/imported_canon/approved_characters/cheeky/cheeky_20_confused.png,cheeky_20_confused.png,png,474615,793a2f5c05d81aea334c2ebff619c7a4c09da0cda311e03013e351510f12e4d4,2026-07-28T13:24:03+00:00,character-art,authoritative,MZ-CHAR-CHEEKY,,no,,none (byte-for-byte copy),"Approved character turnarounds, poses and expression sheets for all twelve canon characters. Opaque backgrounds; not composite-ready."
canon-characters,I:\MonkeyZoo Comic Strip\Fusion Squad\MonkeyZoo_Comic_Factory\03_APPROVED_CANON\approved_characters\cheeky\cheeky_21_running.png,source_material/imported_canon/approved_characters/cheeky/cheeky_21_running.png,cheeky_21_running.png,png,534657,ff070e972ced021150765d3d3fb9ca188257907dcfa6d660f2b52acdcf032e81,2026-07-28T13:24:03+00:00,character-art,authoritative,MZ-CHAR-CHEEKY,,no,,none (byte-for-byte copy),"Approved character turnarounds, poses and expression sheets for all twelve canon characters. Opaque backgrounds; not composite-ready."
canon-characters,I:\MonkeyZoo Comic Strip\Fusion Squad\MonkeyZoo_Comic_Factory\03_APPROVED_CANON\approved_characters\cheeky\cheeky_22_jumping.png,source_material/imported_canon/approved_characters/cheeky/cheeky_22_jumping.png,cheeky_22_jumping.png,png,552842,29566bee1a2ee05e3382ebb305ef362609b5570cb5bb36d1903e4fc5b608e59e,2026-07-28T13:24:03+00:00,character-art,authoritative,MZ-CHAR-CHEEKY,,no,,none (byte-for-byte copy),"Approved character turnarounds, poses and expression sheets for all twelve canon characters. Opaque backgrounds; not composite-ready."
canon-characters,I:\MonkeyZoo Comic Strip\Fusion Squad\MonkeyZoo_Comic_Factory\03_APPROVED_CANON\approved_characters\cheeky\cheeky_23_waving.png,source_material/imported_canon/approved_characters/cheeky/cheeky_23_waving.png,cheeky_23_waving.png,png,527042,73cd75eae047bc8a950fdc7719a4760045c109ac3437cdba9b455a1a8f439818,2026-07-28T13:24:03+00:00,character-art,authoritative,MZ-CHAR-CHEEKY,,no,,none (byte-for-byte copy),"Approved character turnarounds, poses and expression sheets for all twelve canon characters. Opaque backgrounds; not composite-ready."
canon-characters,I:\MonkeyZoo Comic Strip\Fusion Squad\MonkeyZoo_Comic_Factory\03_APPROVED_CANON\approved_characters\cheeky\cheeky_24_thinking.png,source_material/imported_canon/approved_characters/cheeky/cheeky_24_thinking.png,cheeky_24_thinking.png,png,535142,403798bc78d1e55682bb80c008f585c69f516806e1322859f6eb27f42ab0161d,2026-07-28T13:24:03+00:00,character-art,authoritative,MZ-CHAR-CHEEKY,,no,,none (byte-for-byte copy),"Approved character turnarounds, poses and expression sheets for all twelve canon characters. Opaque backgrounds; not composite-ready."
canon-characters,I:\MonkeyZoo Comic Strip\Fusion Squad\MonkeyZoo_Comic_Factory\03_APPROVED_CANON\approved_characters\cheeky\cheeky_25_crouching.png,source_material/imported_canon/approved_characters/cheeky/cheeky_25_crouching.png,cheeky_25_crouching.png,png,570364,cd7eda85069a0979c485642f1f624c4a5526c30701bff7e6ff560818e2447fd1,2026-07-28T13:24:03+00:00,character-art,authoritative,MZ-CHAR-CHEEKY,,no,,none (byte-for-byte copy),"Approved character turnarounds, poses and expression sheets for all twelve canon characters. Opaque backgrounds; not composite-ready."
canon-characters,I:\MonkeyZoo Comic Strip\Fusion Squad\MonkeyZoo_Comic_Factory\03_APPROVED_CANON\approved_characters\cheeky\cheeky_26_reaching.png,source_material/imported_canon/approved_characters/cheeky/cheeky_26_reaching.png,cheeky_26_reaching.png,png,609417,eb8d0a0d2067747ca11ea4aaa61c1a1bf893a76f24e6311e9424c759221ff993,2026-07-28T13:24:03+00:00,character-art,authoritative,MZ-CHAR-CHEEKY,,no,,none (byte-for-byte copy),"Approved character turnarounds, poses and expression sheets for all twelve canon characters. Opaque backgrounds; not composite-ready."
canon-characters,I:\MonkeyZoo Comic Strip\Fusion Squad\MonkeyZoo_Comic_Factory\03_APPROVED_CANON\approved_characters\cheeky\cheeky_27_defeated.png,source_material/imported_canon/approved_characters/cheeky/cheeky_27_defeated.png,cheeky_27_defeated.png,png,411873,ba8e828c9882840fcc17241af1f1104643df2edb6d72e5be6884a61218114ef1,2026-07-28T13:24:03+00:00,character-art,authoritative,MZ-CHAR-CHEEKY,,no,,none (byte-for-byte copy),"Approved character turnarounds, poses and expression sheets for all twelve canon characters. Opaque backgrounds; not composite-ready."
canon-characters,I:\MonkeyZoo Comic Strip\Fusion Squad\MonkeyZoo_Comic_Factory\03_APPROVED_CANON\approved_characters\cheeky\cheeky_28_celebrating.png,source_material/imported_canon/approved_characters/cheeky/cheeky_28_celebrating.png,cheeky_28_celebrating.png,png,537563,e9f79d51046d79b45bb1e2cf55a16e5523404679c37bf1de3cddade5bf1e8a37,2026-07-28T13:24:03+00:00,character-art,authoritative,MZ-CHAR-CHEEKY,,no,,none (byte-for-byte copy),"Approved character turnarounds, poses and expression sheets for all twelve canon characters. Opaque backgrounds; not composite-ready."
canon-characters,I:\MonkeyZoo Comic Strip\Fusion Squad\MonkeyZoo_Comic_Factory\03_APPROVED_CANON\approved_characters\cheeky\cheeky_29_lookingup.png,source_material/imported_canon/approved_characters/cheeky/cheeky_29_lookingup.png,cheeky_29_lookingup.png,png,516400,25abb6249cf8860d0cdcfa0c266cc1f598c2abaf44a88bd340245631b406a059,2026-07-28T13:24:03+00:00,character-art,authoritative,MZ-CHAR-CHEEKY,,no,,none (byte-for-byte copy),"Approved character turnarounds, poses and expression sheets for all twelve canon characters. Opaque backgrounds; not composite-ready."
canon-characters,I:\MonkeyZoo Comic Strip\Fusion Squad\MonkeyZoo_Comic_Factory\03_APPROVED_CANON\approved_characters\cheeky\cheeky_30_backview.png,source_material/imported_canon/approved_characters/cheeky/cheeky_30_backview.png,cheeky_30_backview.png,png,387859,c2698257887034b04795a1cacc1bdca40057b192e6ff9812cb95e8d81667b2ff,2026-07-28T13:24:03+00:00,character-art,authoritative,MZ-CHAR-CHEEKY,,no,,none (byte-for-byte copy),"Approved character turnarounds, poses and expression sheets for all twelve canon characters. Opaque backgrounds; not composite-ready."
canon-characters,I:\MonkeyZoo Comic Strip\Fusion Squad\MonkeyZoo_Comic_Factory\03_APPROVED_CANON\approved_characters\cheeky\source_images\Cartoon_Monkey_51_in_Teal_Shorts-removebg-preview.png,source_material/imported_canon/approved_characters/cheeky/source_images/Cartoon_Monkey_51_in_Teal_Shorts-removebg-preview.png,Cartoon_Monkey_51_in_Teal_Shorts-removebg-preview.png,png,150072,e870b5b72ab71eb2423287bdabe1585a4dc3ad0b16883ef244da5b26aafc5e66,2026-07-28T13:24:03+00:00,character-art,authoritative,MZ-CHAR-CHEEKY,,no,,none (byte-for-byte copy),"Approved character turnarounds, poses and expression sheets for all twelve canon characters. Opaque backgrounds; not composite-ready."
canon-characters,I:\MonkeyZoo Comic Strip\Fusion Squad\MonkeyZoo_Comic_Factory\03_APPROVED_CANON\approved_characters\cheeky\source_images\Cartoon_Monkey_No51_in_Teal_Shorts.png,source_material/imported_canon/approved_characters/cheeky/source_images/Cartoon_Monkey_No51_in_Teal_Shorts.png,Cartoon_Monkey_No51_in_Teal_Shorts.png,png,1595759,475d28ea375778343e837dfa3fe0d0eaef672e69fe25776a1aca9e159296bdd7,2026-07-28T13:24:03+00:00,character-art,authoritative,MZ-CHAR-CHEEKY,,no,,none (byte-for-byte copy),"Approved character turnarounds, poses and expression sheets for all twelve canon characters. Opaque backgrounds; not composite-ready."
canon-characters,I:\MonkeyZoo Comic Strip\Fusion Squad\MonkeyZoo_Comic_Factory\03_APPROVED_CANON\approved_characters\cheeky\source_images\cheeky.png,source_material/imported_canon/approved_characters/cheeky/source_images/cheeky.png,cheeky.png,png,488389,cc56074631c04562a4a2e5b542d8da9f20f76adac834a07fe08d4d751a056417,2026-07-28T13:24:03+00:00,character-art,authoritative,MZ-CHAR-CHEEKY,,no,,none (byte-for-byte copy),"Approved character turnarounds, poses and expression sheets for all twelve canon characters. Opaque backgrounds; not composite-ready."
canon-characters,I:\MonkeyZoo Comic Strip\Fusion Squad\MonkeyZoo_Comic_Factory\03_APPROVED_CANON\approved_characters\clever\clever_00_clean_base.png,source_material/imported_canon/approved_characters/clever/clever_00_clean_base.png,clever_00_clean_base.png,png,560329,13c0bf6292d9453517d07925a7bc4f8e2c4bb3d8f231572e7a89771fd5f3c21c,2026-07-28T13:24:03+00:00,character-art,authoritative,MZ-CHAR-CLEVER,,no,,none (byte-for-byte copy),"Approved character turnarounds, poses and expression sheets for all twelve canon characters. Opaque backgrounds; not composite-ready."
canon-characters,I:\MonkeyZoo Comic Strip\Fusion Squad\MonkeyZoo_Comic_Factory\03_APPROVED_CANON\approved_characters\clever\clever_01_neutral.png,source_material/imported_canon/approved_characters/clever/clever_01_neutral.png,clever_01_neutral.png,png,560329,13c0bf6292d9453517d07925a7bc4f8e2c4bb3d8f231572e7a89771fd5f3c21c,2026-07-28T13:24:03+00:00,character-art,authoritative,MZ-CHAR-CLEVER,,no,source_material/imported_canon/approved_characters/clever/clever_00_clean_base.png,none (byte-for-byte copy),"Approved character turnarounds, poses and expression sheets for all twelve canon characters. Opaque backgrounds; not composite-ready."
canon-characters,I:\MonkeyZoo Comic Strip\Fusion Squad\MonkeyZoo_Comic_Factory\03_APPROVED_CANON\approved_characters\clever\clever_02_threeqtr.png,source_material/imported_canon/approved_characters/clever/clever_02_threeqtr.png,clever_02_threeqtr.png,png,685787,138fcf98ca458145d8646e2fe2936f919ca237f7d5ac80951aa5f09b36b527b9,2026-07-28T13:24:03+00:00,character-art,authoritative,MZ-CHAR-CLEVER,,no,,none (byte-for-byte copy),"Approved character turnarounds, poses and expression sheets for all twelve canon characters. Opaque backgrounds; not composite-ready."
canon-characters,I:\MonkeyZoo Comic Strip\Fusion Squad\MonkeyZoo_Comic_Factory\03_APPROVED_CANON\approved_characters\clever\clever_03_profile.png,source_material/imported_canon/approved_characters/clever/clever_03_profile.png,clever_03_profile.png,png,631465,e4c02f08572f0f9a1c39ff29a622081a372eb092419eb722e5e4014555028b22,2026-07-28T13:24:03+00:00,character-art,authoritative,MZ-CHAR-CLEVER,,no,,none (byte-for-byte copy),"Approved character turnarounds, poses and expression sheets for all twelve canon characters. Opaque backgrounds; not composite-ready."
canon-characters,I:\MonkeyZoo Comic Strip\Fusion Squad\MonkeyZoo_Comic_Factory\03_APPROVED_CANON\approved_characters\clever\clever_04_overshoulder.png,source_material/imported_canon/approved_characters/clever/clever_04_overshoulder.png,clever_04_overshoulder.png,png,671958,8b159b8e8061d8602a015606ad67a760933b10d2af0af8387346c0cdf6974181,2026-07-28T13:24:03+00:00,character-art,authoritative,MZ-CHAR-CLEVER,,no,,none (byte-for-byte copy),"Approved character turnarounds, poses and expression sheets for all twelve canon characters. Opaque backgrounds; not composite-ready."
canon-characters,I:\MonkeyZoo Comic Strip\Fusion Squad\MonkeyZoo_Comic_Factory\03_APPROVED_CANON\approved_characters\clever\clever_05_portrait.png,source_material/imported_canon/approved_characters/clever/clever_05_portrait.png,clever_05_portrait.png,png,548143,04353ebd25eb8f8103ac2fb485f66cfb2bcf045ace19f975ff3d7be9add33088,2026-07-28T13:24:03+00:00,character-art,authoritative,MZ-CHAR-CLEVER,,no,,none (byte-for-byte copy),"Approved character turnarounds, poses and expression sheets for all twelve canon characters. Opaque backgrounds; not composite-ready."
canon-characters,I:\MonkeyZoo Comic Strip\Fusion Squad\MonkeyZoo_Comic_Factory\03_APPROVED_CANON\approved_characters\clever\clever_06_angry.png,source_material/imported_canon/approved_characters/clever/clever_06_angry.png,clever_06_angry.png,png,734536,8e204d4ddb51a4b04812badd947fc9e0b5771ce17ab2441d2967c6a042a9fea0,2026-07-28T13:24:03+00:00,character-art,authoritative,MZ-CHAR-CLEVER,,no,,none (byte-for-byte copy),"Approved character turnarounds, poses and expression sheets for all twelve canon characters. Opaque backgrounds; not composite-ready."
canon-characters,I:\MonkeyZoo Comic Strip\Fusion Squad\MonkeyZoo_Comic_Factory\03_APPROVED_CANON\approved_characters\clever\clever_07_sad.png,source_material/imported_canon/approved_characters/clever/clever_07_sad.png,clever_07_sad.png,png,752615,811c6e188a4bd14c7c221f8cca6b3c0a841fc86a369ffe9ada07f30160d5474d,2026-07-28T13:24:03+00:00,character-art,authoritative,MZ-CHAR-CLEVER,,no,,none (byte-for-byte copy),"Approved character turnarounds, poses and expression sheets for all twelve canon characters. Opaque backgrounds; not composite-ready."
canon-characters,I:\MonkeyZoo Comic Strip\Fusion Squad\MonkeyZoo_Comic_Factory\03_APPROVED_CANON\approved_characters\clever\clever_08_shocked.png,source_material/imported_canon/approved_characters/clever/clever_08_shocked.png,clever_08_shocked.png,png,756754,fff165adf89d84151a6c41f4b1b29fc4464df995007ad5eb8e9d0d0b23941ffe,2026-07-28T13:24:03+00:00,character-art,authoritative,MZ-CHAR-CLEVER,,no,,none (byte-for-byte copy),"Approved character turnarounds, poses and expression sheets for all twelve canon characters. Opaque backgrounds; not composite-ready."
canon-characters,I:\MonkeyZoo Comic Strip\Fusion Squad\MonkeyZoo_Comic_Factory\03_APPROVED_CANON\approved_characters\clever\clever_09_smile.png,source_material/imported_canon/approved_characters/clever/clever_09_smile.png,clever_09_smile.png,png,723650,289a1ed0ff93a6a639e8b151adc5923cb3f523f505c89b73aa41f1946aae1469,2026-07-28T13:24:03+00:00,character-art,authoritative,MZ-CHAR-CLEVER,,no,,none (byte-for-byte copy),"Approved character turnarounds, poses and expression sheets for all twelve canon characters. Opaque backgrounds; not composite-ready."
canon-characters,I:\MonkeyZoo Comic Strip\Fusion Squad\MonkeyZoo_Comic_Factory\03_APPROVED_CANON\approved_characters\clever\clever_10_walking.png,source_material/imported_canon/approved_characters/clever/clever_10_walking.png,clever_10_walking.png,png,711224,7ca3e8b3dfce3dadccfa309671de9082589e6932945a23071df54cd28c11a441,2026-07-28T13:24:03+00:00,character-art,authoritative,MZ-CHAR-CLEVER,,no,,none (byte-for-byte copy),"Approved character turnarounds, poses and expression sheets for all twelve canon characters. Opaque backgrounds; not composite-ready."
canon-characters,I:\MonkeyZoo Comic Strip\Fusion Squad\MonkeyZoo_Comic_Factory\03_APPROVED_CANON\approved_characters\clever\clever_11_armscrossed.png,source_material/imported_canon/approved_characters/clever/clever_11_armscrossed.png,clever_11_armscrossed.png,png,683514,bb7b8d692d93c86587de4823ce8d57074874dbb155655b73225f804576ebf7eb,2026-07-28T13:24:03+00:00,character-art,authoritative,MZ-CHAR-CLEVER,,no,,none (byte-for-byte copy),"Approved character turnarounds, poses and expression sheets for all twelve canon characters. Opaque backgrounds; not composite-ready."
canon-characters,I:\MonkeyZoo Comic Strip\Fusion Squad\MonkeyZoo_Comic_Factory\03_APPROVED_CANON\approved_characters\clever\clever_12_sitting.png,source_material/imported_canon/approved_characters/clever/clever_12_sitting.png,clever_12_sitting.png,png,698163,e96d36495cbc6e9fdc7c1e40d8724f839c5c9ee48c64cc0c5f39012bb60cd9e5,2026-07-28T13:24:03+00:00,character-art,authoritative,MZ-CHAR-CLEVER,,no,,none (byte-for-byte copy),"Approved character turnarounds, poses and expression sheets for all twelve canon characters. Opaque backgrounds; not composite-ready."
canon-characters,I:\MonkeyZoo Comic Strip\Fusion Squad\MonkeyZoo_Comic_Factory\03_APPROVED_CANON\approved_characters\clever\clever_13_pointing.png,source_material/imported_canon/approved_characters/clever/clever_13_pointing.png,clever_13_pointing.png,png,719697,6f0639e213fc0825d3f68dd9eb52f2e7cce447d5633a0ca11883cf127bc162af,2026-07-28T13:24:03+00:00,character-art,authoritative,MZ-CHAR-CLEVER,,no,,none (byte-for-byte copy),"Approved character turnarounds, poses and expression sheets for all twelve canon characters. Opaque backgrounds; not composite-ready."
canon-characters,I:\MonkeyZoo Comic Strip\Fusion Squad\MonkeyZoo_Comic_Factory\03_APPROVED_CANON\approved_characters\clever\clever_14_shout.png,source_material/imported_canon/approved_characters/clever/clever_14_shout.png,clever_14_shout.png,png,715597,71d81d13177899184429b947d9516e70644d3ff1735e6402ac286640ae6d43c2,2026-07-28T13:24:03+00:00,character-art,authoritative,MZ-CHAR-CLEVER,,no,,none (byte-for-byte copy),"Approved character turnarounds, poses and expression sheets for all twelve canon characters. Opaque backgrounds; not composite-ready."
canon-characters,I:\MonkeyZoo Comic Strip\Fusion Squad\MonkeyZoo_Comic_Factory\03_APPROVED_CANON\approved_characters\clever\clever_15_laughing.png,source_material/imported_canon/approved_characters/clever/clever_15_laughing.png,clever_15_laughing.png,png,762742,62a59bfe0244bf77e191f5e258ef361ee6fc4e48770a0bff47a484273856973b,2026-07-28T13:24:03+00:00,character-art,authoritative,MZ-CHAR-CLEVER,,no,,none (byte-for-byte copy),"Approved character turnarounds, poses and expression sheets for all twelve canon characters. Opaque backgrounds; not composite-ready."
canon-characters,I:\MonkeyZoo Comic Strip\Fusion Squad\MonkeyZoo_Comic_Factory\03_APPROVED_CANON\approved_characters\clever\clever_16_worried.png,source_material/imported_canon/approved_characters/clever/clever_16_worried.png,clever_16_worried.png,png,680853,5c62052367acf58e92fd6c474735e90fc577ca0bef7878895b0a5974454d0a83,2026-07-28T13:24:03+00:00,character-art,authoritative,MZ-CHAR-CLEVER,,no,,none (byte-for-byte copy),"Approved character turnarounds, poses and expression sheets for all twelve canon characters. Opaque backgrounds; not composite-ready."
canon-characters,I:\MonkeyZoo Comic Strip\Fusion Squad\MonkeyZoo_Comic_Factory\03_APPROVED_CANON\approved_characters\clever\clever_17_disgusted.png,source_material/imported_canon/approved_characters/clever/clever_17_disgusted.png,clever_17_disgusted.png,png,764037,785886361d36cc7ca6c8bf7edbb0e504e0787b40361e241d5366d2646eafd3d8,2026-07-28T13:24:03+00:00,character-art,authoritative,MZ-CHAR-CLEVER,,no,,none (byte-for-byte copy),"Approved character turnarounds, poses and expression sheets for all twelve canon characters. Opaque backgrounds; not composite-ready."
canon-characters,I:\MonkeyZoo Comic Strip\Fusion Squad\MonkeyZoo_Comic_Factory\03_APPROVED_CANON\approved_characters\clever\clever_18_sleepy.png,source_material/imported_canon/approved_characters/clever/clever_18_sleepy.png,clever_18_sleepy.png,png,721826,3eca862d12d7658ff8f1913b446f09f7f484a03fbea4b692ee83b1e44bdf2c50,2026-07-28T13:24:03+00:00,character-art,authoritative,MZ-CHAR-CLEVER,,no,,none (byte-for-byte copy),"Approved character turnarounds, poses and expression sheets for all twelve canon characters. Opaque backgrounds; not composite-ready."
canon-characters,I:\MonkeyZoo Comic Strip\Fusion Squad\MonkeyZoo_Comic_Factory\03_APPROVED_CANON\approved_characters\clever\clever_19_determined.png,source_material/imported_canon/approved_characters/clever/clever_19_determined.png,clever_19_determined.png,png,708298,cb9772671f11d0b11fcffafea28db786ca6f8bb2f541ad63bc88623bb74c779d,2026-07-28T13:24:03+00:00,character-art,authoritative,MZ-CHAR-CLEVER,,no,,none (byte-for-byte copy),"Approved character turnarounds, poses and expression sheets for all twelve canon characters. Opaque backgrounds; not composite-ready."
canon-characters,I:\MonkeyZoo Comic Strip\Fusion Squad\MonkeyZoo_Comic_Factory\03_APPROVED_CANON\approved_characters\clever\clever_20_confused.png,source_material/imported_canon/approved_characters/clever/clever_20_confused.png,clever_20_confused.png,png,719514,535f66dfbfee4b50f63a87a99e6e1d833c07932794533e4ac3519cc0998deb6f,2026-07-28T13:24:03+00:00,character-art,authoritative,MZ-CHAR-CLEVER,,no,,none (byte-for-byte copy),"Approved character turnarounds, poses and expression sheets for all twelve canon characters. Opaque backgrounds; not composite-ready."
canon-characters,I:\MonkeyZoo Comic Strip\Fusion Squad\MonkeyZoo_Comic_Factory\03_APPROVED_CANON\approved_characters\clever\clever_21_running.png,source_material/imported_canon/approved_characters/clever/clever_21_running.png,clever_21_running.png,png,692639,5fc3af9bbd7e3dccb1c4af95caa7f2272e44537d9b038a2f8bf929a85af85c27,2026-07-28T13:24:03+00:00,character-art,authoritative,MZ-CHAR-CLEVER,,no,,none (byte-for-byte copy),"Approved character turnarounds, poses and expression sheets for all twelve canon characters. Opaque backgrounds; not composite-ready."
canon-characters,I:\MonkeyZoo Comic Strip\Fusion Squad\MonkeyZoo_Comic_Factory\03_APPROVED_CANON\approved_characters\clever\clever_22_jumping.png,source_material/imported_canon/approved_characters/clever/clever_22_jumping.png,clever_22_jumping.png,png,738365,e26460d918196a39d1bb7ab9187bc6a5d2efdf1310abfe10588c230c7a3e7412,2026-07-28T13:24:03+00:00,character-art,authoritative,MZ-CHAR-CLEVER,,no,,none (byte-for-byte copy),"Approved character turnarounds, poses and expression sheets for all twelve canon characters. Opaque backgrounds; not composite-ready."
canon-characters,I:\MonkeyZoo Comic Strip\Fusion Squad\MonkeyZoo_Comic_Factory\03_APPROVED_CANON\approved_characters\clever\clever_23_waving.png,source_material/imported_canon/approved_characters/clever/clever_23_waving.png,clever_23_waving.png,png,729426,f2554148282f45df67194b52d4fb6748583a3dfc93c2350ad656cceb599d983d,2026-07-28T13:24:03+00:00,character-art,authoritative,MZ-CHAR-CLEVER,,no,,none (byte-for-byte copy),"Approved character turnarounds, poses and expression sheets for all twelve canon characters. Opaque backgrounds; not composite-ready."
canon-characters,I:\MonkeyZoo Comic Strip\Fusion Squad\MonkeyZoo_Comic_Factory\03_APPROVED_CANON\approved_characters\clever\clever_24_thinking.png,source_material/imported_canon/approved_characters/clever/clever_24_thinking.png,clever_24_thinking.png,png,698241,67a2f8a32a4a5b4f617b371acf5b52814a98228ec030286c195bf16a999dca24,2026-07-28T13:24:03+00:00,character-art,authoritative,MZ-CHAR-CLEVER,,no,,none (byte-for-byte copy),"Approved character turnarounds, poses and expression sheets for all twelve canon characters. Opaque backgrounds; not composite-ready."
canon-characters,I:\MonkeyZoo Comic Strip\Fusion Squad\MonkeyZoo_Comic_Factory\03_APPROVED_CANON\approved_characters\clever\clever_25_crouching.png,source_material/imported_canon/approved_characters/clever/clever_25_crouching.png,clever_25_crouching.png,png,697045,cf1ea64e06eefc09cfa1decee3c01c911f953e8f11c481619fe912f3c8e5c9e4,2026-07-28T13:24:03+00:00,character-art,authoritative,MZ-CHAR-CLEVER,,no,,none (byte-for-byte copy),"Approved character turnarounds, poses and expression sheets for all twelve canon characters. Opaque backgrounds; not composite-ready."
canon-characters,I:\MonkeyZoo Comic Strip\Fusion Squad\MonkeyZoo_Comic_Factory\03_APPROVED_CANON\approved_characters\clever\clever_26_reaching.png,source_material/imported_canon/approved_characters/clever/clever_26_reaching.png,clever_26_reaching.png,png,689614,1d9896e46e0845d9eb42e6b2c2ef6bf2687fa57e8fc7a9e7056189d0c5d5cb21,2026-07-28T13:24:03+00:00,character-art,authoritative,MZ-CHAR-CLEVER,,no,,none (byte-for-byte copy),"Approved character turnarounds, poses and expression sheets for all twelve canon characters. Opaque backgrounds; not composite-ready."
canon-characters,I:\MonkeyZoo Comic Strip\Fusion Squad\MonkeyZoo_Comic_Factory\03_APPROVED_CANON\approved_characters\clever\clever_27_defeated.png,source_material/imported_canon/approved_characters/clever/clever_27_defeated.png,clever_27_defeated.png,png,653217,094171692f58e605d764142f47f701a0fd95c6be0d0b00e31bdc774fcb5462a3,2026-07-28T13:24:03+00:00,character-art,authoritative,MZ-CHAR-CLEVER,,no,,none (byte-for-byte copy),"Approved character turnarounds, poses and expression sheets for all twelve canon characters. Opaque backgrounds; not composite-ready."
canon-characters,I:\MonkeyZoo Comic Strip\Fusion Squad\MonkeyZoo_Comic_Factory\03_APPROVED_CANON\approved_characters\clever\clever_28_celebrating.png,source_material/imported_canon/approved_characters/clever/clever_28_celebrating.png,clever_28_celebrating.png,png,730693,d836128fd75d306cf6f78194a459a26a450e9ebc7848bcd18333f5b98c486fa7,2026-07-28T13:24:03+00:00,character-art,authoritative,MZ-CHAR-CLEVER,,no,,none (byte-for-byte copy),"Approved character turnarounds, poses and expression sheets for all twelve canon characters. Opaque backgrounds; not composite-ready."
canon-characters,I:\MonkeyZoo Comic Strip\Fusion Squad\MonkeyZoo_Comic_Factory\03_APPROVED_CANON\approved_characters\clever\clever_29_lookingup.png,source_material/imported_canon/approved_characters/clever/clever_29_lookingup.png,clever_29_lookingup.png,png,669190,53d57910f68b201b1fdc11a5fada04930b08c135b01f68335f27dc1ad864f6ae,2026-07-28T13:24:03+00:00,character-art,authoritative,MZ-CHAR-CLEVER,,no,,none (byte-for-byte copy),"Approved character turnarounds, poses and expression sheets for all twelve canon characters. Opaque backgrounds; not composite-ready."
canon-characters,I:\MonkeyZoo Comic Strip\Fusion Squad\MonkeyZoo_Comic_Factory\03_APPROVED_CANON\approved_characters\clever\clever_30_backview.png,source_material/imported_canon/approved_characters/clever/clever_30_backview.png,clever_30_backview.png,png,612537,18744d89d7cff6affc1adcba986beb5ed09ad712fd09bd277fbb8c72e949cdb7,2026-07-28T13:24:03+00:00,character-art,authoritative,MZ-CHAR-CLEVER,,no,,none (byte-for-byte copy),"Approved character turnarounds, poses and expression sheets for all twelve canon characters. Opaque backgrounds; not composite-ready."
canon-characters,I:\MonkeyZoo Comic Strip\Fusion Squad\MonkeyZoo_Comic_Factory\03_APPROVED_CANON\approved_characters\clever\source_images\Cartoon_Monkey_with_Pi_Shirt-removebg-preview.png,source_material/imported_canon/approved_characters/clever/source_images/Cartoon_Monkey_with_Pi_Shirt-removebg-preview.png,Cartoon_Monkey_with_Pi_Shirt-removebg-preview.png,png,178914,b691eb7cdf0b97a07d30c2c41067e22ef2fe7569bdc2d5341f6c84c15e9ea246,2026-07-28T13:24:03+00:00,character-art,authoritative,MZ-CHAR-CLEVER,,no,,none (byte-for-byte copy),"Approved character turnarounds, poses and expression sheets for all twelve canon characters. Opaque backgrounds; not composite-ready."
canon-characters,I:\MonkeyZoo Comic Strip\Fusion Squad\MonkeyZoo_Comic_Factory\03_APPROVED_CANON\approved_characters\clever\source_images\Cartoon_Monkey_with_Pi_Shirt.png,source_material/imported_canon/approved_characters/clever/source_images/Cartoon_Monkey_with_Pi_Shirt.png,Cartoon_Monkey_with_Pi_Shirt.png,png,1820164,9640e0051e0496c856e2ffc4ca13ae071a84e84ff5ef21b96c8a7bb4a1e0841f,2026-07-28T13:24:03+00:00,character-art,authoritative,MZ-CHAR-CLEVER,,no,,none (byte-for-byte copy),"Approved character turnarounds, poses and expression sheets for all twelve canon characters. Opaque backgrounds; not composite-ready."
canon-characters,I:\MonkeyZoo Comic Strip\Fusion Squad\MonkeyZoo_Comic_Factory\03_APPROVED_CANON\approved_characters\clever\source_images\clever.png,source_material/imported_canon/approved_characters/clever/source_images/clever.png,clever.png,png,3068240,d4f5fe475862ecd9bca1494bf02bdcbf486b1f0813b6dcf760efc3e600beec46,2026-07-28T13:24:03+00:00,character-art,authoritative,MZ-CHAR-CLEVER,,no,,none (byte-for-byte copy),"Approved character turnarounds, poses and expression sheets for all twelve canon characters. Opaque backgrounds; not composite-ready."
canon-characters,I:\MonkeyZoo Comic Strip\Fusion Squad\MonkeyZoo_Comic_Factory\03_APPROVED_CANON\approved_characters\clever\source_images\Cool_Cartoon_Monkey_Character-removebg-preview.png,source_material/imported_canon/approved_characters/clever/source_images/Cool_Cartoon_Monkey_Character-removebg-preview.png,Cool_Cartoon_Monkey_Character-removebg-preview.png,png,111183,7955bc0e062d062c61635ea6fb4fe3cd85607ddb92f14ce4b423eb0e55a30bc8,2026-07-28T13:24:03+00:00,character-art,authoritative,MZ-CHAR-CLEVER,,no,,none (byte-for-byte copy),"Approved character turnarounds, poses and expression sheets for all twelve canon characters. Opaque backgrounds; not composite-ready."
canon-characters,I:\MonkeyZoo Comic Strip\Fusion Squad\MonkeyZoo_Comic_Factory\03_APPROVED_CANON\approved_characters\clever\source_images\Cool_Cartoon_Monkey_Character.png,source_material/imported_canon/approved_characters/clever/source_images/Cool_Cartoon_Monkey_Character.png,Cool_Cartoon_Monkey_Character.png,png,1671931,1ff32a6ce8aab749c8b900cda67bf06fd64dccc538709fc02da7fc74068ef759,2026-07-28T13:24:03+00:00,character-art,authoritative,MZ-CHAR-CLEVER,,no,,none (byte-for-byte copy),"Approved character turnarounds, poses and expression sheets for all twelve canon characters. Opaque backgrounds; not composite-ready."
canon-characters,I:\MonkeyZoo Comic Strip\Fusion Squad\MonkeyZoo_Comic_Factory\03_APPROVED_CANON\approved_characters\emo\emo_00_clean_base.png,source_material/imported_canon/approved_characters/emo/emo_00_clean_base.png,emo_00_clean_base.png,png,271370,f75b600f7495897a1f4ebb475ce614a58a6f0192b90287a9f367f9ff198a45ef,2026-07-28T13:24:03+00:00,character-art,authoritative,MZ-CHAR-EMO,,no,,none (byte-for-byte copy),"Approved character turnarounds, poses and expression sheets for all twelve canon characters. Opaque backgrounds; not composite-ready."
canon-characters,I:\MonkeyZoo Comic Strip\Fusion Squad\MonkeyZoo_Comic_Factory\03_APPROVED_CANON\approved_characters\emo\emo_01_neutral.png,source_material/imported_canon/approved_characters/emo/emo_01_neutral.png,emo_01_neutral.png,png,271370,f75b600f7495897a1f4ebb475ce614a58a6f0192b90287a9f367f9ff198a45ef,2026-07-28T13:24:03+00:00,character-art,authoritative,MZ-CHAR-EMO,,no,source_material/imported_canon/approved_characters/emo/emo_00_clean_base.png,none (byte-for-byte copy),"Approved character turnarounds, poses and expression sheets for all twelve canon characters. Opaque backgrounds; not composite-ready."
canon-characters,I:\MonkeyZoo Comic Strip\Fusion Squad\MonkeyZoo_Comic_Factory\03_APPROVED_CANON\approved_characters\emo\emo_02_threeqtr.png,source_material/imported_canon/approved_characters/emo/emo_02_threeqtr.png,emo_02_threeqtr.png,png,301889,3a7a8c6cd8f2b5ee24c4522af73a1a22111f035d49828c3e85b97df92134cb5b,2026-07-28T13:24:03+00:00,character-art,authoritative,MZ-CHAR-EMO,,no,,none (byte-for-byte copy),"Approved character turnarounds, poses and expression sheets for all twelve canon characters. Opaque backgrounds; not composite-ready."
canon-characters,I:\MonkeyZoo Comic Strip\Fusion Squad\MonkeyZoo_Comic_Factory\03_APPROVED_CANON\approved_characters\emo\emo_03_profile.png,source_material/imported_canon/approved_characters/emo/emo_03_profile.png,emo_03_profile.png,png,293401,52a538d34c81268bf7792d5bc22e6b21a9d6f3ad9668f35ed5d1caf117a1e826,2026-07-28T13:24:03+00:00,character-art,authoritative,MZ-CHAR-EMO,,no,,none (byte-for-byte copy),"Approved character turnarounds, poses and expression sheets for all twelve canon characters. Opaque backgrounds; not composite-ready."
canon-characters,I:\MonkeyZoo Comic Strip\Fusion Squad\MonkeyZoo_Comic_Factory\03_APPROVED_CANON\approved_characters\emo\emo_04_overshoulder.png,source_material/imported_canon/approved_characters/emo/emo_04_overshoulder.png,emo_04_overshoulder.png,png,316375,d15d434d1caa0afa8378809e44525b1fa3846c5a4b29011074872040c7f3d725,2026-07-28T13:24:03+00:00,character-art,authoritative,MZ-CHAR-EMO,,no,,none (byte-for-byte copy),"Approved character turnarounds, poses and expression sheets for all twelve canon characters. Opaque backgrounds; not composite-ready."
canon-characters,I:\MonkeyZoo Comic Strip\Fusion Squad\MonkeyZoo_Comic_Factory\03_APPROVED_CANON\approved_characters\emo\emo_05_portrait.png,source_material/imported_canon/approved_characters/emo/emo_05_portrait.png,emo_05_portrait.png,png,292389,d4ee07f48547a6fb55bea634fbf11bc3eef2feeaff1255c3580768e2cb089692,2026-07-28T13:24:03+00:00,character-art,authoritative,MZ-CHAR-EMO,,no,,none (byte-for-byte copy),"Approved character turnarounds, poses and expression sheets for all twelve canon characters. Opaque backgrounds; not composite-ready."
canon-characters,I:\MonkeyZoo Comic Strip\Fusion Squad\MonkeyZoo_Comic_Factory\03_APPROVED_CANON\approved_characters\emo\emo_06_angry.png,source_material/imported_canon/approved_characters/emo/emo_06_angry.png,emo_06_angry.png,png,405131,9c47ccb1fb24b30d4046db7c0b1a57fab2dbb6e8dedcd662c325ad79c35ef7fe,2026-07-28T13:24:03+00:00,character-art,authoritative,MZ-CHAR-EMO,,no,,none (byte-for-byte copy),"Approved character turnarounds, poses and expression sheets for all twelve canon characters. Opaque backgrounds; not composite-ready."
canon-characters,I:\MonkeyZoo Comic Strip\Fusion Squad\MonkeyZoo_Comic_Factory\03_APPROVED_CANON\approved_characters\emo\emo_07_sad.png,source_material/imported_canon/approved_characters/emo/emo_07_sad.png,emo_07_sad.png,png,347187,7c74eb13123d074b150246d4cd91495107360a61d4203092903fa921e6874d52,2026-07-28T13:24:03+00:00,character-art,authoritative,MZ-CHAR-EMO,,no,,none (byte-for-byte copy),"Approved character turnarounds, poses and expression sheets for all twelve canon characters. Opaque backgrounds; not composite-ready."
canon-characters,I:\MonkeyZoo Comic Strip\Fusion Squad\MonkeyZoo_Comic_Factory\03_APPROVED_CANON\approved_characters\emo\emo_08_shocked.png,source_material/imported_canon/approved_characters/emo/emo_08_shocked.png,emo_08_shocked.png,png,362484,2356159757080f9c3f059d99a3e0a3a63327e0e46abb0b7b94f7cb8e23dbce2d,2026-07-28T13:24:03+00:00,character-art,authoritative,MZ-CHAR-EMO,,no,,none (byte-for-byte copy),"Approved character turnarounds, poses and expression sheets for all twelve canon characters. Opaque backgrounds; not composite-ready."
canon-characters,I:\MonkeyZoo Comic Strip\Fusion Squad\MonkeyZoo_Comic_Factory\03_APPROVED_CANON\approved_characters\emo\emo_09_smile.png,source_material/imported_canon/approved_characters/emo/emo_09_smile.png,emo_09_smile.png,png,337368,42203f592636cbed4b23b4cc6c2199620746468952e94aecf07d4be286f1ca27,2026-07-28T13:24:03+00:00,character-art,authoritative,MZ-CHAR-EMO,,no,,none (byte-for-byte copy),"Approved character turnarounds, poses and expression sheets for all twelve canon characters. Opaque backgrounds; not composite-ready."
canon-characters,I:\MonkeyZoo Comic Strip\Fusion Squad\MonkeyZoo_Comic_Factory\03_APPROVED_CANON\approved_characters\emo\emo_10_walking.png,source_material/imported_canon/approved_characters/emo/emo_10_walking.png,emo_10_walking.png,png,349284,ab813c774dd8daafd45717ddf4e5c03e010f0ad4d786d69c536ef56fb290f7db,2026-07-28T13:24:03+00:00,character-art,authoritative,MZ-CHAR-EMO,,no,,none (byte-for-byte copy),"Approved character turnarounds, poses and expression sheets for all twelve canon characters. Opaque backgrounds; not composite-ready."
canon-characters,I:\MonkeyZoo Comic Strip\Fusion Squad\MonkeyZoo_Comic_Factory\03_APPROVED_CANON\approved_characters\emo\emo_11_armscrossed.png,source_material/imported_canon/approved_characters/emo/emo_11_armscrossed.png,emo_11_armscrossed.png,png,325658,7da11e0b1df3d352e82a56c2aaac7991035020e05b764e57c0731526e95e9560,2026-07-28T13:24:03+00:00,character-art,authoritative,MZ-CHAR-EMO,,no,,none (byte-for-byte copy),"Approved character turnarounds, poses and expression sheets for all twelve canon characters. Opaque backgrounds; not composite-ready."
canon-characters,I:\MonkeyZoo Comic Strip\Fusion Squad\MonkeyZoo_Comic_Factory\03_APPROVED_CANON\approved_characters\emo\emo_12_sitting.png,source_material/imported_canon/approved_characters/emo/emo_12_sitting.png,emo_12_sitting.png,png,319148,42b50e8432cf0303203d82dbd9e867ae44c87bdb631e26d184402389df8f60c9,2026-07-28T13:24:03+00:00,character-art,authoritative,MZ-CHAR-EMO,,no,,none (byte-for-byte copy),"Approved character turnarounds, poses and expression sheets for all twelve canon characters. Opaque backgrounds; not composite-ready."
canon-characters,I:\MonkeyZoo Comic Strip\Fusion Squad\MonkeyZoo_Comic_Factory\03_APPROVED_CANON\approved_characters\emo\emo_13_pointing.png,source_material/imported_canon/approved_characters/emo/emo_13_pointing.png,emo_13_pointing.png,png,341886,6338f0e2b373ff185117c4b7acf40989e4844138706e8c067f6d3e08c4788500,2026-07-28T13:24:03+00:00,character-art,authoritative,MZ-CHAR-EMO,,no,,none (byte-for-byte copy),"Approved character turnarounds, poses and expression sheets for all twelve canon characters. Opaque backgrounds; not composite-ready."
canon-characters,I:\MonkeyZoo Comic Strip\Fusion Squad\MonkeyZoo_Comic_Factory\03_APPROVED_CANON\approved_characters\emo\emo_14_shout.png,source_material/imported_canon/approved_characters/emo/emo_14_shout.png,emo_14_shout.png,png,365525,97db364b67533541c800578cd6d577cec7ac55a2ad27811101e37461f9be8fcd,2026-07-28T13:24:03+00:00,character-art,authoritative,MZ-CHAR-EMO,,no,,none (byte-for-byte copy),"Approved character turnarounds, poses and expression sheets for all twelve canon characters. Opaque backgrounds; not composite-ready."
canon-characters,I:\MonkeyZoo Comic Strip\Fusion Squad\MonkeyZoo_Comic_Factory\03_APPROVED_CANON\approved_characters\emo\emo_15_laughing.png,source_material/imported_canon/approved_characters/emo/emo_15_laughing.png,emo_15_laughing.png,png,345966,6e4a97f9400e0ffff44d0f13d9b08f6005cd78a1f3c32c5e7e851e7a89fb425e,2026-07-28T13:24:03+00:00,character-art,authoritative,MZ-CHAR-EMO,,no,,none (byte-for-byte copy),"Approved character turnarounds, poses and expression sheets for all twelve canon characters. Opaque backgrounds; not composite-ready."
canon-characters,I:\MonkeyZoo Comic Strip\Fusion Squad\MonkeyZoo_Comic_Factory\03_APPROVED_CANON\approved_characters\emo\emo_16_worried.png,source_material/imported_canon/approved_characters/emo/emo_16_worried.png,emo_16_worried.png,png,359288,34768f5b132685026cc3c580173ac98013d1de0d027e4a22a1a510931b593a08,2026-07-28T13:24:03+00:00,character-art,authoritative,MZ-CHAR-EMO,,no,,none (byte-for-byte copy),"Approved character turnarounds, poses and expression sheets for all twelve canon characters. Opaque backgrounds; not composite-ready."
canon-characters,I:\MonkeyZoo Comic Strip\Fusion Squad\MonkeyZoo_Comic_Factory\03_APPROVED_CANON\approved_characters\emo\emo_17_disgusted.png,source_material/imported_canon/approved_characters/emo/emo_17_disgusted.png,emo_17_disgusted.png,png,357892,edfef85b5a03c16e1d74aec8fdbc06f8bea691f8225bfd735834902aeb279dad,2026-07-28T13:24:03+00:00,character-art,authoritative,MZ-CHAR-EMO,,no,,none (byte-for-byte copy),"Approved character turnarounds, poses and expression sheets for all twelve canon characters. Opaque backgrounds; not composite-ready."
canon-characters,I:\MonkeyZoo Comic Strip\Fusion Squad\MonkeyZoo_Comic_Factory\03_APPROVED_CANON\approved_characters\emo\emo_18_sleepy.png,source_material/imported_canon/approved_characters/emo/emo_18_sleepy.png,emo_18_sleepy.png,png,324351,13e47d3495d601b6c96c54a9babc764a4f1904f6c6998a5a06c3c1b2aa3d1f52,2026-07-28T13:24:03+00:00,character-art,authoritative,MZ-CHAR-EMO,,no,,none (byte-for-byte copy),"Approved character turnarounds, poses and expression sheets for all twelve canon characters. Opaque backgrounds; not composite-ready."
canon-characters,I:\MonkeyZoo Comic Strip\Fusion Squad\MonkeyZoo_Comic_Factory\03_APPROVED_CANON\approved_characters\emo\emo_19_determined.png,source_material/imported_canon/approved_characters/emo/emo_19_determined.png,emo_19_determined.png,png,379247,fb338126d8e15da3b529b1360f352ace4dbb7b000fcfd9df729eabbc67c23055,2026-07-28T13:24:03+00:00,character-art,authoritative,MZ-CHAR-EMO,,no,,none (byte-for-byte copy),"Approved character turnarounds, poses and expression sheets for all twelve canon characters. Opaque backgrounds; not composite-ready."
canon-characters,I:\MonkeyZoo Comic Strip\Fusion Squad\MonkeyZoo_Comic_Factory\03_APPROVED_CANON\approved_characters\emo\emo_20_confused.png,source_material/imported_canon/approved_characters/emo/emo_20_confused.png,emo_20_confused.png,png,325456,bb2566755ecb0b753daa333efe1b356dc530e0df5dd47ddef78dbb713fcd6d3b,2026-07-28T13:24:03+00:00,character-art,authoritative,MZ-CHAR-EMO,,no,,none (byte-for-byte copy),"Approved character turnarounds, poses and expression sheets for all twelve canon characters. Opaque backgrounds; not composite-ready."
canon-characters,I:\MonkeyZoo Comic Strip\Fusion Squad\MonkeyZoo_Comic_Factory\03_APPROVED_CANON\approved_characters\emo\emo_21_running.png,source_material/imported_canon/approved_characters/emo/emo_21_running.png,emo_21_running.png,png,323400,9ccfeee54ddcd31a0b4d67f58a8e28ccca94e0db5fae07011ad8380ade696700,2026-07-28T13:24:03+00:00,character-art,authoritative,MZ-CHAR-EMO,,no,,none (byte-for-byte copy),"Approved character turnarounds, poses and expression sheets for all twelve canon characters. Opaque backgrounds; not composite-ready."
canon-characters,I:\MonkeyZoo Comic Strip\Fusion Squad\MonkeyZoo_Comic_Factory\03_APPROVED_CANON\approved_characters\emo\emo_22_jumping.png,source_material/imported_canon/approved_characters/emo/emo_22_jumping.png,emo_22_jumping.png,png,346732,e584397afe58ef9e1b025f06212fec47b0510a68a90c7e2797f7b683e385d9ed,2026-07-28T13:24:03+00:00,character-art,authoritative,MZ-CHAR-EMO,,no,,none (byte-for-byte copy),"Approved character turnarounds, poses and expression sheets for all twelve canon characters. Opaque backgrounds; not composite-ready."
canon-characters,I:\MonkeyZoo Comic Strip\Fusion Squad\MonkeyZoo_Comic_Factory\03_APPROVED_CANON\approved_characters\emo\emo_23_waving.png,source_material/imported_canon/approved_characters/emo/emo_23_waving.png,emo_23_waving.png,png,347478,fbee08dafad83f679fdb03665f2398178d083be6d193ca185373187acab33146,2026-07-28T13:24:03+00:00,character-art,authoritative,MZ-CHAR-EMO,,no,,none (byte-for-byte copy),"Approved character turnarounds, poses and expression sheets for all twelve canon characters. Opaque backgrounds; not composite-ready."
canon-characters,I:\MonkeyZoo Comic Strip\Fusion Squad\MonkeyZoo_Comic_Factory\03_APPROVED_CANON\approved_characters\emo\emo_24_thinking.png,source_material/imported_canon/approved_characters/emo/emo_24_thinking.png,emo_24_thinking.png,png,336671,6f128dee72276a3cceb01b32eb4f26a40ba9f3161391e5425b784303f800c8e2,2026-07-28T13:24:03+00:00,character-art,authoritative,MZ-CHAR-EMO,,no,,none (byte-for-byte copy),"Approved character turnarounds, poses and expression sheets for all twelve canon characters. Opaque backgrounds; not composite-ready."
canon-characters,I:\MonkeyZoo Comic Strip\Fusion Squad\MonkeyZoo_Comic_Factory\03_APPROVED_CANON\approved_characters\emo\emo_25_crouching.png,source_material/imported_canon/approved_characters/emo/emo_25_crouching.png,emo_25_crouching.png,png,333846,0de2c967675a3f3a503ed261da02ba0e35d43344eae28cd0076d995645f721b9,2026-07-28T13:24:03+00:00,character-art,authoritative,MZ-CHAR-EMO,,no,,none (byte-for-byte copy),"Approved character turnarounds, poses and expression sheets for all twelve canon characters. Opaque backgrounds; not composite-ready."
canon-characters,I:\MonkeyZoo Comic Strip\Fusion Squad\MonkeyZoo_Comic_Factory\03_APPROVED_CANON\approved_characters\emo\emo_26_reaching.png,source_material/imported_canon/approved_characters/emo/emo_26_reaching.png,emo_26_reaching.png,png,343480,5c202a1ed18ca7c9dbe0e9762a5f482483094b66c1cb6fbcaef92fc8d2a6e5ea,2026-07-28T13:24:03+00:00,character-art,authoritative,MZ-CHAR-EMO,,no,,none (byte-for-byte copy),"Approved character turnarounds, poses and expression sheets for all twelve canon characters. Opaque backgrounds; not composite-ready."
canon-characters,I:\MonkeyZoo Comic Strip\Fusion Squad\MonkeyZoo_Comic_Factory\03_APPROVED_CANON\approved_characters\emo\emo_27_defeated.png,source_material/imported_canon/approved_characters/emo/emo_27_defeated.png,emo_27_defeated.png,png,319928,17613ef7d33d63ca1efe7de05674d367cf3ac10f9eba8749a63a92541e082b2e,2026-07-28T13:24:03+00:00,character-art,authoritative,MZ-CHAR-EMO,,no,,none (byte-for-byte copy),"Approved character turnarounds, poses and expression sheets for all twelve canon characters. Opaque backgrounds; not composite-ready."
canon-characters,I:\MonkeyZoo Comic Strip\Fusion Squad\MonkeyZoo_Comic_Factory\03_APPROVED_CANON\approved_characters\emo\emo_28_celebrating.png,source_material/imported_canon/approved_characters/emo/emo_28_celebrating.png,emo_28_celebrating.png,png,362910,1ad6df0dec445bbe44fd3766c3ed532640e635f19c01dab040d2ce771236541d,2026-07-28T13:24:03+00:00,character-art,authoritative,MZ-CHAR-EMO,,no,,none (byte-for-byte copy),"Approved character turnarounds, poses and expression sheets for all twelve canon characters. Opaque backgrounds; not composite-ready."
canon-characters,I:\MonkeyZoo Comic Strip\Fusion Squad\MonkeyZoo_Comic_Factory\03_APPROVED_CANON\approved_characters\emo\emo_29_lookingup.png,source_material/imported_canon/approved_characters/emo/emo_29_lookingup.png,emo_29_lookingup.png,png,356021,40836eb371989fcfc5aa61193e8607f6e911b2b74f98492d6ff30aafabd5fcbe,2026-07-28T13:24:03+00:00,character-art,authoritative,MZ-CHAR-EMO,,no,,none (byte-for-byte copy),"Approved character turnarounds, poses and expression sheets for all twelve canon characters. Opaque backgrounds; not composite-ready."
canon-characters,I:\MonkeyZoo Comic Strip\Fusion Squad\MonkeyZoo_Comic_Factory\03_APPROVED_CANON\approved_characters\emo\emo_30_backview.png,source_material/imported_canon/approved_characters/emo/emo_30_backview.png,emo_30_backview.png,png,329549,4130c2e3b841fdf52add2d3127f9e1c528a74b83fba8b7fb148583786d15d7d2,2026-07-28T13:24:03+00:00,character-art,authoritative,MZ-CHAR-EMO,,no,,none (byte-for-byte copy),"Approved character turnarounds, poses and expression sheets for all twelve canon characters. Opaque backgrounds; not composite-ready."
canon-characters,I:\MonkeyZoo Comic Strip\Fusion Squad\MonkeyZoo_Comic_Factory\03_APPROVED_CANON\approved_characters\emo\source_images\emo.png,source_material/imported_canon/approved_characters/emo/source_images/emo.png,emo.png,png,3712978,b3555d80ced3a7529c91d58783fa263e280ad8c47b9c8fa086edc7c17b482918,2026-07-28T13:24:03+00:00,character-art,authoritative,MZ-CHAR-EMO,,no,,none (byte-for-byte copy),"Approved character turnarounds, poses and expression sheets for all twelve canon characters. Opaque backgrounds; not composite-ready."
canon-characters,I:\MonkeyZoo Comic Strip\Fusion Squad\MonkeyZoo_Comic_Factory\03_APPROVED_CANON\approved_characters\factions\ash.webp,source_material/imported_canon/approved_characters/factions/ash.webp,ash.webp,webp,13838,fdf35ed24e81c3342621cda3f563b13f839e370182cd656f9401a0d6f4e6f23f,2026-07-28T13:24:03+00:00,character-art,authoritative,MZ-CHAR-004,,no,source_material/imported_canon/approved_characters/ash/ash.webp,none (byte-for-byte copy),"Approved character turnarounds, poses and expression sheets for all twelve canon characters. Opaque backgrounds; not composite-ready."
canon-characters,I:\MonkeyZoo Comic Strip\Fusion Squad\MonkeyZoo_Comic_Factory\03_APPROVED_CANON\approved_characters\factions\cheeky.png,source_material/imported_canon/approved_characters/factions/cheeky.png,cheeky.png,png,488389,cc56074631c04562a4a2e5b542d8da9f20f76adac834a07fe08d4d751a056417,2026-07-28T13:24:03+00:00,character-art,authoritative,MZ-CHAR-CHEEKY,,no,source_material/imported_canon/approved_characters/cheeky/source_images/cheeky.png,none (byte-for-byte copy),"Approved character turnarounds, poses and expression sheets for all twelve canon characters. Opaque backgrounds; not composite-ready."
canon-characters,I:\MonkeyZoo Comic Strip\Fusion Squad\MonkeyZoo_Comic_Factory\03_APPROVED_CANON\approved_characters\factions\clever.png,source_material/imported_canon/approved_characters/factions/clever.png,clever.png,png,3068240,d4f5fe475862ecd9bca1494bf02bdcbf486b1f0813b6dcf760efc3e600beec46,2026-07-28T13:24:03+00:00,character-art,authoritative,MZ-CHAR-CLEVER,,no,source_material/imported_canon/approved_characters/clever/source_images/clever.png,none (byte-for-byte copy),"Approved character turnarounds, poses and expression sheets for all twelve canon characters. Opaque backgrounds; not composite-ready."
canon-characters,I:\MonkeyZoo Comic Strip\Fusion Squad\MonkeyZoo_Comic_Factory\03_APPROVED_CANON\approved_characters\factions\emo.png,source_material/imported_canon/approved_characters/factions/emo.png,emo.png,png,3712978,b3555d80ced3a7529c91d58783fa263e280ad8c47b9c8fa086edc7c17b482918,2026-07-28T13:24:03+00:00,character-art,authoritative,MZ-CHAR-EMO,,no,source_material/imported_canon/approved_characters/emo/source_images/emo.png,none (byte-for-byte copy),"Approved character turnarounds, poses and expression sheets for all twelve canon characters. Opaque backgrounds; not composite-ready."
canon-characters,I:\MonkeyZoo Comic Strip\Fusion Squad\MonkeyZoo_Comic_Factory\03_APPROVED_CANON\approved_characters\factions\Fusion Squad.png,source_material/imported_canon/approved_characters/factions/Fusion Squad.png,Fusion Squad.png,png,601487,52e6d8f044481a0a6e80a8e88fb596c8a38f6277e16d8d71a9cb7f1d1e526b69,2026-07-28T13:24:03+00:00,character-art,authoritative,,,no,source_material/imported_canon/approved_characters/_groups/source_images/Fusion_Squad.png,none (byte-for-byte copy),"Approved character turnarounds, poses and expression sheets for all twelve canon characters. Opaque backgrounds; not composite-ready."
canon-characters,I:\MonkeyZoo Comic Strip\Fusion Squad\MonkeyZoo_Comic_Factory\03_APPROVED_CANON\approved_characters\factions\lil devil.png,source_material/imported_canon/approved_characters/factions/lil devil.png,lil devil.png,png,735822,3bb9a6faffacb7b5496bf8567413f7dca3b03e66094f3b8d015d9f3f3060891b,2026-07-28T13:24:03+00:00,character-art,authoritative,MZ-CHAR-LILDEVIL,,no,,none (byte-for-byte copy),"Approved character turnarounds, poses and expression sheets for all twelve canon characters. Opaque backgrounds; not composite-ready."
canon-characters,I:\MonkeyZoo Comic Strip\Fusion Squad\MonkeyZoo_Comic_Factory\03_APPROVED_CANON\approved_characters\factions\moodz.webp,source_material/imported_canon/approved_characters/factions/moodz.webp,moodz.webp,webp,13614,408a54a28c6b74f59396c0d4609a4d045055e8b979b54402ea7c2fd473bfd600,2026-07-28T13:24:03+00:00,character-art,authoritative,MZ-CHAR-001,,no,,none (byte-for-byte copy),"Approved character turnarounds, poses and expression sheets for all twelve canon characters. Opaque backgrounds; not composite-ready."
canon-characters,I:\MonkeyZoo Comic Strip\Fusion Squad\MonkeyZoo_Comic_Factory\03_APPROVED_CANON\approved_characters\factions\neonblue.webp,source_material/imported_canon/approved_characters/factions/neonblue.webp,neonblue.webp,webp,99252,bd99e83e9680a9c1b4a4a3663c5d09ee5a37e16cc70e6ed3452525f9ebe50937,2026-07-28T13:24:03+00:00,character-art,authoritative,MZ-CHAR-005,,no,,none (byte-for-byte copy),"Approved character turnarounds, poses and expression sheets for all twelve canon characters. Opaque backgrounds; not composite-ready."
canon-characters,I:\MonkeyZoo Comic Strip\Fusion Squad\MonkeyZoo_Comic_Factory\03_APPROVED_CANON\approved_characters\factions\scarline.webp,source_material/imported_canon/approved_characters/factions/scarline.webp,scarline.webp,webp,12268,ac33a8c32d3796e802ad2c8f99d4b4456a263adfc9b1bbea4e87507331b95da4,2026-07-28T13:24:03+00:00,character-art,authoritative,MZ-CHAR-006,,no,,none (byte-for-byte copy),"Approved character turnarounds, poses and expression sheets for all twelve canon characters. Opaque backgrounds; not composite-ready."
canon-characters,I:\MonkeyZoo Comic Strip\Fusion Squad\MonkeyZoo_Comic_Factory\03_APPROVED_CANON\approved_characters\factions\static.webp,source_material/imported_canon/approved_characters/factions/static.webp,static.webp,webp,13290,8811cc2890d449d2c341b6705246616d6dbaaa9eafd227ca14ded44231f596fd,2026-07-28T13:24:03+00:00,character-art,authoritative,MZ-CHAR-003,,no,,none (byte-for-byte copy),"Approved character turnarounds, poses and expression sheets for all twelve canon characters. Opaque backgrounds; not composite-ready."
canon-characters,I:\MonkeyZoo Comic Strip\Fusion Squad\MonkeyZoo_Comic_Factory\03_APPROVED_CANON\approved_characters\factions\super.png,source_material/imported_canon/approved_characters/factions/super.png,super.png,png,476934,a99f4cb69046644a86926be4d53adac97bef23b982343655d7bb0c58a8b8556d,2026-07-28T13:24:03+00:00,character-art,authoritative,MZ-CHAR-SUPER,,no,,none (byte-for-byte copy),"Approved character turnarounds, poses and expression sheets for all twelve canon characters. Opaque backgrounds; not composite-ready."
canon-characters,I:\MonkeyZoo Comic Strip\Fusion Squad\MonkeyZoo_Comic_Factory\03_APPROVED_CANON\approved_characters\factions\twotone.webp,source_material/imported_canon/approved_characters/factions/twotone.webp,twotone.webp,webp,14224,62edf45000d7226fb6b36078e2631d4a92f0aa6aebcd7a48eb8ac102f7de5fc8,2026-07-28T13:24:03+00:00,character-art,authoritative,MZ-CHAR-002,,no,,none (byte-for-byte copy),"Approved character turnarounds, poses and expression sheets for all twelve canon characters. Opaque backgrounds; not composite-ready."
canon-characters,I:\MonkeyZoo Comic Strip\Fusion Squad\MonkeyZoo_Comic_Factory\03_APPROVED_CANON\approved_characters\factions\zombie.png,source_material/imported_canon/approved_characters/factions/zombie.png,zombie.png,png,555538,0edfb23df08a69a59ac39305301d0fab576ea5cedd0654d4ff4e530a252c1fd2,2026-07-28T13:24:03+00:00,character-art,authoritative,MZ-CHAR-ZOMBIE,,no,,none (byte-for-byte copy),"Approved character turnarounds, poses and expression sheets for all twelve canon characters. Opaque backgrounds; not composite-ready."
canon-characters,I:\MonkeyZoo Comic Strip\Fusion Squad\MonkeyZoo_Comic_Factory\03_APPROVED_CANON\approved_characters\lil devil\lildevil_00_clean_base.png,source_material/imported_canon/approved_characters/lil devil/lildevil_00_clean_base.png,lildevil_00_clean_base.png,png,442382,43a6a578da3a6bfadf8089af9b755a44f15404114e90dc1ba1adfb98dedf97b8,2026-07-28T13:24:03+00:00,character-art,authoritative,MZ-CHAR-LILDEVIL,,no,,none (byte-for-byte copy),"Approved character turnarounds, poses and expression sheets for all twelve canon characters. Opaque backgrounds; not composite-ready."
canon-characters,I:\MonkeyZoo Comic Strip\Fusion Squad\MonkeyZoo_Comic_Factory\03_APPROVED_CANON\approved_characters\lil devil\lildevil_01_neutral.png,source_material/imported_canon/approved_characters/lil devil/lildevil_01_neutral.png,lildevil_01_neutral.png,png,442382,43a6a578da3a6bfadf8089af9b755a44f15404114e90dc1ba1adfb98dedf97b8,2026-07-28T13:24:03+00:00,character-art,authoritative,MZ-CHAR-LILDEVIL,,no,source_material/imported_canon/approved_characters/lil devil/lildevil_00_clean_base.png,none (byte-for-byte copy),"Approved character turnarounds, poses and expression sheets for all twelve canon characters. Opaque backgrounds; not composite-ready."
canon-characters,I:\MonkeyZoo Comic Strip\Fusion Squad\MonkeyZoo_Comic_Factory\03_APPROVED_CANON\approved_characters\lil devil\lildevil_02_threeqtr.png,source_material/imported_canon/approved_characters/lil devil/lildevil_02_threeqtr.png,lildevil_02_threeqtr.png,png,516690,95069e59c716604cad3d01c43d2517611cc645f44ce6c0816d5410ccfcfa04ca,2026-07-28T13:24:03+00:00,character-art,authoritative,MZ-CHAR-LILDEVIL,,no,,none (byte-for-byte copy),"Approved character turnarounds, poses and expression sheets for all twelve canon characters. Opaque backgrounds; not composite-ready."
canon-characters,I:\MonkeyZoo Comic Strip\Fusion Squad\MonkeyZoo_Comic_Factory\03_APPROVED_CANON\approved_characters\lil devil\lildevil_03_profile.png,source_material/imported_canon/approved_characters/lil devil/lildevil_03_profile.png,lildevil_03_profile.png,png,460265,5575dc594216cbdfee98e4d23f5286d3e69e99c4d8a461312e5631254b52eda1,2026-07-28T13:24:03+00:00,character-art,authoritative,MZ-CHAR-LILDEVIL,,no,,none (byte-for-byte copy),"Approved character turnarounds, poses and expression sheets for all twelve canon characters. Opaque backgrounds; not composite-ready."
canon-characters,I:\MonkeyZoo Comic Strip\Fusion Squad\MonkeyZoo_Comic_Factory\03_APPROVED_CANON\approved_characters\lil devil\lildevil_04_overshoulder.png,source_material/imported_canon/approved_characters/lil devil/lildevil_04_overshoulder.png,lildevil_04_overshoulder.png,png,477740,a00fd0793d2c184effabe34aea4c0265eb0ab2f76e1e1e38fea63c079720db30,2026-07-28T13:24:03+00:00,character-art,authoritative,MZ-CHAR-LILDEVIL,,no,,none (byte-for-byte copy),"Approved character turnarounds, poses and expression sheets for all twelve canon characters. Opaque backgrounds; not composite-ready."
canon-characters,I:\MonkeyZoo Comic Strip\Fusion Squad\MonkeyZoo_Comic_Factory\03_APPROVED_CANON\approved_characters\lil devil\lildevil_05_portrait.png,source_material/imported_canon/approved_characters/lil devil/lildevil_05_portrait.png,lildevil_05_portrait.png,png,558145,12711b73bc4eb484535a2ab08c28f9fea228d506f1665a7469e257d52f740a91,2026-07-28T13:24:03+00:00,character-art,authoritative,MZ-CHAR-LILDEVIL,,no,,none (byte-for-byte copy),"Approved character turnarounds, poses and expression sheets for all twelve canon characters. Opaque backgrounds; not composite-ready."
canon-characters,I:\MonkeyZoo Comic Strip\Fusion Squad\MonkeyZoo_Comic_Factory\03_APPROVED_CANON\approved_characters\lil devil\lildevil_06_angry.png,source_material/imported_canon/approved_characters/lil devil/lildevil_06_angry.png,lildevil_06_angry.png,png,524734,c16a6774f88ff32e3190a6a11cedc86b57cc01c3624bfdc0ca11a0fbb59cd192,2026-07-28T13:24:03+00:00,character-art,authoritative,MZ-CHAR-LILDEVIL,,no,,none (byte-for-byte copy),"Approved character turnarounds, poses and expression sheets for all twelve canon characters. Opaque backgrounds; not composite-ready."
canon-characters,I:\MonkeyZoo Comic Strip\Fusion Squad\MonkeyZoo_Comic_Factory\03_APPROVED_CANON\approved_characters\lil devil\lildevil_07_sad.png,source_material/imported_canon/approved_characters/lil devil/lildevil_07_sad.png,lildevil_07_sad.png,png,560544,2c40de1fa74f48002b36f37a38f4ef3f1c7c602daa6013eafd73f1d6aa5d04ac,2026-07-28T13:24:03+00:00,character-art,authoritative,MZ-CHAR-LILDEVIL,,no,,none (byte-for-byte copy),"Approved character turnarounds, poses and expression sheets for all twelve canon characters. Opaque backgrounds; not composite-ready."
canon-characters,I:\MonkeyZoo Comic Strip\Fusion Squad\MonkeyZoo_Comic_Factory\03_APPROVED_CANON\approved_characters\lil devil\lildevil_08_shocked.png,source_material/imported_canon/approved_characters/lil devil/lildevil_08_shocked.png,lildevil_08_shocked.png,png,574398,fc3fd1e4c333a689c3eb3cc577fd6207d38bab2870fe604fc53f2eebca0ca2db,2026-07-28T13:24:03+00:00,character-art,authoritative,MZ-CHAR-LILDEVIL,,no,,none (byte-for-byte copy),"Approved character turnarounds, poses and expression sheets for all twelve canon characters. Opaque backgrounds; not composite-ready."
canon-characters,I:\MonkeyZoo Comic Strip\Fusion Squad\MonkeyZoo_Comic_Factory\03_APPROVED_CANON\approved_characters\lil devil\lildevil_09_smile.png,source_material/imported_canon/approved_characters/lil devil/lildevil_09_smile.png,lildevil_09_smile.png,png,520293,695d9aed3010798fd748d77a36caa0c68dca6f9bd4357288f6b7f3ab455be01d,2026-07-28T13:24:03+00:00,character-art,authoritative,MZ-CHAR-LILDEVIL,,no,,none (byte-for-byte copy),"Approved character turnarounds, poses and expression sheets for all twelve canon characters. Opaque backgrounds; not composite-ready."
canon-characters,I:\MonkeyZoo Comic Strip\Fusion Squad\MonkeyZoo_Comic_Factory\03_APPROVED_CANON\approved_characters\lil devil\lildevil_10_walking.png,source_material/imported_canon/approved_characters/lil devil/lildevil_10_walking.png,lildevil_10_walking.png,png,550594,5c5eb15f223ce07ec763dc9bc0a678885d74b3ace099e8739516f3c3e862eda2,2026-07-28T13:24:03+00:00,character-art,authoritative,MZ-CHAR-LILDEVIL,,no,,none (byte-for-byte copy),"Approved character turnarounds, poses and expression sheets for all twelve canon characters. Opaque backgrounds; not composite-ready."
canon-characters,I:\MonkeyZoo Comic Strip\Fusion Squad\MonkeyZoo_Comic_Factory\03_APPROVED_CANON\approved_characters\lil devil\lildevil_11_armscrossed.png,source_material/imported_canon/approved_characters/lil devil/lildevil_11_armscrossed.png,lildevil_11_armscrossed.png,png,514124,59ea0d48d2c78730370c51990fe845b2074e3c3dfcfe3b4575e6cc71094f6a2a,2026-07-28T13:24:03+00:00,character-art,authoritative,MZ-CHAR-LILDEVIL,,no,,none (byte-for-byte copy),"Approved character turnarounds, poses and expression sheets for all twelve canon characters. Opaque backgrounds; not composite-ready."
canon-characters,I:\MonkeyZoo Comic Strip\Fusion Squad\MonkeyZoo_Comic_Factory\03_APPROVED_CANON\approved_characters\lil devil\lildevil_12_sitting.png,source_material/imported_canon/approved_characters/lil devil/lildevil_12_sitting.png,lildevil_12_sitting.png,png,526127,dcc8a1c212e86b918d6c6038e585346749e3125fada880cecd25d8c54c64247e,2026-07-28T13:24:03+00:00,character-art,authoritative,MZ-CHAR-LILDEVIL,,no,,none (byte-for-byte copy),"Approved character turnarounds, poses and expression sheets for all twelve canon characters. Opaque backgrounds; not composite-ready."
canon-characters,I:\MonkeyZoo Comic Strip\Fusion Squad\MonkeyZoo_Comic_Factory\03_APPROVED_CANON\approved_characters\lil devil\lildevil_13_pointing.png,source_material/imported_canon/approved_characters/lil devil/lildevil_13_pointing.png,lildevil_13_pointing.png,png,573801,a9a6c1781faf0954933c5afa77ae9b019d6c59662a39678e03f30e37f8f7400c,2026-07-28T13:24:03+00:00,character-art,authoritative,MZ-CHAR-LILDEVIL,,no,,none (byte-for-byte copy),"Approved character turnarounds, poses and expression sheets for all twelve canon characters. Opaque backgrounds; not composite-ready."
canon-characters,I:\MonkeyZoo Comic Strip\Fusion Squad\MonkeyZoo_Comic_Factory\03_APPROVED_CANON\approved_characters\lil devil\lildevil_14_shout.png,source_material/imported_canon/approved_characters/lil devil/lildevil_14_shout.png,lildevil_14_shout.png,png,585478,3150f33e4cb0678a4044e1c2b0f2b54e8d2af51e3e213d9547a8b3c9f9a93384,2026-07-28T13:24:03+00:00,character-art,authoritative,MZ-CHAR-LILDEVIL,,no,,none (byte-for-byte copy),"Approved character turnarounds, poses and expression sheets for all twelve canon characters. Opaque backgrounds; not composite-ready."
canon-characters,I:\MonkeyZoo Comic Strip\Fusion Squad\MonkeyZoo_Comic_Factory\03_APPROVED_CANON\approved_characters\lil devil\lildevil_15_laughing.png,source_material/imported_canon/approved_characters/lil devil/lildevil_15_laughing.png,lildevil_15_laughing.png,png,549831,76532286be71e333bba5cec86ed12eb7feaea2fc0621975040c8f0ed63536c80,2026-07-28T13:24:03+00:00,character-art,authoritative,MZ-CHAR-LILDEVIL,,no,,none (byte-for-byte copy),"Approved character turnarounds, poses and expression sheets for all twelve canon characters. Opaque backgrounds; not composite-ready."
canon-characters,I:\MonkeyZoo Comic Strip\Fusion Squad\MonkeyZoo_Comic_Factory\03_APPROVED_CANON\approved_characters\lil devil\lildevil_16_worried.png,source_material/imported_canon/approved_characters/lil devil/lildevil_16_worried.png,lildevil_16_worried.png,png,523311,f0a30c32b89dd471f1fa9100a42e4a9c347f51c0b828e8ae0f764088ee18451b,2026-07-28T13:24:03+00:00,character-art,authoritative,MZ-CHAR-LILDEVIL,,no,,none (byte-for-byte copy),"Approved character turnarounds, poses and expression sheets for all twelve canon characters. Opaque backgrounds; not composite-ready."
canon-characters,I:\MonkeyZoo Comic Strip\Fusion Squad\MonkeyZoo_Comic_Factory\03_APPROVED_CANON\approved_characters\lil devil\lildevil_17_disgusted.png,source_material/imported_canon/approved_characters/lil devil/lildevil_17_disgusted.png,lildevil_17_disgusted.png,png,606391,5a298a310c613a9ac3e981625b8fbc83dcf3664b69debcdd903e73758c3952bb,2026-07-28T13:24:03+00:00,character-art,authoritative,MZ-CHAR-LILDEVIL,,no,,none (byte-for-byte copy),"Approved character turnarounds, poses and expression sheets for all twelve canon characters. Opaque backgrounds; not composite-ready."
canon-characters,I:\MonkeyZoo Comic Strip\Fusion Squad\MonkeyZoo_Comic_Factory\03_APPROVED_CANON\approved_characters\lil devil\lildevil_18_sleepy.png,source_material/imported_canon/approved_characters/lil devil/lildevil_18_sleepy.png,lildevil_18_sleepy.png,png,510984,e8c8bae34f37cfe9ee92fd82e41f98d54e02ef8d0068ca6783eca4c878260bfb,2026-07-28T13:24:03+00:00,character-art,authoritative,MZ-CHAR-LILDEVIL,,no,,none (byte-for-byte copy),"Approved character turnarounds, poses and expression sheets for all twelve canon characters. Opaque backgrounds; not composite-ready."
canon-characters,I:\MonkeyZoo Comic Strip\Fusion Squad\MonkeyZoo_Comic_Factory\03_APPROVED_CANON\approved_characters\lil devil\lildevil_19_determined.png,source_material/imported_canon/approved_characters/lil devil/lildevil_19_determined.png,lildevil_19_determined.png,png,585175,b83fad2d935647876659e94ba140785cd9b5ac7037fcf3e5766017a0e3b97292,2026-07-28T13:24:03+00:00,character-art,authoritative,MZ-CHAR-LILDEVIL,,no,,none (byte-for-byte copy),"Approved character turnarounds, poses and expression sheets for all twelve canon characters. Opaque backgrounds; not composite-ready."
canon-characters,I:\MonkeyZoo Comic Strip\Fusion Squad\MonkeyZoo_Comic_Factory\03_APPROVED_CANON\approved_characters\lil devil\lildevil_20_confused.png,source_material/imported_canon/approved_characters/lil devil/lildevil_20_confused.png,lildevil_20_confused.png,png,576917,b03149c0bc90346bdaaffb945c30b80f974424affab9d7784c2118101abaaedb,2026-07-28T13:24:03+00:00,character-art,authoritative,MZ-CHAR-LILDEVIL,,no,,none (byte-for-byte copy),"Approved character turnarounds, poses and expression sheets for all twelve canon characters. Opaque backgrounds; not composite-ready."
canon-characters,I:\MonkeyZoo Comic Strip\Fusion Squad\MonkeyZoo_Comic_Factory\03_APPROVED_CANON\approved_characters\lil devil\lildevil_21_running.png,source_material/imported_canon/approved_characters/lil devil/lildevil_21_running.png,lildevil_21_running.png,png,508563,f91ef3267da4b0762d63e40e8602e2f6fa01d35a2c786cb51e7afa277b2ce611,2026-07-28T13:24:03+00:00,character-art,authoritative,MZ-CHAR-LILDEVIL,,no,,none (byte-for-byte copy),"Approved character turnarounds, poses and expression sheets for all twelve canon characters. Opaque backgrounds; not composite-ready."
canon-characters,I:\MonkeyZoo Comic Strip\Fusion Squad\MonkeyZoo_Comic_Factory\03_APPROVED_CANON\approved_characters\lil devil\lildevil_22_jumping.png,source_material/imported_canon/approved_characters/lil devil/lildevil_22_jumping.png,lildevil_22_jumping.png,png,515099,8aba75d0cd74db52a86f09821bb72ebd2dc2032cb9f59a3474ebfa12532bfd5a,2026-07-28T13:24:03+00:00,character-art,authoritative,MZ-CHAR-LILDEVIL,,no,,none (byte-for-byte copy),"Approved character turnarounds, poses and expression sheets for all twelve canon characters. Opaque backgrounds; not composite-ready."
canon-characters,I:\MonkeyZoo Comic Strip\Fusion Squad\MonkeyZoo_Comic_Factory\03_APPROVED_CANON\approved_characters\lil devil\lildevil_23_waving.png,source_material/imported_canon/approved_characters/lil devil/lildevil_23_waving.png,lildevil_23_waving.png,png,558642,d125a5bf21f6197ecdcc4a5b5314c67be9814c5d8096786a37601069060f1a0a,2026-07-28T13:24:03+00:00,character-art,authoritative,MZ-CHAR-LILDEVIL,,no,,none (byte-for-byte copy),"Approved character turnarounds, poses and expression sheets for all twelve canon characters. Opaque backgrounds; not composite-ready."
canon-characters,I:\MonkeyZoo Comic Strip\Fusion Squad\MonkeyZoo_Comic_Factory\03_APPROVED_CANON\approved_characters\lil devil\lildevil_24_thinking.png,source_material/imported_canon/approved_characters/lil devil/lildevil_24_thinking.png,lildevil_24_thinking.png,png,513347,a99baa2e5320f796674182c2dbb5060554835998f979cd319515b9c4b3a84109,2026-07-28T13:24:03+00:00,character-art,authoritative,MZ-CHAR-LILDEVIL,,no,,none (byte-for-byte copy),"Approved character turnarounds, poses and expression sheets for all twelve canon characters. Opaque backgrounds; not composite-ready."
canon-characters,I:\MonkeyZoo Comic Strip\Fusion Squad\MonkeyZoo_Comic_Factory\03_APPROVED_CANON\approved_characters\lil devil\lildevil_25_crouching.png,source_material/imported_canon/approved_characters/lil devil/lildevil_25_crouching.png,lildevil_25_crouching.png,png,552927,e00a6a63754350407b6b45554a063f5f6745af853b42cab135dd57d2fef5bec5,2026-07-28T13:24:03+00:00,character-art,authoritative,MZ-CHAR-LILDEVIL,,no,,none (byte-for-byte copy),"Approved character turnarounds, poses and expression sheets for all twelve canon characters. Opaque backgrounds; not composite-ready."
canon-characters,I:\MonkeyZoo Comic Strip\Fusion Squad\MonkeyZoo_Comic_Factory\03_APPROVED_CANON\approved_characters\lil devil\lildevil_26_reaching.png,source_material/imported_canon/approved_characters/lil devil/lildevil_26_reaching.png,lildevil_26_reaching.png,png,585565,b7070ca5ab5d2216b97822cf8683ac6db906ae41ef6773d0fbeeee7dc10e3e1f,2026-07-28T13:24:03+00:00,character-art,authoritative,MZ-CHAR-LILDEVIL,,no,,none (byte-for-byte copy),"Approved character turnarounds, poses and expression sheets for all twelve canon characters. Opaque backgrounds; not composite-ready."
canon-characters,I:\MonkeyZoo Comic Strip\Fusion Squad\MonkeyZoo_Comic_Factory\03_APPROVED_CANON\approved_characters\lil devil\lildevil_27_defeated.png,source_material/imported_canon/approved_characters/lil devil/lildevil_27_defeated.png,lildevil_27_defeated.png,png,507591,631b495aa90f911f03179ff5cdcad3f36f0f13a7a337d4c119383d69e64398a7,2026-07-28T13:24:03+00:00,character-art,authoritative,MZ-CHAR-LILDEVIL,,no,,none (byte-for-byte copy),"Approved character turnarounds, poses and expression sheets for all twelve canon characters. Opaque backgrounds; not composite-ready."
canon-characters,I:\MonkeyZoo Comic Strip\Fusion Squad\MonkeyZoo_Comic_Factory\03_APPROVED_CANON\approved_characters\lil devil\lildevil_28_celebrating.png,source_material/imported_canon/approved_characters/lil devil/lildevil_28_celebrating.png,lildevil_28_celebrating.png,png,563781,093ce0fa68a6658c46d88c33d04a7e5b7d75ecbd6c0b9b5ead2a746e2f89cc78,2026-07-28T13:24:03+00:00,character-art,authoritative,MZ-CHAR-LILDEVIL,,no,,none (byte-for-byte copy),"Approved character turnarounds, poses and expression sheets for all twelve canon characters. Opaque backgrounds; not composite-ready."
canon-characters,I:\MonkeyZoo Comic Strip\Fusion Squad\MonkeyZoo_Comic_Factory\03_APPROVED_CANON\approved_characters\lil devil\lildevil_29_lookingup.png,source_material/imported_canon/approved_characters/lil devil/lildevil_29_lookingup.png,lildevil_29_lookingup.png,png,520480,ea8cf53d69fe6fc0f0f1267d448b42205393da9a9c07414b0509b80accd40090,2026-07-28T13:24:03+00:00,character-art,authoritative,MZ-CHAR-LILDEVIL,,no,,none (byte-for-byte copy),"Approved character turnarounds, poses and expression sheets for all twelve canon characters. Opaque backgrounds; not composite-ready."
canon-characters,I:\MonkeyZoo Comic Strip\Fusion Squad\MonkeyZoo_Comic_Factory\03_APPROVED_CANON\approved_characters\lil devil\lildevil_30_backview.png,source_material/imported_canon/approved_characters/lil devil/lildevil_30_backview.png,lildevil_30_backview.png,png,464418,95e3c590657f95c65a8243c881be75d87504efa1ae3766ef570596286f1428cc,2026-07-28T13:24:03+00:00,character-art,authoritative,MZ-CHAR-LILDEVIL,,no,,none (byte-for-byte copy),"Approved character turnarounds, poses and expression sheets for all twelve canon characters. Opaque backgrounds; not composite-ready."
canon-characters,I:\MonkeyZoo Comic Strip\Fusion Squad\MonkeyZoo_Comic_Factory\03_APPROVED_CANON\approved_characters\lil devil\source_images\Devilish_Monkey_424-removebg-preview.png,source_material/imported_canon/approved_characters/lil devil/source_images/Devilish_Monkey_424-removebg-preview.png,Devilish_Monkey_424-removebg-preview.png,png,168050,a65ae0dd17cac03a65169963fdc7e5053f6a552b3450d1683d6e2d48621c0901,2026-07-28T13:24:03+00:00,character-art,authoritative,MZ-CHAR-LILDEVIL,,no,,none (byte-for-byte copy),"Approved character turnarounds, poses and expression sheets for all twelve canon characters. Opaque backgrounds; not composite-ready."
canon-characters,I:\MonkeyZoo Comic Strip\Fusion Squad\MonkeyZoo_Comic_Factory\03_APPROVED_CANON\approved_characters\lil devil\source_images\Devilish_Monkey_No424.png,source_material/imported_canon/approved_characters/lil devil/source_images/Devilish_Monkey_No424.png,Devilish_Monkey_No424.png,png,1796518,929ea82e9e64a79706982202a28ea603177da60ccd26c5630fa6c53fea644c70,2026-07-28T13:24:03+00:00,character-art,authoritative,MZ-CHAR-LILDEVIL,,no,,none (byte-for-byte copy),"Approved character turnarounds, poses and expression sheets for all twelve canon characters. Opaque backgrounds; not composite-ready."
canon-characters,I:\MonkeyZoo Comic Strip\Fusion Squad\MonkeyZoo_Comic_Factory\03_APPROVED_CANON\approved_characters\lil devil\source_images\lil_devil.png,source_material/imported_canon/approved_characters/lil devil/source_images/lil_devil.png,lil_devil.png,png,735822,3bb9a6faffacb7b5496bf8567413f7dca3b03e66094f3b8d015d9f3f3060891b,2026-07-28T13:24:03+00:00,character-art,authoritative,MZ-CHAR-LILDEVIL,,no,source_material/imported_canon/approved_characters/factions/lil devil.png,none (byte-for-byte copy),"Approved character turnarounds, poses and expression sheets for all twelve canon characters. Opaque backgrounds; not composite-ready."
canon-characters,I:\MonkeyZoo Comic Strip\Fusion Squad\MonkeyZoo_Comic_Factory\03_APPROVED_CANON\approved_characters\moodz\4cc8de245f2f6e1e777cdd9ea1d650a893d7c4d7ba27d8e78cc327551cfc62bc_512.webp,source_material/imported_canon/approved_characters/moodz/4cc8de245f2f6e1e777cdd9ea1d650a893d7c4d7ba27d8e78cc327551cfc62bc_512.webp,4cc8de245f2f6e1e777cdd9ea1d650a893d7c4d7ba27d8e78cc327551cfc62bc_512.webp,webp,13614,408a54a28c6b74f59396c0d4609a4d045055e8b979b54402ea7c2fd473bfd600,2026-07-28T13:24:03+00:00,character-art,authoritative,MZ-CHAR-001,,no,source_material/imported_canon/approved_characters/factions/moodz.webp,none (byte-for-byte copy),"Approved character turnarounds, poses and expression sheets for all twelve canon characters. Opaque backgrounds; not composite-ready."
canon-characters,I:\MonkeyZoo Comic Strip\Fusion Squad\MonkeyZoo_Comic_Factory\03_APPROVED_CANON\approved_characters\moodz\moodz.webp,source_material/imported_canon/approved_characters/moodz/moodz.webp,moodz.webp,webp,13614,408a54a28c6b74f59396c0d4609a4d045055e8b979b54402ea7c2fd473bfd600,2026-07-28T13:24:03+00:00,character-art,authoritative,MZ-CHAR-001,,no,source_material/imported_canon/approved_characters/factions/moodz.webp,none (byte-for-byte copy),"Approved character turnarounds, poses and expression sheets for all twelve canon characters. Opaque backgrounds; not composite-ready."
canon-characters,I:\MonkeyZoo Comic Strip\Fusion Squad\MonkeyZoo_Comic_Factory\03_APPROVED_CANON\approved_characters\moodz\moodz_00_clean_base.png,source_material/imported_canon/approved_characters/moodz/moodz_00_clean_base.png,moodz_00_clean_base.png,png,414292,638d6544962b75c6ffcd21c10228c38be61db00f0132c0208cc58900193790fb,2026-07-28T13:24:03+00:00,character-art,authoritative,MZ-CHAR-001,,no,,none (byte-for-byte copy),"Approved character turnarounds, poses and expression sheets for all twelve canon characters. Opaque backgrounds; not composite-ready."
canon-characters,I:\MonkeyZoo Comic Strip\Fusion Squad\MonkeyZoo_Comic_Factory\03_APPROVED_CANON\approved_characters\moodz\moodz_01_neutral.png,source_material/imported_canon/approved_characters/moodz/moodz_01_neutral.png,moodz_01_neutral.png,png,925580,ba42ad0cc6f57f63f7d874b9ef08b995035aa21b5b76f2ab7ad13033b5592f4b,2026-07-28T13:24:03+00:00,character-art,authoritative,MZ-CHAR-001,,no,,none (byte-for-byte copy),"Approved character turnarounds, poses and expression sheets for all twelve canon characters. Opaque backgrounds; not composite-ready."
canon-characters,I:\MonkeyZoo Comic Strip\Fusion Squad\MonkeyZoo_Comic_Factory\03_APPROVED_CANON\approved_characters\moodz\moodz_02_threeqtr.png,source_material/imported_canon/approved_characters/moodz/moodz_02_threeqtr.png,moodz_02_threeqtr.png,png,924062,c063348c5560cecb1c6ffd30c67e2136a283c12c1cf2aa974f65bd6362f33caf,2026-07-28T13:24:03+00:00,character-art,authoritative,MZ-CHAR-001,,no,,none (byte-for-byte copy),"Approved character turnarounds, poses and expression sheets for all twelve canon characters. Opaque backgrounds; not composite-ready."
canon-characters,I:\MonkeyZoo Comic Strip\Fusion Squad\MonkeyZoo_Comic_Factory\03_APPROVED_CANON\approved_characters\moodz\moodz_03_profile.png,source_material/imported_canon/approved_characters/moodz/moodz_03_profile.png,moodz_03_profile.png,png,913235,91b2e65f94c04e405bb73890b756af87df507979f0a900f5d635189e1c36d151,2026-07-28T13:24:03+00:00,character-art,authoritative,MZ-CHAR-001,,no,,none (byte-for-byte copy),"Approved character turnarounds, poses and expression sheets for all twelve canon characters. Opaque backgrounds; not composite-ready."
canon-characters,I:\MonkeyZoo Comic Strip\Fusion Squad\MonkeyZoo_Comic_Factory\03_APPROVED_CANON\approved_characters\moodz\moodz_04_overshoulder.png,source_material/imported_canon/approved_characters/moodz/moodz_04_overshoulder.png,moodz_04_overshoulder.png,png,906862,80f69a76873bac49637d4d38e479d5a750008268bc11d7a51d410fcd6c30a37c,2026-07-28T13:24:03+00:00,character-art,authoritative,MZ-CHAR-001,,no,,none (byte-for-byte copy),"Approved character turnarounds, poses and expression sheets for all twelve canon characters. Opaque backgrounds; not composite-ready."
canon-characters,I:\MonkeyZoo Comic Strip\Fusion Squad\MonkeyZoo_Comic_Factory\03_APPROVED_CANON\approved_characters\moodz\moodz_05_portrait.png,source_material/imported_canon/approved_characters/moodz/moodz_05_portrait.png,moodz_05_portrait.png,png,873927,ebe3ea292e559f44700cb32272f38ec72234ad3628b9fa043348ddaacedfd1fc,2026-07-28T13:24:03+00:00,character-art,authoritative,MZ-CHAR-001,,no,,none (byte-for-byte copy),"Approved character turnarounds, poses and expression sheets for all twelve canon characters. Opaque backgrounds; not composite-ready."
canon-characters,I:\MonkeyZoo Comic Strip\Fusion Squad\MonkeyZoo_Comic_Factory\03_APPROVED_CANON\approved_characters\moodz\moodz_06_angry.png,source_material/imported_canon/approved_characters/moodz/moodz_06_angry.png,moodz_06_angry.png,png,958471,e66f6c7ae0df644f7f54a25ff3695f7f89f50f2b76ec89db8d8e837847943794,2026-07-28T13:24:03+00:00,character-art,authoritative,MZ-CHAR-001,,no,,none (byte-for-byte copy),"Approved character turnarounds, poses and expression sheets for all twelve canon characters. Opaque backgrounds; not composite-ready."
canon-characters,I:\MonkeyZoo Comic Strip\Fusion Squad\MonkeyZoo_Comic_Factory\03_APPROVED_CANON\approved_characters\moodz\moodz_07_sad.png,source_material/imported_canon/approved_characters/moodz/moodz_07_sad.png,moodz_07_sad.png,png,921955,489f58a0942e4cd4a70e50ca447574aad347d6d7c3ec76520fb29155f91d26eb,2026-07-28T13:24:03+00:00,character-art,authoritative,MZ-CHAR-001,,no,,none (byte-for-byte copy),"Approved character turnarounds, poses and expression sheets for all twelve canon characters. Opaque backgrounds; not composite-ready."
canon-characters,I:\MonkeyZoo Comic Strip\Fusion Squad\MonkeyZoo_Comic_Factory\03_APPROVED_CANON\approved_characters\moodz\moodz_08_shocked.png,source_material/imported_canon/approved_characters/moodz/moodz_08_shocked.png,moodz_08_shocked.png,png,957033,5aca2dd87bbc7be7e5d9590832b92f2223d516237680cb6591da11aff7143169,2026-07-28T13:24:03+00:00,character-art,authoritative,MZ-CHAR-001,,no,,none (byte-for-byte copy),"Approved character turnarounds, poses and expression sheets for all twelve canon characters. Opaque backgrounds; not composite-ready."
canon-characters,I:\MonkeyZoo Comic Strip\Fusion Squad\MonkeyZoo_Comic_Factory\03_APPROVED_CANON\approved_characters\moodz\moodz_09_smile.png,source_material/imported_canon/approved_characters/moodz/moodz_09_smile.png,moodz_09_smile.png,png,923555,9505c5241c7ac1e7499c175d06c5b84ebe5c3d7bb082c6fbd6bf84fb009808e4,2026-07-28T13:24:03+00:00,character-art,authoritative,MZ-CHAR-001,,no,,none (byte-for-byte copy),"Approved character turnarounds, poses and expression sheets for all twelve canon characters. Opaque backgrounds; not composite-ready."
canon-characters,I:\MonkeyZoo Comic Strip\Fusion Squad\MonkeyZoo_Comic_Factory\03_APPROVED_CANON\approved_characters\moodz\moodz_10_walking.png,source_material/imported_canon/approved_characters/moodz/moodz_10_walking.png,moodz_10_walking.png,png,487798,b23ccb65e7c7c688b41fa94a80a3bb8cfcb0e4a14acdc882d38deb92d40b73a4,2026-07-28T13:24:03+00:00,character-art,authoritative,MZ-CHAR-001,,no,,none (byte-for-byte copy),"Approved character turnarounds, poses and expression sheets for all twelve canon characters. Opaque backgrounds; not composite-ready."
canon-characters,I:\MonkeyZoo Comic Strip\Fusion Squad\MonkeyZoo_Comic_Factory\03_APPROVED_CANON\approved_characters\moodz\moodz_11_armscrossed.png,source_material/imported_canon/approved_characters/moodz/moodz_11_armscrossed.png,moodz_11_armscrossed.png,png,1005855,181b100193d8c7f44c8516ca015f3e7439d1d8b455d2d9ae4190a3456f584d73,2026-07-28T13:24:03+00:00,character-art,authoritative,MZ-CHAR-001,,no,,none (byte-for-byte copy),"Approved character turnarounds, poses and expression sheets for all twelve canon characters. Opaque backgrounds; not composite-ready."
canon-characters,I:\MonkeyZoo Comic Strip\Fusion Squad\MonkeyZoo_Comic_Factory\03_APPROVED_CANON\approved_characters\moodz\moodz_12_sitting.png,source_material/imported_canon/approved_characters/moodz/moodz_12_sitting.png,moodz_12_sitting.png,png,963307,734f9b0be72c4b09d0d6b2af8e4996d6e7c55a242e7d464ec4bd82c1807516e9,2026-07-28T13:24:03+00:00,character-art,authoritative,MZ-CHAR-001,,no,,none (byte-for-byte copy),"Approved character turnarounds, poses and expression sheets for all twelve canon characters. Opaque backgrounds; not composite-ready."
canon-characters,I:\MonkeyZoo Comic Strip\Fusion Squad\MonkeyZoo_Comic_Factory\03_APPROVED_CANON\approved_characters\moodz\moodz_13_pointing.png,source_material/imported_canon/approved_characters/moodz/moodz_13_pointing.png,moodz_13_pointing.png,png,978450,fb9b0d0ac35e969dc3239e7cfdb46516271c6f82c9701bbbaf21f5a405907db9,2026-07-28T13:24:03+00:00,character-art,authoritative,MZ-CHAR-001,,no,,none (byte-for-byte copy),"Approved character turnarounds, poses and expression sheets for all twelve canon characters. Opaque backgrounds; not composite-ready."
canon-characters,I:\MonkeyZoo Comic Strip\Fusion Squad\MonkeyZoo_Comic_Factory\03_APPROVED_CANON\approved_characters\moodz\moodz_14_shout.png,source_material/imported_canon/approved_characters/moodz/moodz_14_shout.png,moodz_14_shout.png,png,1019753,3785ba8ffc11df5255fa81d0df6082abf9d6cac4c91c1b99f2022679e1044372,2026-07-28T13:24:03+00:00,character-art,authoritative,MZ-CHAR-001,,no,,none (byte-for-byte copy),"Approved character turnarounds, poses and expression sheets for all twelve canon characters. Opaque backgrounds; not composite-ready."
canon-characters,I:\MonkeyZoo Comic Strip\Fusion Squad\MonkeyZoo_Comic_Factory\03_APPROVED_CANON\approved_characters\moodz\moodz_15_laughing.png,source_material/imported_canon/approved_characters/moodz/moodz_15_laughing.png,moodz_15_laughing.png,png,560957,aafa0442e2dc681b908e3dadb3844e6a746933961d5771a859249dcd10dd381c,2026-07-28T13:24:03+00:00,character-art,authoritative,MZ-CHAR-001,,no,,none (byte-for-byte copy),"Approved character turnarounds, poses and expression sheets for all twelve canon characters. Opaque backgrounds; not composite-ready."
canon-characters,I:\MonkeyZoo Comic Strip\Fusion Squad\MonkeyZoo_Comic_Factory\03_APPROVED_CANON\approved_characters\moodz\moodz_16_worried.png,source_material/imported_canon/approved_characters/moodz/moodz_16_worried.png,moodz_16_worried.png,png,530261,e9c8e733e55e282809344ecb36f4b18273fdead61d0b055a25dd13367c6a4c8e,2026-07-28T13:24:03+00:00,character-art,authoritative,MZ-CHAR-001,,no,,none (byte-for-byte copy),"Approved character turnarounds, poses and expression sheets for all twelve canon characters. Opaque backgrounds; not composite-ready."
canon-characters,I:\MonkeyZoo Comic Strip\Fusion Squad\MonkeyZoo_Comic_Factory\03_APPROVED_CANON\approved_characters\moodz\moodz_17_disgusted.png,source_material/imported_canon/approved_characters/moodz/moodz_17_disgusted.png,moodz_17_disgusted.png,png,567016,cbace7ed4cdc59d9bd690c70b9a7efbe3204f2bbe963dd6663cfd9b5efd65614,2026-07-28T13:24:03+00:00,character-art,authoritative,MZ-CHAR-001,,no,,none (byte-for-byte copy),"Approved character turnarounds, poses and expression sheets for all twelve canon characters. Opaque backgrounds; not composite-ready."
canon-characters,I:\MonkeyZoo Comic Strip\Fusion Squad\MonkeyZoo_Comic_Factory\03_APPROVED_CANON\approved_characters\moodz\moodz_18_sleepy.png,source_material/imported_canon/approved_characters/moodz/moodz_18_sleepy.png,moodz_18_sleepy.png,png,455812,cb54de18a44406dba699b34785a016ffdb1fc19661e96d50fbecc2f0bb4cf010,2026-07-28T13:24:03+00:00,character-art,authoritative,MZ-CHAR-001,,no,,none (byte-for-byte copy),"Approved character turnarounds, poses and expression sheets for all twelve canon characters. Opaque backgrounds; not composite-ready."
canon-characters,I:\MonkeyZoo Comic Strip\Fusion Squad\MonkeyZoo_Comic_Factory\03_APPROVED_CANON\approved_characters\moodz\moodz_19_determined.png,source_material/imported_canon/approved_characters/moodz/moodz_19_determined.png,moodz_19_determined.png,png,466798,098b48debbbd426392951decf7c19b852f310f8d17233bbe9f00f546bf52c8df,2026-07-28T13:24:03+00:00,character-art,authoritative,MZ-CHAR-001,,no,,none (byte-for-byte copy),"Approved character turnarounds, poses and expression sheets for all twelve canon characters. Opaque backgrounds; not composite-ready."
canon-characters,I:\MonkeyZoo Comic Strip\Fusion Squad\MonkeyZoo_Comic_Factory\03_APPROVED_CANON\approved_characters\moodz\moodz_20_confused.png,source_material/imported_canon/approved_characters/moodz/moodz_20_confused.png,moodz_20_confused.png,png,457332,fdee5dd205045308adab88e52c45fe4b434de24b21810ff1e37dc15d6d276d85,2026-07-28T13:24:03+00:00,character-art,authoritative,MZ-CHAR-001,,no,,none (byte-for-byte copy),"Approved character turnarounds, poses and expression sheets for all twelve canon characters. Opaque backgrounds; not composite-ready."
canon-characters,I:\MonkeyZoo Comic Strip\Fusion Squad\MonkeyZoo_Comic_Factory\03_APPROVED_CANON\approved_characters\moodz\moodz_21_running.png,source_material/imported_canon/approved_characters/moodz/moodz_21_running.png,moodz_21_running.png,png,491910,3a15ad5bdc4690c95eea3e7b20e9f3d0c4e666c1d814781ee9bf671d28668b6b,2026-07-28T13:24:03+00:00,character-art,authoritative,MZ-CHAR-001,,no,,none (byte-for-byte copy),"Approved character turnarounds, poses and expression sheets for all twelve canon characters. Opaque backgrounds; not composite-ready."
canon-characters,I:\MonkeyZoo Comic Strip\Fusion Squad\MonkeyZoo_Comic_Factory\03_APPROVED_CANON\approved_characters\moodz\moodz_22_jumping.png,source_material/imported_canon/approved_characters/moodz/moodz_22_jumping.png,moodz_22_jumping.png,png,504204,3b6bca8fee772040c6e3ee27e6c522e14c1e9583b5ddbabb566c2b84572a64e8,2026-07-28T13:24:03+00:00,character-art,authoritative,MZ-CHAR-001,,no,,none (byte-for-byte copy),"Approved character turnarounds, poses and expression sheets for all twelve canon characters. Opaque backgrounds; not composite-ready."
canon-characters,I:\MonkeyZoo Comic Strip\Fusion Squad\MonkeyZoo_Comic_Factory\03_APPROVED_CANON\approved_characters\moodz\moodz_23_waving.png,source_material/imported_canon/approved_characters/moodz/moodz_23_waving.png,moodz_23_waving.png,png,506621,7e04c687e6c5299187fcfbc7b752fd454f264fa331fe5985adf9de7715332739,2026-07-28T13:24:03+00:00,character-art,authoritative,MZ-CHAR-001,,no,,none (byte-for-byte copy),"Approved character turnarounds, poses and expression sheets for all twelve canon characters. Opaque backgrounds; not composite-ready."
canon-characters,I:\MonkeyZoo Comic Strip\Fusion Squad\MonkeyZoo_Comic_Factory\03_APPROVED_CANON\approved_characters\moodz\moodz_24_thinking.png,source_material/imported_canon/approved_characters/moodz/moodz_24_thinking.png,moodz_24_thinking.png,png,510094,98de837c564f7e648505e764d7aa81bdae31f7a1ae973e77e09414875ae355e8,2026-07-28T13:24:03+00:00,character-art,authoritative,MZ-CHAR-001,,no,,none (byte-for-byte copy),"Approved character turnarounds, poses and expression sheets for all twelve canon characters. Opaque backgrounds; not composite-ready."
canon-characters,I:\MonkeyZoo Comic Strip\Fusion Squad\MonkeyZoo_Comic_Factory\03_APPROVED_CANON\approved_characters\moodz\moodz_25_crouching.png,source_material/imported_canon/approved_characters/moodz/moodz_25_crouching.png,moodz_25_crouching.png,png,508637,1b44bd85a9c176b3afd4730f88faa0e4e432c3c16ec022e10bdb77feb5ddfcd5,2026-07-28T13:24:03+00:00,character-art,authoritative,MZ-CHAR-001,,no,,none (byte-for-byte copy),"Approved character turnarounds, poses and expression sheets for all twelve canon characters. Opaque backgrounds; not composite-ready."
canon-characters,I:\MonkeyZoo Comic Strip\Fusion Squad\MonkeyZoo_Comic_Factory\03_APPROVED_CANON\approved_characters\moodz\moodz_26_reaching.png,source_material/imported_canon/approved_characters/moodz/moodz_26_reaching.png,moodz_26_reaching.png,png,482763,1a1a8e61c1f15a0a054f0e4d2d1e438901e7cd1e00d07148695d43859ece6801,2026-07-28T13:24:03+00:00,character-art,authoritative,MZ-CHAR-001,,no,,none (byte-for-byte copy),"Approved character turnarounds, poses and expression sheets for all twelve canon characters. Opaque backgrounds; not composite-ready."
canon-characters,I:\MonkeyZoo Comic Strip\Fusion Squad\MonkeyZoo_Comic_Factory\03_APPROVED_CANON\approved_characters\moodz\moodz_27_defeated.png,source_material/imported_canon/approved_characters/moodz/moodz_27_defeated.png,moodz_27_defeated.png,png,458225,e5aa504c019c4d8e28d30112faa2ae7581f602146009753a45c767be63f86db1,2026-07-28T13:24:03+00:00,character-art,authoritative,MZ-CHAR-001,,no,,none (byte-for-byte copy),"Approved character turnarounds, poses and expression sheets for all twelve canon characters. Opaque backgrounds; not composite-ready."
canon-characters,I:\MonkeyZoo Comic Strip\Fusion Squad\MonkeyZoo_Comic_Factory\03_APPROVED_CANON\approved_characters\moodz\moodz_28_celebrating.png,source_material/imported_canon/approved_characters/moodz/moodz_28_celebrating.png,moodz_28_celebrating.png,png,520497,8e13ff5a086516ba9bf2cefd28bf1aac49c465f924aedc7aa9d282a446b293f6,2026-07-28T13:24:03+00:00,character-art,authoritative,MZ-CHAR-001,,no,,none (byte-for-byte copy),"Approved character turnarounds, poses and expression sheets for all twelve canon characters. Opaque backgrounds; not composite-ready."
canon-characters,I:\MonkeyZoo Comic Strip\Fusion Squad\MonkeyZoo_Comic_Factory\03_APPROVED_CANON\approved_characters\moodz\moodz_29_lookingup.png,source_material/imported_canon/approved_characters/moodz/moodz_29_lookingup.png,moodz_29_lookingup.png,png,482490,42818c54c79a6d473c642c9ea303748b2cd0173cf3775f3a08db5fdcbd7ceb57,2026-07-28T13:24:03+00:00,character-art,authoritative,MZ-CHAR-001,,no,,none (byte-for-byte copy),"Approved character turnarounds, poses and expression sheets for all twelve canon characters. Opaque backgrounds; not composite-ready."
canon-characters,I:\MonkeyZoo Comic Strip\Fusion Squad\MonkeyZoo_Comic_Factory\03_APPROVED_CANON\approved_characters\moodz\moodz_30_backview.png,source_material/imported_canon/approved_characters/moodz/moodz_30_backview.png,moodz_30_backview.png,png,454083,928ec7f44607508ff61de23d95866c6e59b8d14779c34a5cd1c285262fb5845f,2026-07-28T13:24:03+00:00,character-art,authoritative,MZ-CHAR-001,,no,,none (byte-for-byte copy),"Approved character turnarounds, poses and expression sheets for all twelve canon characters. Opaque backgrounds; not composite-ready."
canon-characters,I:\MonkeyZoo Comic Strip\Fusion Squad\MonkeyZoo_Comic_Factory\03_APPROVED_CANON\approved_characters\neonblue\neonblue.webp,source_material/imported_canon/approved_characters/neonblue/neonblue.webp,neonblue.webp,webp,99252,bd99e83e9680a9c1b4a4a3663c5d09ee5a37e16cc70e6ed3452525f9ebe50937,2026-07-28T13:24:03+00:00,character-art,authoritative,MZ-CHAR-005,,no,source_material/imported_canon/approved_characters/factions/neonblue.webp,none (byte-for-byte copy),"Approved character turnarounds, poses and expression sheets for all twelve canon characters. Opaque backgrounds; not composite-ready."
canon-characters,I:\MonkeyZoo Comic Strip\Fusion Squad\MonkeyZoo_Comic_Factory\03_APPROVED_CANON\approved_characters\neonblue\neonblue_00_clean_base.png,source_material/imported_canon/approved_characters/neonblue/neonblue_00_clean_base.png,neonblue_00_clean_base.png,png,481488,1d5fd2bc4a458da3056edd9ae7bda3fcd430f04c1b8a5ffa10a1a3b8b7aa1f8e,2026-07-28T13:24:03+00:00,character-art,authoritative,MZ-CHAR-005,,no,,none (byte-for-byte copy),"Approved character turnarounds, poses and expression sheets for all twelve canon characters. Opaque backgrounds; not composite-ready."
canon-characters,I:\MonkeyZoo Comic Strip\Fusion Squad\MonkeyZoo_Comic_Factory\03_APPROVED_CANON\approved_characters\neonblue\neonblue_01_neutral.png,source_material/imported_canon/approved_characters/neonblue/neonblue_01_neutral.png,neonblue_01_neutral.png,png,992291,0a079bf2f6f05fdcdec4e9134f24d8e31ae4c4f18a3547102cb27820032d52ce,2026-07-28T13:24:03+00:00,character-art,authoritative,MZ-CHAR-005,,no,,none (byte-for-byte copy),"Approved character turnarounds, poses and expression sheets for all twelve canon characters. Opaque backgrounds; not composite-ready."
canon-characters,I:\MonkeyZoo Comic Strip\Fusion Squad\MonkeyZoo_Comic_Factory\03_APPROVED_CANON\approved_characters\neonblue\neonblue_02_threeqtr.png,source_material/imported_canon/approved_characters/neonblue/neonblue_02_threeqtr.png,neonblue_02_threeqtr.png,png,1005489,50d1aedad75e6eca3539242de4550e3247438fe7428c19afcc3331007957bda9,2026-07-28T13:24:03+00:00,character-art,authoritative,MZ-CHAR-005,,no,,none (byte-for-byte copy),"Approved character turnarounds, poses and expression sheets for all twelve canon characters. Opaque backgrounds; not composite-ready."
canon-characters,I:\MonkeyZoo Comic Strip\Fusion Squad\MonkeyZoo_Comic_Factory\03_APPROVED_CANON\approved_characters\neonblue\neonblue_03_profile.png,source_material/imported_canon/approved_characters/neonblue/neonblue_03_profile.png,neonblue_03_profile.png,png,993384,4b353bf4a9f2198008624653b3fb42da301ea04317c64c7a0a4372b1d92f5d34,2026-07-28T13:24:03+00:00,character-art,authoritative,MZ-CHAR-005,,no,,none (byte-for-byte copy),"Approved character turnarounds, poses and expression sheets for all twelve canon characters. Opaque backgrounds; not composite-ready."
canon-characters,I:\MonkeyZoo Comic Strip\Fusion Squad\MonkeyZoo_Comic_Factory\03_APPROVED_CANON\approved_characters\neonblue\neonblue_04_overshoulder.png,source_material/imported_canon/approved_characters/neonblue/neonblue_04_overshoulder.png,neonblue_04_overshoulder.png,png,996939,3faa60742f8288ebfbc703427ce170b9fbc1a830af3efeaf0fb9d100c00d0a31,2026-07-28T13:24:03+00:00,character-art,authoritative,MZ-CHAR-005,,no,,none (byte-for-byte copy),"Approved character turnarounds, poses and expression sheets for all twelve canon characters. Opaque backgrounds; not composite-ready."
canon-characters,I:\MonkeyZoo Comic Strip\Fusion Squad\MonkeyZoo_Comic_Factory\03_APPROVED_CANON\approved_characters\neonblue\neonblue_05_portrait.png,source_material/imported_canon/approved_characters/neonblue/neonblue_05_portrait.png,neonblue_05_portrait.png,png,977043,e658e4163d6ea6be958ce395ebe175a1f9f053dc388e0df2482fbe2beed24727,2026-07-28T13:24:03+00:00,character-art,authoritative,MZ-CHAR-005,,no,,none (byte-for-byte copy),"Approved character turnarounds, poses and expression sheets for all twelve canon characters. Opaque backgrounds; not composite-ready."
canon-characters,I:\MonkeyZoo Comic Strip\Fusion Squad\MonkeyZoo_Comic_Factory\03_APPROVED_CANON\approved_characters\neonblue\neonblue_06_angry.png,source_material/imported_canon/approved_characters/neonblue/neonblue_06_angry.png,neonblue_06_angry.png,png,902429,33016694ef2c39047962fde4c82d1abfbf4968b1276bf2b39997277597120b66,2026-07-28T13:24:03+00:00,character-art,authoritative,MZ-CHAR-005,,no,,none (byte-for-byte copy),"Approved character turnarounds, poses and expression sheets for all twelve canon characters. Opaque backgrounds; not composite-ready."
canon-characters,I:\MonkeyZoo Comic Strip\Fusion Squad\MonkeyZoo_Comic_Factory\03_APPROVED_CANON\approved_characters\neonblue\neonblue_07_sad.png,source_material/imported_canon/approved_characters/neonblue/neonblue_07_sad.png,neonblue_07_sad.png,png,1009851,1be426d5d51e18ca0ffc545e6ea82765cd6eed2131e1319a85e01807138e38b4,2026-07-28T13:24:03+00:00,character-art,authoritative,MZ-CHAR-005,,no,,none (byte-for-byte copy),"Approved character turnarounds, poses and expression sheets for all twelve canon characters. Opaque backgrounds; not composite-ready."
canon-characters,I:\MonkeyZoo Comic Strip\Fusion Squad\MonkeyZoo_Comic_Factory\03_APPROVED_CANON\approved_characters\neonblue\neonblue_08_shocked.png,source_material/imported_canon/approved_characters/neonblue/neonblue_08_shocked.png,neonblue_08_shocked.png,png,940053,b5bb3cff399d25e18a573e0358b43a7a9e9490ac54458230e1c5a19686ef46c5,2026-07-28T13:24:03+00:00,character-art,authoritative,MZ-CHAR-005,,no,,none (byte-for-byte copy),"Approved character turnarounds, poses and expression sheets for all twelve canon characters. Opaque backgrounds; not composite-ready."
canon-characters,I:\MonkeyZoo Comic Strip\Fusion Squad\MonkeyZoo_Comic_Factory\03_APPROVED_CANON\approved_characters\neonblue\neonblue_09_smile.png,source_material/imported_canon/approved_characters/neonblue/neonblue_09_smile.png,neonblue_09_smile.png,png,1000865,15d149e5a32095d5a33903104cdfe5b01b0ba6230e64da6f7cf8792ae129c919,2026-07-28T13:24:03+00:00,character-art,authoritative,MZ-CHAR-005,,no,,none (byte-for-byte copy),"Approved character turnarounds, poses and expression sheets for all twelve canon characters. Opaque backgrounds; not composite-ready."
canon-characters,I:\MonkeyZoo Comic Strip\Fusion Squad\MonkeyZoo_Comic_Factory\03_APPROVED_CANON\approved_characters\neonblue\neonblue_10_walking.png,source_material/imported_canon/approved_characters/neonblue/neonblue_10_walking.png,neonblue_10_walking.png,png,992927,4385a91e04faeb50a541e75bdca5c4ed0a3d62030f369eb844dd3158ec3a6ee6,2026-07-28T13:24:03+00:00,character-art,authoritative,MZ-CHAR-005,,no,,none (byte-for-byte copy),"Approved character turnarounds, poses and expression sheets for all twelve canon characters. Opaque backgrounds; not composite-ready."
canon-characters,I:\MonkeyZoo Comic Strip\Fusion Squad\MonkeyZoo_Comic_Factory\03_APPROVED_CANON\approved_characters\neonblue\neonblue_11_armscrossed.png,source_material/imported_canon/approved_characters/neonblue/neonblue_11_armscrossed.png,neonblue_11_armscrossed.png,png,1020687,078bacf2cd6f818adf8954c861c81a659deb2988cf407c896763d6b41d22ada0,2026-07-28T13:24:03+00:00,character-art,authoritative,MZ-CHAR-005,,no,,none (byte-for-byte copy),"Approved character turnarounds, poses and expression sheets for all twelve canon characters. Opaque backgrounds; not composite-ready."
canon-characters,I:\MonkeyZoo Comic Strip\Fusion Squad\MonkeyZoo_Comic_Factory\03_APPROVED_CANON\approved_characters\neonblue\neonblue_12_sitting.png,source_material/imported_canon/approved_characters/neonblue/neonblue_12_sitting.png,neonblue_12_sitting.png,png,956448,aff1ff1483a8e463aa2ba842344abbf524413ce2e9b66b28edfa459f02847f4f,2026-07-28T13:24:03+00:00,character-art,authoritative,MZ-CHAR-005,,no,,none (byte-for-byte copy),"Approved character turnarounds, poses and expression sheets for all twelve canon characters. Opaque backgrounds; not composite-ready."
canon-characters,I:\MonkeyZoo Comic Strip\Fusion Squad\MonkeyZoo_Comic_Factory\03_APPROVED_CANON\approved_characters\neonblue\neonblue_13_pointing.png,source_material/imported_canon/approved_characters/neonblue/neonblue_13_pointing.png,neonblue_13_pointing.png,png,998592,1fee9c7eb055dfedabf2437683a5cedc27e845c66e49c2385b2d8ca83e59f979,2026-07-28T13:24:03+00:00,character-art,authoritative,MZ-CHAR-005,,no,,none (byte-for-byte copy),"Approved character turnarounds, poses and expression sheets for all twelve canon characters. Opaque backgrounds; not composite-ready."
canon-characters,I:\MonkeyZoo Comic Strip\Fusion Squad\MonkeyZoo_Comic_Factory\03_APPROVED_CANON\approved_characters\neonblue\neonblue_14_shout.png,source_material/imported_canon/approved_characters/neonblue/neonblue_14_shout.png,neonblue_14_shout.png,png,970998,0016b790b3d7815d92335bbf0cece7dd296e0f6186ad81c76a1076006a3b7f93,2026-07-28T13:24:03+00:00,character-art,authoritative,MZ-CHAR-005,,no,,none (byte-for-byte copy),"Approved character turnarounds, poses and expression sheets for all twelve canon characters. Opaque backgrounds; not composite-ready."
canon-characters,I:\MonkeyZoo Comic Strip\Fusion Squad\MonkeyZoo_Comic_Factory\03_APPROVED_CANON\approved_characters\neonblue\neonblue_15_laughing.png,source_material/imported_canon/approved_characters/neonblue/neonblue_15_laughing.png,neonblue_15_laughing.png,png,616428,c64b6b71b75ada7b65584e1e3c59b9c477d0ed9cc6c22941c345d83c02f1ef08,2026-07-28T13:24:03+00:00,character-art,authoritative,MZ-CHAR-005,,no,,none (byte-for-byte copy),"Approved character turnarounds, poses and expression sheets for all twelve canon characters. Opaque backgrounds; not composite-ready."
canon-characters,I:\MonkeyZoo Comic Strip\Fusion Squad\MonkeyZoo_Comic_Factory\03_APPROVED_CANON\approved_characters\neonblue\neonblue_16_worried.png,source_material/imported_canon/approved_characters/neonblue/neonblue_16_worried.png,neonblue_16_worried.png,png,587312,3f413efa5e3215409cd7c766853e218a09e267d02807f3ac2e5332d54e6cfc0e,2026-07-28T13:24:03+00:00,character-art,authoritative,MZ-CHAR-005,,no,,none (byte-for-byte copy),"Approved character turnarounds, poses and expression sheets for all twelve canon characters. Opaque backgrounds; not composite-ready."
canon-characters,I:\MonkeyZoo Comic Strip\Fusion Squad\MonkeyZoo_Comic_Factory\03_APPROVED_CANON\approved_characters\neonblue\neonblue_17_disgusted.png,source_material/imported_canon/approved_characters/neonblue/neonblue_17_disgusted.png,neonblue_17_disgusted.png,png,618834,b586e21dd7150898f72b512ccd90d251fcc3e443c44f880711d4a5e83e382a72,2026-07-28T13:24:03+00:00,character-art,authoritative,MZ-CHAR-005,,no,,none (byte-for-byte copy),"Approved character turnarounds, poses and expression sheets for all twelve canon characters. Opaque backgrounds; not composite-ready."
canon-characters,I:\MonkeyZoo Comic Strip\Fusion Squad\MonkeyZoo_Comic_Factory\03_APPROVED_CANON\approved_characters\neonblue\neonblue_18_sleepy.png,source_material/imported_canon/approved_characters/neonblue/neonblue_18_sleepy.png,neonblue_18_sleepy.png,png,584976,a56d31ca875ade6df328293ff95229b07fb8e8601faff6d4d0d5c0981e0c3326,2026-07-28T13:24:03+00:00,character-art,authoritative,MZ-CHAR-005,,no,,none (byte-for-byte copy),"Approved character turnarounds, poses and expression sheets for all twelve canon characters. Opaque backgrounds; not composite-ready."
canon-characters,I:\MonkeyZoo Comic Strip\Fusion Squad\MonkeyZoo_Comic_Factory\03_APPROVED_CANON\approved_characters\neonblue\neonblue_19_determined.png,source_material/imported_canon/approved_characters/neonblue/neonblue_19_determined.png,neonblue_19_determined.png,png,650817,46778e13b045cddf08851d01523e3c49ea5844f3dcafac5f5b826814e873f264,2026-07-28T13:24:03+00:00,character-art,authoritative,MZ-CHAR-005,,no,,none (byte-for-byte copy),"Approved character turnarounds, poses and expression sheets for all twelve canon characters. Opaque backgrounds; not composite-ready."
canon-characters,I:\MonkeyZoo Comic Strip\Fusion Squad\MonkeyZoo_Comic_Factory\03_APPROVED_CANON\approved_characters\neonblue\neonblue_20_confused.png,source_material/imported_canon/approved_characters/neonblue/neonblue_20_confused.png,neonblue_20_confused.png,png,560238,73ddcb21d2b4ea8e5eee619c1a95a9236392c50b4b76606c6d465260d51143f8,2026-07-28T13:24:03+00:00,character-art,authoritative,MZ-CHAR-005,,no,,none (byte-for-byte copy),"Approved character turnarounds, poses and expression sheets for all twelve canon characters. Opaque backgrounds; not composite-ready."
canon-characters,I:\MonkeyZoo Comic Strip\Fusion Squad\MonkeyZoo_Comic_Factory\03_APPROVED_CANON\approved_characters\neonblue\neonblue_21_running.png,source_material/imported_canon/approved_characters/neonblue/neonblue_21_running.png,neonblue_21_running.png,png,585416,07919dc0be03cf6c20cdc8e42e87f1a179298046895c35d413f964c09380ebc7,2026-07-28T13:24:03+00:00,character-art,authoritative,MZ-CHAR-005,,no,,none (byte-for-byte copy),"Approved character turnarounds, poses and expression sheets for all twelve canon characters. Opaque backgrounds; not composite-ready."
canon-characters,I:\MonkeyZoo Comic Strip\Fusion Squad\MonkeyZoo_Comic_Factory\03_APPROVED_CANON\approved_characters\neonblue\neonblue_22_jumping.png,source_material/imported_canon/approved_characters/neonblue/neonblue_22_jumping.png,neonblue_22_jumping.png,png,629487,7bb5caaada9b0cf1257a0f0cb5c137772504fa19d04de80c4bf0e1ff4714f539,2026-07-28T13:24:03+00:00,character-art,authoritative,MZ-CHAR-005,,no,,none (byte-for-byte copy),"Approved character turnarounds, poses and expression sheets for all twelve canon characters. Opaque backgrounds; not composite-ready."
canon-characters,I:\MonkeyZoo Comic Strip\Fusion Squad\MonkeyZoo_Comic_Factory\03_APPROVED_CANON\approved_characters\neonblue\neonblue_23_waving.png,source_material/imported_canon/approved_characters/neonblue/neonblue_23_waving.png,neonblue_23_waving.png,png,653059,af65272bcbaa809f897b124f5946671402b9aecba8592add5581dd45bef29c5d,2026-07-28T13:24:03+00:00,character-art,authoritative,MZ-CHAR-005,,no,,none (byte-for-byte copy),"Approved character turnarounds, poses and expression sheets for all twelve canon characters. Opaque backgrounds; not composite-ready."
canon-characters,I:\MonkeyZoo Comic Strip\Fusion Squad\MonkeyZoo_Comic_Factory\03_APPROVED_CANON\approved_characters\neonblue\neonblue_24_thinking.png,source_material/imported_canon/approved_characters/neonblue/neonblue_24_thinking.png,neonblue_24_thinking.png,png,631674,a050497e74ada61dc642a7e8a7e9916dd1ccef8131af3d26651d0a610db56b4d,2026-07-28T13:24:03+00:00,character-art,authoritative,MZ-CHAR-005,,no,,none (byte-for-byte copy),"Approved character turnarounds, poses and expression sheets for all twelve canon characters. Opaque backgrounds; not composite-ready."
canon-characters,I:\MonkeyZoo Comic Strip\Fusion Squad\MonkeyZoo_Comic_Factory\03_APPROVED_CANON\approved_characters\neonblue\neonblue_25_crouching.png,source_material/imported_canon/approved_characters/neonblue/neonblue_25_crouching.png,neonblue_25_crouching.png,png,612340,aa322309852287a17d65d0061756bbb786efa7fd98137591a9d2d8da747bfa26,2026-07-28T13:24:03+00:00,character-art,authoritative,MZ-CHAR-005,,no,,none (byte-for-byte copy),"Approved character turnarounds, poses and expression sheets for all twelve canon characters. Opaque backgrounds; not composite-ready."
canon-characters,I:\MonkeyZoo Comic Strip\Fusion Squad\MonkeyZoo_Comic_Factory\03_APPROVED_CANON\approved_characters\neonblue\neonblue_26_reaching.png,source_material/imported_canon/approved_characters/neonblue/neonblue_26_reaching.png,neonblue_26_reaching.png,png,538866,50159ceefb57fd258aad3fbfeba7ec01c09f09400d6cf7fc1379dd301e527c04,2026-07-28T13:24:03+00:00,character-art,authoritative,MZ-CHAR-005,,no,,none (byte-for-byte copy),"Approved character turnarounds, poses and expression sheets for all twelve canon characters. Opaque backgrounds; not composite-ready."
canon-characters,I:\MonkeyZoo Comic Strip\Fusion Squad\MonkeyZoo_Comic_Factory\03_APPROVED_CANON\approved_characters\neonblue\neonblue_27_defeated.png,source_material/imported_canon/approved_characters/neonblue/neonblue_27_defeated.png,neonblue_27_defeated.png,png,598949,3859281bb307f3f78d1d6b4dc8f40f4d42b65c0667718c8defcca7fe95e9c5dd,2026-07-28T13:24:03+00:00,character-art,authoritative,MZ-CHAR-005,,no,,none (byte-for-byte copy),"Approved character turnarounds, poses and expression sheets for all twelve canon characters. Opaque backgrounds; not composite-ready."
canon-characters,I:\MonkeyZoo Comic Strip\Fusion Squad\MonkeyZoo_Comic_Factory\03_APPROVED_CANON\approved_characters\neonblue\neonblue_28_celebrating.png,source_material/imported_canon/approved_characters/neonblue/neonblue_28_celebrating.png,neonblue_28_celebrating.png,png,544460,e12fd34a54add31e8326bbf84f07f97c84e7eadf0f1a1447c5a4bea751233e6d,2026-07-28T13:24:03+00:00,character-art,authoritative,MZ-CHAR-005,,no,,none (byte-for-byte copy),"Approved character turnarounds, poses and expression sheets for all twelve canon characters. Opaque backgrounds; not composite-ready."
canon-characters,I:\MonkeyZoo Comic Strip\Fusion Squad\MonkeyZoo_Comic_Factory\03_APPROVED_CANON\approved_characters\neonblue\neonblue_29_lookingup.png,source_material/imported_canon/approved_characters/neonblue/neonblue_29_lookingup.png,neonblue_29_lookingup.png,png,596412,48fb9ecc4fce72dfa62e3b50cfa24f0f2920c9059bea9fc6b51af86bd775bf7f,2026-07-28T13:24:03+00:00,character-art,authoritative,MZ-CHAR-005,,no,,none (byte-for-byte copy),"Approved character turnarounds, poses and expression sheets for all twelve canon characters. Opaque backgrounds; not composite-ready."
canon-characters,I:\MonkeyZoo Comic Strip\Fusion Squad\MonkeyZoo_Comic_Factory\03_APPROVED_CANON\approved_characters\neonblue\neonblue_30_backview.png,source_material/imported_canon/approved_characters/neonblue/neonblue_30_backview.png,neonblue_30_backview.png,png,617399,555f07d0f8ab29fc77d48d94cb5eba078729543c9c42d1771d733adefc99aac5,2026-07-28T13:24:03+00:00,character-art,authoritative,MZ-CHAR-005,,no,,none (byte-for-byte copy),"Approved character turnarounds, poses and expression sheets for all twelve canon characters. Opaque backgrounds; not composite-ready."
canon-characters,I:\MonkeyZoo Comic Strip\Fusion Squad\MonkeyZoo_Comic_Factory\03_APPROVED_CANON\approved_characters\scarline\scarline.webp,source_material/imported_canon/approved_characters/scarline/scarline.webp,scarline.webp,webp,12268,ac33a8c32d3796e802ad2c8f99d4b4456a263adfc9b1bbea4e87507331b95da4,2026-07-28T13:24:03+00:00,character-art,authoritative,MZ-CHAR-006,,no,source_material/imported_canon/approved_characters/factions/scarline.webp,none (byte-for-byte copy),"Approved character turnarounds, poses and expression sheets for all twelve canon characters. Opaque backgrounds; not composite-ready."
canon-characters,I:\MonkeyZoo Comic Strip\Fusion Squad\MonkeyZoo_Comic_Factory\03_APPROVED_CANON\approved_characters\scarline\scarline_00_clean_base.png,source_material/imported_canon/approved_characters/scarline/scarline_00_clean_base.png,scarline_00_clean_base.png,png,282359,fdf59ee35220b869a3e3072c132bfc368874a1f3d0dbb6497a164d67677cb97c,2026-07-28T13:24:03+00:00,character-art,authoritative,MZ-CHAR-006,,no,,none (byte-for-byte copy),"Approved character turnarounds, poses and expression sheets for all twelve canon characters. Opaque backgrounds; not composite-ready."
canon-characters,I:\MonkeyZoo Comic Strip\Fusion Squad\MonkeyZoo_Comic_Factory\03_APPROVED_CANON\approved_characters\scarline\scarline_01_neutral.png,source_material/imported_canon/approved_characters/scarline/scarline_01_neutral.png,scarline_01_neutral.png,png,737076,7d7d83a05a857e815a693774ecdeed5926312c9a11008c039374d37af25f9023,2026-07-28T13:24:03+00:00,character-art,authoritative,MZ-CHAR-006,,no,,none (byte-for-byte copy),"Approved character turnarounds, poses and expression sheets for all twelve canon characters. Opaque backgrounds; not composite-ready."
canon-characters,I:\MonkeyZoo Comic Strip\Fusion Squad\MonkeyZoo_Comic_Factory\03_APPROVED_CANON\approved_characters\scarline\scarline_02_threeqtr.png,source_material/imported_canon/approved_characters/scarline/scarline_02_threeqtr.png,scarline_02_threeqtr.png,png,685344,9f44dc01c30e337203ba06395be1da13a86bc4f0b94793711b1314f883cece73,2026-07-28T13:24:03+00:00,character-art,authoritative,MZ-CHAR-006,,no,,none (byte-for-byte copy),"Approved character turnarounds, poses and expression sheets for all twelve canon characters. Opaque backgrounds; not composite-ready."
canon-characters,I:\MonkeyZoo Comic Strip\Fusion Squad\MonkeyZoo_Comic_Factory\03_APPROVED_CANON\approved_characters\scarline\scarline_03_profile.png,source_material/imported_canon/approved_characters/scarline/scarline_03_profile.png,scarline_03_profile.png,png,774624,8afbb4e8387ed84cda2bd24447f438308ebea1a928bed0a7ab66985c0938abe7,2026-07-28T13:24:03+00:00,character-art,authoritative,MZ-CHAR-006,,no,,none (byte-for-byte copy),"Approved character turnarounds, poses and expression sheets for all twelve canon characters. Opaque backgrounds; not composite-ready."
canon-characters,I:\MonkeyZoo Comic Strip\Fusion Squad\MonkeyZoo_Comic_Factory\03_APPROVED_CANON\approved_characters\scarline\scarline_04_overshoulder.png,source_material/imported_canon/approved_characters/scarline/scarline_04_overshoulder.png,scarline_04_overshoulder.png,png,806464,1f98ab4ec2e74bde5f2b4c2d8bbfd875289820bd90813e04b4522a178d397505,2026-07-28T13:24:03+00:00,character-art,authoritative,MZ-CHAR-006,,no,,none (byte-for-byte copy),"Approved character turnarounds, poses and expression sheets for all twelve canon characters. Opaque backgrounds; not composite-ready."
canon-characters,I:\MonkeyZoo Comic Strip\Fusion Squad\MonkeyZoo_Comic_Factory\03_APPROVED_CANON\approved_characters\scarline\scarline_05_portrait.png,source_material/imported_canon/approved_characters/scarline/scarline_05_portrait.png,scarline_05_portrait.png,png,701688,197d65b14f761a2daf0f8b6e122526291478fb455ed1fd70902a46aa7bfbe42f,2026-07-28T13:24:03+00:00,character-art,authoritative,MZ-CHAR-006,,no,,none (byte-for-byte copy),"Approved character turnarounds, poses and expression sheets for all twelve canon characters. Opaque backgrounds; not composite-ready."
canon-characters,I:\MonkeyZoo Comic Strip\Fusion Squad\MonkeyZoo_Comic_Factory\03_APPROVED_CANON\approved_characters\scarline\scarline_06_angry.png,source_material/imported_canon/approved_characters/scarline/scarline_06_angry.png,scarline_06_angry.png,png,787108,33387c0e8587a536df4794a0e0ef30fcd018cd7e7d10cc139219a51463b454b4,2026-07-28T13:24:03+00:00,character-art,authoritative,MZ-CHAR-006,,no,,none (byte-for-byte copy),"Approved character turnarounds, poses and expression sheets for all twelve canon characters. Opaque backgrounds; not composite-ready."
canon-characters,I:\MonkeyZoo Comic Strip\Fusion Squad\MonkeyZoo_Comic_Factory\03_APPROVED_CANON\approved_characters\scarline\scarline_07_sad.png,source_material/imported_canon/approved_characters/scarline/scarline_07_sad.png,scarline_07_sad.png,png,755096,a2072328d8f9527e29bb1ad4329d46116c7d010aaec511781adf50168e4a7eac,2026-07-28T13:24:03+00:00,character-art,authoritative,MZ-CHAR-006,,no,,none (byte-for-byte copy),"Approved character turnarounds, poses and expression sheets for all twelve canon characters. Opaque backgrounds; not composite-ready."
canon-characters,I:\MonkeyZoo Comic Strip\Fusion Squad\MonkeyZoo_Comic_Factory\03_APPROVED_CANON\approved_characters\scarline\scarline_08_shocked.png,source_material/imported_canon/approved_characters/scarline/scarline_08_shocked.png,scarline_08_shocked.png,png,776651,4cb03d771398a7344745f58c1ce376b21f665ddc0c3cf3117983290be77d0a59,2026-07-28T13:24:03+00:00,character-art,authoritative,MZ-CHAR-006,,no,,none (byte-for-byte copy),"Approved character turnarounds, poses and expression sheets for all twelve canon characters. Opaque backgrounds; not composite-ready."
canon-characters,I:\MonkeyZoo Comic Strip\Fusion Squad\MonkeyZoo_Comic_Factory\03_APPROVED_CANON\approved_characters\scarline\scarline_09_smile.png,source_material/imported_canon/approved_characters/scarline/scarline_09_smile.png,scarline_09_smile.png,png,774891,49a4be931b4e29cab23ddbf7d82846238bc27fc151bb83c40e31a92bed71b0a0,2026-07-28T13:24:03+00:00,character-art,authoritative,MZ-CHAR-006,,no,,none (byte-for-byte copy),"Approved character turnarounds, poses and expression sheets for all twelve canon characters. Opaque backgrounds; not composite-ready."
canon-characters,I:\MonkeyZoo Comic Strip\Fusion Squad\MonkeyZoo_Comic_Factory\03_APPROVED_CANON\approved_characters\scarline\scarline_10_walking.png,source_material/imported_canon/approved_characters/scarline/scarline_10_walking.png,scarline_10_walking.png,png,791976,6d94f0f4300de116a0513bc44287fdad0d6b490fd741fd16192a55bb6ae4d945,2026-07-28T13:24:03+00:00,character-art,authoritative,MZ-CHAR-006,,no,,none (byte-for-byte copy),"Approved character turnarounds, poses and expression sheets for all twelve canon characters. Opaque backgrounds; not composite-ready."
canon-characters,I:\MonkeyZoo Comic Strip\Fusion Squad\MonkeyZoo_Comic_Factory\03_APPROVED_CANON\approved_characters\scarline\scarline_11_armscrossed.png,source_material/imported_canon/approved_characters/scarline/scarline_11_armscrossed.png,scarline_11_armscrossed.png,png,834377,790b3a6bcf838050dd181e6974961b577cbac4c540ceb22e3d413ed772a18793,2026-07-28T13:24:03+00:00,character-art,authoritative,MZ-CHAR-006,,no,,none (byte-for-byte copy),"Approved character turnarounds, poses and expression sheets for all twelve canon characters. Opaque backgrounds; not composite-ready."
canon-characters,I:\MonkeyZoo Comic Strip\Fusion Squad\MonkeyZoo_Comic_Factory\03_APPROVED_CANON\approved_characters\scarline\scarline_12_sitting.png,source_material/imported_canon/approved_characters/scarline/scarline_12_sitting.png,scarline_12_sitting.png,png,769867,428c5dc38cdba0fdfcb812253e1c0df4db84f34baf1bf38e1f5dbfe0eef29e18,2026-07-28T13:24:03+00:00,character-art,authoritative,MZ-CHAR-006,,no,,none (byte-for-byte copy),"Approved character turnarounds, poses and expression sheets for all twelve canon characters. Opaque backgrounds; not composite-ready."
canon-characters,I:\MonkeyZoo Comic Strip\Fusion Squad\MonkeyZoo_Comic_Factory\03_APPROVED_CANON\approved_characters\scarline\scarline_13_pointing.png,source_material/imported_canon/approved_characters/scarline/scarline_13_pointing.png,scarline_13_pointing.png,png,761495,44cca8a3983b62fa083e886dabb354ae58fd6b3fb409bb316ee20fc3a57093f7,2026-07-28T13:24:03+00:00,character-art,authoritative,MZ-CHAR-006,,no,,none (byte-for-byte copy),"Approved character turnarounds, poses and expression sheets for all twelve canon characters. Opaque backgrounds; not composite-ready."
canon-characters,I:\MonkeyZoo Comic Strip\Fusion Squad\MonkeyZoo_Comic_Factory\03_APPROVED_CANON\approved_characters\scarline\scarline_14_shout.png,source_material/imported_canon/approved_characters/scarline/scarline_14_shout.png,scarline_14_shout.png,png,869653,92eb8ad587b099016b30d4741547b3d27ed2638a39a0aa9b90dbf52e0d171052,2026-07-28T13:24:03+00:00,character-art,authoritative,MZ-CHAR-006,,no,,none (byte-for-byte copy),"Approved character turnarounds, poses and expression sheets for all twelve canon characters. Opaque backgrounds; not composite-ready."
canon-characters,I:\MonkeyZoo Comic Strip\Fusion Squad\MonkeyZoo_Comic_Factory\03_APPROVED_CANON\approved_characters\scarline\scarline_15_laughing.png,source_material/imported_canon/approved_characters/scarline/scarline_15_laughing.png,scarline_15_laughing.png,png,369350,d28c14c5f113a79d07d3bf656a3ee69d395bed603f9554e713c6c70c8a582cd7,2026-07-28T13:24:03+00:00,character-art,authoritative,MZ-CHAR-006,,no,,none (byte-for-byte copy),"Approved character turnarounds, poses and expression sheets for all twelve canon characters. Opaque backgrounds; not composite-ready."
canon-characters,I:\MonkeyZoo Comic Strip\Fusion Squad\MonkeyZoo_Comic_Factory\03_APPROVED_CANON\approved_characters\scarline\scarline_16_worried.png,source_material/imported_canon/approved_characters/scarline/scarline_16_worried.png,scarline_16_worried.png,png,335262,2b57c58ed95c23f7a8d93ad54bfdf8f59f973ebee403fd97225a79769d7fdfd0,2026-07-28T13:24:03+00:00,character-art,authoritative,MZ-CHAR-006,,no,,none (byte-for-byte copy),"Approved character turnarounds, poses and expression sheets for all twelve canon characters. Opaque backgrounds; not composite-ready."
canon-characters,I:\MonkeyZoo Comic Strip\Fusion Squad\MonkeyZoo_Comic_Factory\03_APPROVED_CANON\approved_characters\scarline\scarline_17_disgusted.png,source_material/imported_canon/approved_characters/scarline/scarline_17_disgusted.png,scarline_17_disgusted.png,png,350853,6ebc1883ed6f9fd940addb119f21ec275dc7bc6f205c3501e73eb6f67f8ff880,2026-07-28T13:24:03+00:00,character-art,authoritative,MZ-CHAR-006,,no,,none (byte-for-byte copy),"Approved character turnarounds, poses and expression sheets for all twelve canon characters. Opaque backgrounds; not composite-ready."
canon-characters,I:\MonkeyZoo Comic Strip\Fusion Squad\MonkeyZoo_Comic_Factory\03_APPROVED_CANON\approved_characters\scarline\scarline_18_sleepy.png,source_material/imported_canon/approved_characters/scarline/scarline_18_sleepy.png,scarline_18_sleepy.png,png,317764,124a0655ea5f6e0c357c51478611ccfa795e07271fe20bb54e1ec29af39d2064,2026-07-28T13:24:03+00:00,character-art,authoritative,MZ-CHAR-006,,no,,none (byte-for-byte copy),"Approved character turnarounds, poses and expression sheets for all twelve canon characters. Opaque backgrounds; not composite-ready."
canon-characters,I:\MonkeyZoo Comic Strip\Fusion Squad\MonkeyZoo_Comic_Factory\03_APPROVED_CANON\approved_characters\scarline\scarline_19_determined.png,source_material/imported_canon/approved_characters/scarline/scarline_19_determined.png,scarline_19_determined.png,png,353497,0318905924503a8a6d8b2a68291a25be6f1ce374413af66e94d2ae47c149df1f,2026-07-28T13:24:03+00:00,character-art,authoritative,MZ-CHAR-006,,no,,none (byte-for-byte copy),"Approved character turnarounds, poses and expression sheets for all twelve canon characters. Opaque backgrounds; not composite-ready."
canon-characters,I:\MonkeyZoo Comic Strip\Fusion Squad\MonkeyZoo_Comic_Factory\03_APPROVED_CANON\approved_characters\scarline\scarline_20_confused.png,source_material/imported_canon/approved_characters/scarline/scarline_20_confused.png,scarline_20_confused.png,png,327207,4cc500abac74ed73f3dcf3e0b84fdb8e2d4d4b259e02e896936077c0e8c10cc4,2026-07-28T13:24:03+00:00,character-art,authoritative,MZ-CHAR-006,,no,,none (byte-for-byte copy),"Approved character turnarounds, poses and expression sheets for all twelve canon characters. Opaque backgrounds; not composite-ready."
canon-characters,I:\MonkeyZoo Comic Strip\Fusion Squad\MonkeyZoo_Comic_Factory\03_APPROVED_CANON\approved_characters\scarline\scarline_21_running.png,source_material/imported_canon/approved_characters/scarline/scarline_21_running.png,scarline_21_running.png,png,319424,6d7874406136103bb6f279ccce3e3ccb0da34657852303bd6142dca9c4f2b7c3,2026-07-28T13:24:03+00:00,character-art,authoritative,MZ-CHAR-006,,no,,none (byte-for-byte copy),"Approved character turnarounds, poses and expression sheets for all twelve canon characters. Opaque backgrounds; not composite-ready."
canon-characters,I:\MonkeyZoo Comic Strip\Fusion Squad\MonkeyZoo_Comic_Factory\03_APPROVED_CANON\approved_characters\scarline\scarline_22_jumping.png,source_material/imported_canon/approved_characters/scarline/scarline_22_jumping.png,scarline_22_jumping.png,png,324784,d0ba801903d5024934d0c6dab0cfb10f5e48aa569c2010c717b7e91b21666bb8,2026-07-28T13:24:03+00:00,character-art,authoritative,MZ-CHAR-006,,no,,none (byte-for-byte copy),"Approved character turnarounds, poses and expression sheets for all twelve canon characters. Opaque backgrounds; not composite-ready."
canon-characters,I:\MonkeyZoo Comic Strip\Fusion Squad\MonkeyZoo_Comic_Factory\03_APPROVED_CANON\approved_characters\scarline\scarline_23_waving.png,source_material/imported_canon/approved_characters/scarline/scarline_23_waving.png,scarline_23_waving.png,png,333818,57f92b18f8daa0a1c777dbbc6d9bfed08b3e6cefda899b3b049b6a6208d0ca9b,2026-07-28T13:24:03+00:00,character-art,authoritative,MZ-CHAR-006,,no,,none (byte-for-byte copy),"Approved character turnarounds, poses and expression sheets for all twelve canon characters. Opaque backgrounds; not composite-ready."
canon-characters,I:\MonkeyZoo Comic Strip\Fusion Squad\MonkeyZoo_Comic_Factory\03_APPROVED_CANON\approved_characters\scarline\scarline_24_thinking.png,source_material/imported_canon/approved_characters/scarline/scarline_24_thinking.png,scarline_24_thinking.png,png,343509,ffb13320384b972adcd9ed50a789f84699e142ca4061969e16a5e0ed05e47b07,2026-07-28T13:24:03+00:00,character-art,authoritative,MZ-CHAR-006,,no,,none (byte-for-byte copy),"Approved character turnarounds, poses and expression sheets for all twelve canon characters. Opaque backgrounds; not composite-ready."
canon-characters,I:\MonkeyZoo Comic Strip\Fusion Squad\MonkeyZoo_Comic_Factory\03_APPROVED_CANON\approved_characters\scarline\scarline_25_crouching.png,source_material/imported_canon/approved_characters/scarline/scarline_25_crouching.png,scarline_25_crouching.png,png,324148,51050ac389502c4bb97d49366b8b005fdc4dd2321906983a48000344e8c24f5a,2026-07-28T13:24:03+00:00,character-art,authoritative,MZ-CHAR-006,,no,,none (byte-for-byte copy),"Approved character turnarounds, poses and expression sheets for all twelve canon characters. Opaque backgrounds; not composite-ready."
canon-characters,I:\MonkeyZoo Comic Strip\Fusion Squad\MonkeyZoo_Comic_Factory\03_APPROVED_CANON\approved_characters\scarline\scarline_26_reaching.png,source_material/imported_canon/approved_characters/scarline/scarline_26_reaching.png,scarline_26_reaching.png,png,328955,483b7e11d508ae0080f0a309f0bbea55701175196bda89a8a73e02566cf5aed8,2026-07-28T13:24:03+00:00,character-art,authoritative,MZ-CHAR-006,,no,,none (byte-for-byte copy),"Approved character turnarounds, poses and expression sheets for all twelve canon characters. Opaque backgrounds; not composite-ready."
canon-characters,I:\MonkeyZoo Comic Strip\Fusion Squad\MonkeyZoo_Comic_Factory\03_APPROVED_CANON\approved_characters\scarline\scarline_27_defeated.png,source_material/imported_canon/approved_characters/scarline/scarline_27_defeated.png,scarline_27_defeated.png,png,321196,24818f23f15e759561f19259aaaf405df94c802f2f743c6de8b28394d8fa7aa7,2026-07-28T13:24:03+00:00,character-art,authoritative,MZ-CHAR-006,,no,,none (byte-for-byte copy),"Approved character turnarounds, poses and expression sheets for all twelve canon characters. Opaque backgrounds; not composite-ready."
canon-characters,I:\MonkeyZoo Comic Strip\Fusion Squad\MonkeyZoo_Comic_Factory\03_APPROVED_CANON\approved_characters\scarline\scarline_28_celebrating.png,source_material/imported_canon/approved_characters/scarline/scarline_28_celebrating.png,scarline_28_celebrating.png,png,351769,71af28dc5c249e6688335d0c7c9ee686e335fe9f2016655abc89dbdfa9404a42,2026-07-28T13:24:03+00:00,character-art,authoritative,MZ-CHAR-006,,no,,none (byte-for-byte copy),"Approved character turnarounds, poses and expression sheets for all twelve canon characters. Opaque backgrounds; not composite-ready."
canon-characters,I:\MonkeyZoo Comic Strip\Fusion Squad\MonkeyZoo_Comic_Factory\03_APPROVED_CANON\approved_characters\scarline\scarline_29_lookingup.png,source_material/imported_canon/approved_characters/scarline/scarline_29_lookingup.png,scarline_29_lookingup.png,png,368643,7d0a7eafc576fb3caae6345a3112ec75db22af28274bd86c1d5f8ab6aa05fdac,2026-07-28T13:24:03+00:00,character-art,authoritative,MZ-CHAR-006,,no,,none (byte-for-byte copy),"Approved character turnarounds, poses and expression sheets for all twelve canon characters. Opaque backgrounds; not composite-ready."
canon-characters,I:\MonkeyZoo Comic Strip\Fusion Squad\MonkeyZoo_Comic_Factory\03_APPROVED_CANON\approved_characters\scarline\scarline_30_backview.png,source_material/imported_canon/approved_characters/scarline/scarline_30_backview.png,scarline_30_backview.png,png,319582,555b316a7d5af8d61334de2d25ba8d02725f7a24d66355d9a2679cb8122de438,2026-07-28T13:24:03+00:00,character-art,authoritative,MZ-CHAR-006,,no,,none (byte-for-byte copy),"Approved character turnarounds, poses and expression sheets for all twelve canon characters. Opaque backgrounds; not composite-ready."
canon-characters,I:\MonkeyZoo Comic Strip\Fusion Squad\MonkeyZoo_Comic_Factory\03_APPROVED_CANON\approved_characters\static\static.webp,source_material/imported_canon/approved_characters/static/static.webp,static.webp,webp,13290,8811cc2890d449d2c341b6705246616d6dbaaa9eafd227ca14ded44231f596fd,2026-07-28T13:24:03+00:00,character-art,authoritative,MZ-CHAR-003,,no,source_material/imported_canon/approved_characters/factions/static.webp,none (byte-for-byte copy),"Approved character turnarounds, poses and expression sheets for all twelve canon characters. Opaque backgrounds; not composite-ready."
canon-characters,I:\MonkeyZoo Comic Strip\Fusion Squad\MonkeyZoo_Comic_Factory\03_APPROVED_CANON\approved_characters\static\static_00_clean_base.png,source_material/imported_canon/approved_characters/static/static_00_clean_base.png,static_00_clean_base.png,png,519853,be693cbf7bd69844dfde86049291416951bf93ef5c966d1d4bc0e9d861f19373,2026-07-28T13:24:03+00:00,character-art,authoritative,MZ-CHAR-003,,no,,none (byte-for-byte copy),"Approved character turnarounds, poses and expression sheets for all twelve canon characters. Opaque backgrounds; not composite-ready."
canon-characters,I:\MonkeyZoo Comic Strip\Fusion Squad\MonkeyZoo_Comic_Factory\03_APPROVED_CANON\approved_characters\static\static_01_neutral.png,source_material/imported_canon/approved_characters/static/static_01_neutral.png,static_01_neutral.png,png,916485,e80df4ee5afe6da557451ee5a0a48d5e73ac996b0849ddf57935b203aeba2492,2026-07-28T13:24:03+00:00,character-art,authoritative,MZ-CHAR-003,,no,,none (byte-for-byte copy),"Approved character turnarounds, poses and expression sheets for all twelve canon characters. Opaque backgrounds; not composite-ready."
canon-characters,I:\MonkeyZoo Comic Strip\Fusion Squad\MonkeyZoo_Comic_Factory\03_APPROVED_CANON\approved_characters\static\static_02_threeqtr.png,source_material/imported_canon/approved_characters/static/static_02_threeqtr.png,static_02_threeqtr.png,png,956669,1a42a6b0d13e9b1f355f7608e05be300b3c6972596d13f988fc4f45771a7307f,2026-07-28T13:24:03+00:00,character-art,authoritative,MZ-CHAR-003,,no,,none (byte-for-byte copy),"Approved character turnarounds, poses and expression sheets for all twelve canon characters. Opaque backgrounds; not composite-ready."
canon-characters,I:\MonkeyZoo Comic Strip\Fusion Squad\MonkeyZoo_Comic_Factory\03_APPROVED_CANON\approved_characters\static\static_03_profile.png,source_material/imported_canon/approved_characters/static/static_03_profile.png,static_03_profile.png,png,922424,caef1e3212ce2e2bdd03bc6fbc6ef23f74ee771b99fbfcccd1baeafabcc4f687,2026-07-28T13:24:03+00:00,character-art,authoritative,MZ-CHAR-003,,no,,none (byte-for-byte copy),"Approved character turnarounds, poses and expression sheets for all twelve canon characters. Opaque backgrounds; not composite-ready."
canon-characters,I:\MonkeyZoo Comic Strip\Fusion Squad\MonkeyZoo_Comic_Factory\03_APPROVED_CANON\approved_characters\static\static_04_overshoulder.png,source_material/imported_canon/approved_characters/static/static_04_overshoulder.png,static_04_overshoulder.png,png,895033,a4a14605b94909db825a70d22bc42523fa80d5d73a6f21d02fcb86d27e2f6cf9,2026-07-28T13:24:03+00:00,character-art,authoritative,MZ-CHAR-003,,no,,none (byte-for-byte copy),"Approved character turnarounds, poses and expression sheets for all twelve canon characters. Opaque backgrounds; not composite-ready."
canon-characters,I:\MonkeyZoo Comic Strip\Fusion Squad\MonkeyZoo_Comic_Factory\03_APPROVED_CANON\approved_characters\static\static_05_portrait.png,source_material/imported_canon/approved_characters/static/static_05_portrait.png,static_05_portrait.png,png,894640,e15a205f6499d525bc0dc29d9d80b4bde9ab8e7dc56bd64d90dd5e957daf96ad,2026-07-28T13:24:03+00:00,character-art,authoritative,MZ-CHAR-003,,no,,none (byte-for-byte copy),"Approved character turnarounds, poses and expression sheets for all twelve canon characters. Opaque backgrounds; not composite-ready."
canon-characters,I:\MonkeyZoo Comic Strip\Fusion Squad\MonkeyZoo_Comic_Factory\03_APPROVED_CANON\approved_characters\static\static_06_angry.png,source_material/imported_canon/approved_characters/static/static_06_angry.png,static_06_angry.png,png,965175,3f6a1a47f4314c018b1ef7adaf8d065161dfb62502d2be3b708f97c8ce78c700,2026-07-28T13:24:03+00:00,character-art,authoritative,MZ-CHAR-003,,no,,none (byte-for-byte copy),"Approved character turnarounds, poses and expression sheets for all twelve canon characters. Opaque backgrounds; not composite-ready."
canon-characters,I:\MonkeyZoo Comic Strip\Fusion Squad\MonkeyZoo_Comic_Factory\03_APPROVED_CANON\approved_characters\static\static_07_sad.png,source_material/imported_canon/approved_characters/static/static_07_sad.png,static_07_sad.png,png,914594,393906c7f82af8b8a130d48bdb034c2478be04c23d43a939a58d0842b10533c7,2026-07-28T13:24:03+00:00,character-art,authoritative,MZ-CHAR-003,,no,,none (byte-for-byte copy),"Approved character turnarounds, poses and expression sheets for all twelve canon characters. Opaque backgrounds; not composite-ready."
canon-characters,I:\MonkeyZoo Comic Strip\Fusion Squad\MonkeyZoo_Comic_Factory\03_APPROVED_CANON\approved_characters\static\static_08_shocked.png,source_material/imported_canon/approved_characters/static/static_08_shocked.png,static_08_shocked.png,png,894080,d354649a7b620e57e94cb70d4084aba29c51bd63f2be1821c04f1bac16f65460,2026-07-28T13:24:03+00:00,character-art,authoritative,MZ-CHAR-003,,no,,none (byte-for-byte copy),"Approved character turnarounds, poses and expression sheets for all twelve canon characters. Opaque backgrounds; not composite-ready."
canon-characters,I:\MonkeyZoo Comic Strip\Fusion Squad\MonkeyZoo_Comic_Factory\03_APPROVED_CANON\approved_characters\static\static_09_smile.png,source_material/imported_canon/approved_characters/static/static_09_smile.png,static_09_smile.png,png,846774,38615ce099f9769285a071238e06218f064f4ef780769e7b20c7e229adb4ea11,2026-07-28T13:24:03+00:00,character-art,authoritative,MZ-CHAR-003,,no,,none (byte-for-byte copy),"Approved character turnarounds, poses and expression sheets for all twelve canon characters. Opaque backgrounds; not composite-ready."
canon-characters,I:\MonkeyZoo Comic Strip\Fusion Squad\MonkeyZoo_Comic_Factory\03_APPROVED_CANON\approved_characters\static\static_10_walking.png,source_material/imported_canon/approved_characters/static/static_10_walking.png,static_10_walking.png,png,918156,a966d5d541d447e047cd90c5e71cc7fcce41eda26d3c801d52894291d56df47f,2026-07-28T13:24:03+00:00,character-art,authoritative,MZ-CHAR-003,,no,,none (byte-for-byte copy),"Approved character turnarounds, poses and expression sheets for all twelve canon characters. Opaque backgrounds; not composite-ready."
canon-characters,I:\MonkeyZoo Comic Strip\Fusion Squad\MonkeyZoo_Comic_Factory\03_APPROVED_CANON\approved_characters\static\static_11_armscrossed.png,source_material/imported_canon/approved_characters/static/static_11_armscrossed.png,static_11_armscrossed.png,png,839659,fcb3f734915fd58a14d2a9e3d34439e672e86add913c8a455d1a8e2a0e1b7ac0,2026-07-28T13:24:03+00:00,character-art,authoritative,MZ-CHAR-003,,no,,none (byte-for-byte copy),"Approved character turnarounds, poses and expression sheets for all twelve canon characters. Opaque backgrounds; not composite-ready."
canon-characters,I:\MonkeyZoo Comic Strip\Fusion Squad\MonkeyZoo_Comic_Factory\03_APPROVED_CANON\approved_characters\static\static_12_sitting.png,source_material/imported_canon/approved_characters/static/static_12_sitting.png,static_12_sitting.png,png,901731,a43d213baf32f3731aa252d4c6fc2631fe280d1f0875f1e791094c754de372c5,2026-07-28T13:24:03+00:00,character-art,authoritative,MZ-CHAR-003,,no,,none (byte-for-byte copy),"Approved character turnarounds, poses and expression sheets for all twelve canon characters. Opaque backgrounds; not composite-ready."
canon-characters,I:\MonkeyZoo Comic Strip\Fusion Squad\MonkeyZoo_Comic_Factory\03_APPROVED_CANON\approved_characters\static\static_13_pointing.png,source_material/imported_canon/approved_characters/static/static_13_pointing.png,static_13_pointing.png,png,949130,ea071c8c4c60b77b87e9181d7cddf24498127a7d15b458fa411b55ce8cb7d618,2026-07-28T13:24:03+00:00,character-art,authoritative,MZ-CHAR-003,,no,,none (byte-for-byte copy),"Approved character turnarounds, poses and expression sheets for all twelve canon characters. Opaque backgrounds; not composite-ready."
canon-characters,I:\MonkeyZoo Comic Strip\Fusion Squad\MonkeyZoo_Comic_Factory\03_APPROVED_CANON\approved_characters\static\static_14_shout.png,source_material/imported_canon/approved_characters/static/static_14_shout.png,static_14_shout.png,png,590827,184fe828171a64b7bdac01bfec18979981f226235f6b2e6496997d043465ea5d,2026-07-28T13:24:03+00:00,character-art,authoritative,MZ-CHAR-003,,no,,none (byte-for-byte copy),"Approved character turnarounds, poses and expression sheets for all twelve canon characters. Opaque backgrounds; not composite-ready."
canon-characters,I:\MonkeyZoo Comic Strip\Fusion Squad\MonkeyZoo_Comic_Factory\03_APPROVED_CANON\approved_characters\static\static_15_laughing.png,source_material/imported_canon/approved_characters/static/static_15_laughing.png,static_15_laughing.png,png,546546,2bbacc4db03d840be70d242e715b2c093956ad7d6b9aeafbb0bfa40202227198,2026-07-28T13:24:03+00:00,character-art,authoritative,MZ-CHAR-003,,no,,none (byte-for-byte copy),"Approved character turnarounds, poses and expression sheets for all twelve canon characters. Opaque backgrounds; not composite-ready."
canon-characters,I:\MonkeyZoo Comic Strip\Fusion Squad\MonkeyZoo_Comic_Factory\03_APPROVED_CANON\approved_characters\static\static_16_worried.png,source_material/imported_canon/approved_characters/static/static_16_worried.png,static_16_worried.png,png,522646,c7b5ed7cf4161dc8ebfa4c32b4fd765866a429f57acabecca2b83418c262af20,2026-07-28T13:24:03+00:00,character-art,authoritative,MZ-CHAR-003,,no,,none (byte-for-byte copy),"Approved character turnarounds, poses and expression sheets for all twelve canon characters. Opaque backgrounds; not composite-ready."
canon-characters,I:\MonkeyZoo Comic Strip\Fusion Squad\MonkeyZoo_Comic_Factory\03_APPROVED_CANON\approved_characters\static\static_17_disgusted.png,source_material/imported_canon/approved_characters/static/static_17_disgusted.png,static_17_disgusted.png,png,566121,9406d7977c6efa9cae74cf22540819d3507ba5deed343262ca9237124eff8193,2026-07-28T13:24:03+00:00,character-art,authoritative,MZ-CHAR-003,,no,,none (byte-for-byte copy),"Approved character turnarounds, poses and expression sheets for all twelve canon characters. Opaque backgrounds; not composite-ready."
canon-characters,I:\MonkeyZoo Comic Strip\Fusion Squad\MonkeyZoo_Comic_Factory\03_APPROVED_CANON\approved_characters\static\static_18_sleepy.png,source_material/imported_canon/approved_characters/static/static_18_sleepy.png,static_18_sleepy.png,png,563531,168d24cf68d1211f13ce810c089114fb003932fb707bccaeca2291af08a54144,2026-07-28T13:24:03+00:00,character-art,authoritative,MZ-CHAR-003,,no,,none (byte-for-byte copy),"Approved character turnarounds, poses and expression sheets for all twelve canon characters. Opaque backgrounds; not composite-ready."
canon-characters,I:\MonkeyZoo Comic Strip\Fusion Squad\MonkeyZoo_Comic_Factory\03_APPROVED_CANON\approved_characters\static\static_19_determined.png,source_material/imported_canon/approved_characters/static/static_19_determined.png,static_19_determined.png,png,534906,2a76ae52f74c6fdd395b4970aaa9810602f151fc5e969bb9e913a6e610635b8a,2026-07-28T13:24:03+00:00,character-art,authoritative,MZ-CHAR-003,,no,,none (byte-for-byte copy),"Approved character turnarounds, poses and expression sheets for all twelve canon characters. Opaque backgrounds; not composite-ready."
canon-characters,I:\MonkeyZoo Comic Strip\Fusion Squad\MonkeyZoo_Comic_Factory\03_APPROVED_CANON\approved_characters\static\static_20_confused.png,source_material/imported_canon/approved_characters/static/static_20_confused.png,static_20_confused.png,png,525125,e69f66320bf8bba4dba50bb12eabc22d71e595221cf7216bdcc63200f17bc457,2026-07-28T13:24:03+00:00,character-art,authoritative,MZ-CHAR-003,,no,,none (byte-for-byte copy),"Approved character turnarounds, poses and expression sheets for all twelve canon characters. Opaque backgrounds; not composite-ready."
canon-characters,I:\MonkeyZoo Comic Strip\Fusion Squad\MonkeyZoo_Comic_Factory\03_APPROVED_CANON\approved_characters\static\static_21_running.png,source_material/imported_canon/approved_characters/static/static_21_running.png,static_21_running.png,png,568799,da585bda0d371dcd4e53e3668dea2eed386e1b06e0bfe82b04ff1a3d915c5011,2026-07-28T13:24:03+00:00,character-art,authoritative,MZ-CHAR-003,,no,,none (byte-for-byte copy),"Approved character turnarounds, poses and expression sheets for all twelve canon characters. Opaque backgrounds; not composite-ready."
canon-characters,I:\MonkeyZoo Comic Strip\Fusion Squad\MonkeyZoo_Comic_Factory\03_APPROVED_CANON\approved_characters\static\static_22_jumping.png,source_material/imported_canon/approved_characters/static/static_22_jumping.png,static_22_jumping.png,png,587867,6d5485c4a25823b7550b95d506749871b86705abb5f18fac0542087cf86780a6,2026-07-28T13:24:03+00:00,character-art,authoritative,MZ-CHAR-003,,no,,none (byte-for-byte copy),"Approved character turnarounds, poses and expression sheets for all twelve canon characters. Opaque backgrounds; not composite-ready."
canon-characters,I:\MonkeyZoo Comic Strip\Fusion Squad\MonkeyZoo_Comic_Factory\03_APPROVED_CANON\approved_characters\static\static_23_waving.png,source_material/imported_canon/approved_characters/static/static_23_waving.png,static_23_waving.png,png,630552,7e1a2a87cc7416e89d5aeb370cc1d4d32ebd1165bc5127091f274b92f184686d,2026-07-28T13:24:03+00:00,character-art,authoritative,MZ-CHAR-003,,no,,none (byte-for-byte copy),"Approved character turnarounds, poses and expression sheets for all twelve canon characters. Opaque backgrounds; not composite-ready."
canon-characters,I:\MonkeyZoo Comic Strip\Fusion Squad\MonkeyZoo_Comic_Factory\03_APPROVED_CANON\approved_characters\static\static_24_thinking.png,source_material/imported_canon/approved_characters/static/static_24_thinking.png,static_24_thinking.png,png,543102,fa39519bf120b8641901a4f25e335d5f04844fa58f0be3a136578d7db6ff4f84,2026-07-28T13:24:03+00:00,character-art,authoritative,MZ-CHAR-003,,no,,none (byte-for-byte copy),"Approved character turnarounds, poses and expression sheets for all twelve canon characters. Opaque backgrounds; not composite-ready."
canon-characters,I:\MonkeyZoo Comic Strip\Fusion Squad\MonkeyZoo_Comic_Factory\03_APPROVED_CANON\approved_characters\static\static_25_crouching.png,source_material/imported_canon/approved_characters/static/static_25_crouching.png,static_25_crouching.png,png,535313,72a2b9e7fa36b8fffd54d40581ad16b045c63d450edc661375c683947951331d,2026-07-28T13:24:03+00:00,character-art,authoritative,MZ-CHAR-003,,no,,none (byte-for-byte copy),"Approved character turnarounds, poses and expression sheets for all twelve canon characters. Opaque backgrounds; not composite-ready."
canon-characters,I:\MonkeyZoo Comic Strip\Fusion Squad\MonkeyZoo_Comic_Factory\03_APPROVED_CANON\approved_characters\static\static_26_reaching.png,source_material/imported_canon/approved_characters/static/static_26_reaching.png,static_26_reaching.png,png,588946,a9c4183d1077172690e1e6bb798e421608d4a864fb001ac40db109cd2ece41ca,2026-07-28T13:24:03+00:00,character-art,authoritative,MZ-CHAR-003,,no,,none (byte-for-byte copy),"Approved character turnarounds, poses and expression sheets for all twelve canon characters. Opaque backgrounds; not composite-ready."
canon-characters,I:\MonkeyZoo Comic Strip\Fusion Squad\MonkeyZoo_Comic_Factory\03_APPROVED_CANON\approved_characters\static\static_27_defeated.png,source_material/imported_canon/approved_characters/static/static_27_defeated.png,static_27_defeated.png,png,514995,3c2eb2eed9d3b66ca0784e6ec6e546fe7e35403d3276af517ea73e38d3d92504,2026-07-28T13:24:03+00:00,character-art,authoritative,MZ-CHAR-003,,no,,none (byte-for-byte copy),"Approved character turnarounds, poses and expression sheets for all twelve canon characters. Opaque backgrounds; not composite-ready."
canon-characters,I:\MonkeyZoo Comic Strip\Fusion Squad\MonkeyZoo_Comic_Factory\03_APPROVED_CANON\approved_characters\static\static_28_celebrating.png,source_material/imported_canon/approved_characters/static/static_28_celebrating.png,static_28_celebrating.png,png,649382,c46596d3f733f3123067c98c43d81a9a7d625c1a626f2a2279bf5f5ef0ea7a72,2026-07-28T13:24:03+00:00,character-art,authoritative,MZ-CHAR-003,,no,,none (byte-for-byte copy),"Approved character turnarounds, poses and expression sheets for all twelve canon characters. Opaque backgrounds; not composite-ready."
canon-characters,I:\MonkeyZoo Comic Strip\Fusion Squad\MonkeyZoo_Comic_Factory\03_APPROVED_CANON\approved_characters\static\static_29_lookingup.png,source_material/imported_canon/approved_characters/static/static_29_lookingup.png,static_29_lookingup.png,png,551689,8ce8f3509eaa255416ad92b49bd56195f09f8331a3999c428e0610c834952d06,2026-07-28T13:24:03+00:00,character-art,authoritative,MZ-CHAR-003,,no,,none (byte-for-byte copy),"Approved character turnarounds, poses and expression sheets for all twelve canon characters. Opaque backgrounds; not composite-ready."
canon-characters,I:\MonkeyZoo Comic Strip\Fusion Squad\MonkeyZoo_Comic_Factory\03_APPROVED_CANON\approved_characters\static\static_30_backview.png,source_material/imported_canon/approved_characters/static/static_30_backview.png,static_30_backview.png,png,503444,f9cb0ca493de18eacd226146c28a178d871e0c641d58890c221720e3965344a6,2026-07-28T13:24:03+00:00,character-art,authoritative,MZ-CHAR-003,,no,,none (byte-for-byte copy),"Approved character turnarounds, poses and expression sheets for all twelve canon characters. Opaque backgrounds; not composite-ready."
canon-characters,I:\MonkeyZoo Comic Strip\Fusion Squad\MonkeyZoo_Comic_Factory\03_APPROVED_CANON\approved_characters\super\source_images\cape-removebg-preview.png,source_material/imported_canon/approved_characters/super/source_images/cape-removebg-preview.png,cape-removebg-preview.png,png,105013,26f381cb2d2616c8702ddce0c717dfd423d8a4cc07dab606627edd07a6918ed9,2026-07-28T13:24:03+00:00,character-art,authoritative,MZ-CHAR-SUPER,,no,,none (byte-for-byte copy),"Approved character turnarounds, poses and expression sheets for all twelve canon characters. Opaque backgrounds; not composite-ready."
canon-characters,I:\MonkeyZoo Comic Strip\Fusion Squad\MonkeyZoo_Comic_Factory\03_APPROVED_CANON\approved_characters\super\source_images\cape.png,source_material/imported_canon/approved_characters/super/source_images/cape.png,cape.png,png,736860,99fe1c1dea481eaf3897884a4f16e539244805b0edead0ed9bf9227d96cf98d6,2026-07-28T13:24:03+00:00,character-art,authoritative,MZ-CHAR-SUPER,,no,,none (byte-for-byte copy),"Approved character turnarounds, poses and expression sheets for all twelve canon characters. Opaque backgrounds; not composite-ready."
canon-characters,I:\MonkeyZoo Comic Strip\Fusion Squad\MonkeyZoo_Comic_Factory\03_APPROVED_CANON\approved_characters\super\source_images\super.png,source_material/imported_canon/approved_characters/super/source_images/super.png,super.png,png,476934,a99f4cb69046644a86926be4d53adac97bef23b982343655d7bb0c58a8b8556d,2026-07-28T13:24:03+00:00,character-art,authoritative,MZ-CHAR-SUPER,,no,source_material/imported_canon/approved_characters/factions/super.png,none (byte-for-byte copy),"Approved character turnarounds, poses and expression sheets for all twelve canon characters. Opaque backgrounds; not composite-ready."
canon-characters,I:\MonkeyZoo Comic Strip\Fusion Squad\MonkeyZoo_Comic_Factory\03_APPROVED_CANON\approved_characters\super\source_images\Superhero_Monkey_with_Red_Mask-removebg-preview.png,source_material/imported_canon/approved_characters/super/source_images/Superhero_Monkey_with_Red_Mask-removebg-preview.png,Superhero_Monkey_with_Red_Mask-removebg-preview.png,png,222499,7c666ed0a4cfd7373eac915821b2d3d88c3504226fa1f8ff09c22b08537fd7e9,2026-07-28T13:24:03+00:00,character-art,authoritative,MZ-CHAR-SUPER,,no,,none (byte-for-byte copy),"Approved character turnarounds, poses and expression sheets for all twelve canon characters. Opaque backgrounds; not composite-ready."
canon-characters,I:\MonkeyZoo Comic Strip\Fusion Squad\MonkeyZoo_Comic_Factory\03_APPROVED_CANON\approved_characters\super\source_images\Superhero_Monkey_with_Red_Mask.png,source_material/imported_canon/approved_characters/super/source_images/Superhero_Monkey_with_Red_Mask.png,Superhero_Monkey_with_Red_Mask.png,png,1777015,e3f69f7c5c592239ad4112096ef69516516604a24348994625c3e1bade1b3f64,2026-07-28T13:24:03+00:00,character-art,authoritative,MZ-CHAR-SUPER,,no,,none (byte-for-byte copy),"Approved character turnarounds, poses and expression sheets for all twelve canon characters. Opaque backgrounds; not composite-ready."
canon-characters,I:\MonkeyZoo Comic Strip\Fusion Squad\MonkeyZoo_Comic_Factory\03_APPROVED_CANON\approved_characters\super\super_00_clean_base.png,source_material/imported_canon/approved_characters/super/super_00_clean_base.png,super_00_clean_base.png,png,386238,255dd9a9a43af34cd8cb361c8bcbd672fc7f5cdaab38028b5579e51e956cb62f,2026-07-28T13:24:03+00:00,character-art,authoritative,MZ-CHAR-SUPER,,no,,none (byte-for-byte copy),"Approved character turnarounds, poses and expression sheets for all twelve canon characters. Opaque backgrounds; not composite-ready."
canon-characters,I:\MonkeyZoo Comic Strip\Fusion Squad\MonkeyZoo_Comic_Factory\03_APPROVED_CANON\approved_characters\super\super_01_neutral.png,source_material/imported_canon/approved_characters/super/super_01_neutral.png,super_01_neutral.png,png,386238,255dd9a9a43af34cd8cb361c8bcbd672fc7f5cdaab38028b5579e51e956cb62f,2026-07-28T13:24:03+00:00,character-art,authoritative,MZ-CHAR-SUPER,,no,source_material/imported_canon/approved_characters/super/super_00_clean_base.png,none (byte-for-byte copy),"Approved character turnarounds, poses and expression sheets for all twelve canon characters. Opaque backgrounds; not composite-ready."
canon-characters,I:\MonkeyZoo Comic Strip\Fusion Squad\MonkeyZoo_Comic_Factory\03_APPROVED_CANON\approved_characters\super\super_02_threeqtr.png,source_material/imported_canon/approved_characters/super/super_02_threeqtr.png,super_02_threeqtr.png,png,444873,35a408857c42595f8c8c6557b6265b85412bff8571a6ee4f5d5d4a32794dac70,2026-07-28T13:24:03+00:00,character-art,authoritative,MZ-CHAR-SUPER,,no,,none (byte-for-byte copy),"Approved character turnarounds, poses and expression sheets for all twelve canon characters. Opaque backgrounds; not composite-ready."
canon-characters,I:\MonkeyZoo Comic Strip\Fusion Squad\MonkeyZoo_Comic_Factory\03_APPROVED_CANON\approved_characters\super\super_03_profile.png,source_material/imported_canon/approved_characters/super/super_03_profile.png,super_03_profile.png,png,394223,59f356f2e3bade7361a4d5d08ff8eefbf66c07648b392b76b5c8bdfe4ce0796c,2026-07-28T13:24:03+00:00,character-art,authoritative,MZ-CHAR-SUPER,,no,,none (byte-for-byte copy),"Approved character turnarounds, poses and expression sheets for all twelve canon characters. Opaque backgrounds; not composite-ready."
canon-characters,I:\MonkeyZoo Comic Strip\Fusion Squad\MonkeyZoo_Comic_Factory\03_APPROVED_CANON\approved_characters\super\super_04_overshoulder.png,source_material/imported_canon/approved_characters/super/super_04_overshoulder.png,super_04_overshoulder.png,png,441395,5157665b4a9fdc6612ffd52b5aa9c4fc102623e6cb7b36fb7b3954731c36dde0,2026-07-28T13:24:03+00:00,character-art,authoritative,MZ-CHAR-SUPER,,no,,none (byte-for-byte copy),"Approved character turnarounds, poses and expression sheets for all twelve canon characters. Opaque backgrounds; not composite-ready."
canon-characters,I:\MonkeyZoo Comic Strip\Fusion Squad\MonkeyZoo_Comic_Factory\03_APPROVED_CANON\approved_characters\super\super_05_portrait.png,source_material/imported_canon/approved_characters/super/super_05_portrait.png,super_05_portrait.png,png,520190,1a249406e9f9ecb320b63b973f8f4e096bdeda6ffa7c2577dda42b957627e3f1,2026-07-28T13:24:03+00:00,character-art,authoritative,MZ-CHAR-SUPER,,no,,none (byte-for-byte copy),"Approved character turnarounds, poses and expression sheets for all twelve canon characters. Opaque backgrounds; not composite-ready."
canon-characters,I:\MonkeyZoo Comic Strip\Fusion Squad\MonkeyZoo_Comic_Factory\03_APPROVED_CANON\approved_characters\super\super_06_angry.png,source_material/imported_canon/approved_characters/super/super_06_angry.png,super_06_angry.png,png,520611,78c45fe9a87385b2f8c592a1b33394d1e1e970adea6b1000739c017004920f34,2026-07-28T13:24:03+00:00,character-art,authoritative,MZ-CHAR-SUPER,,no,,none (byte-for-byte copy),"Approved character turnarounds, poses and expression sheets for all twelve canon characters. Opaque backgrounds; not composite-ready."
canon-characters,I:\MonkeyZoo Comic Strip\Fusion Squad\MonkeyZoo_Comic_Factory\03_APPROVED_CANON\approved_characters\super\super_07_sad.png,source_material/imported_canon/approved_characters/super/super_07_sad.png,super_07_sad.png,png,450345,3c95701dc74598f6c232fe769372bcafe0ffe55e1ed0b097b4d89fd8890130b1,2026-07-28T13:24:03+00:00,character-art,authoritative,MZ-CHAR-SUPER,,no,,none (byte-for-byte copy),"Approved character turnarounds, poses and expression sheets for all twelve canon characters. Opaque backgrounds; not composite-ready."
canon-characters,I:\MonkeyZoo Comic Strip\Fusion Squad\MonkeyZoo_Comic_Factory\03_APPROVED_CANON\approved_characters\super\super_08_shocked.png,source_material/imported_canon/approved_characters/super/super_08_shocked.png,super_08_shocked.png,png,495543,5011365107a142ca950cb9046de88e00f3879fc3111fc5289899f254fd4ad665,2026-07-28T13:24:03+00:00,character-art,authoritative,MZ-CHAR-SUPER,,no,,none (byte-for-byte copy),"Approved character turnarounds, poses and expression sheets for all twelve canon characters. Opaque backgrounds; not composite-ready."
canon-characters,I:\MonkeyZoo Comic Strip\Fusion Squad\MonkeyZoo_Comic_Factory\03_APPROVED_CANON\approved_characters\super\super_09_smile.png,source_material/imported_canon/approved_characters/super/super_09_smile.png,super_09_smile.png,png,467147,a9e4a511bd30e59dadb5345953df701fe38da0967a7e980ca8f1a96bee0c6863,2026-07-28T13:24:03+00:00,character-art,authoritative,MZ-CHAR-SUPER,,no,,none (byte-for-byte copy),"Approved character turnarounds, poses and expression sheets for all twelve canon characters. Opaque backgrounds; not composite-ready."
canon-characters,I:\MonkeyZoo Comic Strip\Fusion Squad\MonkeyZoo_Comic_Factory\03_APPROVED_CANON\approved_characters\super\super_10_walking.png,source_material/imported_canon/approved_characters/super/super_10_walking.png,super_10_walking.png,png,464931,ed2a3ee6a156d7c7966ed858369f3700dcc8dc076ab4e17f5f0e2a01ba271787,2026-07-28T13:24:03+00:00,character-art,authoritative,MZ-CHAR-SUPER,,no,,none (byte-for-byte copy),"Approved character turnarounds, poses and expression sheets for all twelve canon characters. Opaque backgrounds; not composite-ready."
canon-characters,I:\MonkeyZoo Comic Strip\Fusion Squad\MonkeyZoo_Comic_Factory\03_APPROVED_CANON\approved_characters\super\super_11_armscrossed.png,source_material/imported_canon/approved_characters/super/super_11_armscrossed.png,super_11_armscrossed.png,png,420532,2e7ffafd52758c2c967a911889f86a38caf9c3356fb3e34cf819be89268368ec,2026-07-28T13:24:03+00:00,character-art,authoritative,MZ-CHAR-SUPER,,no,,none (byte-for-byte copy),"Approved character turnarounds, poses and expression sheets for all twelve canon characters. Opaque backgrounds; not composite-ready."
canon-characters,I:\MonkeyZoo Comic Strip\Fusion Squad\MonkeyZoo_Comic_Factory\03_APPROVED_CANON\approved_characters\super\super_12_sitting.png,source_material/imported_canon/approved_characters/super/super_12_sitting.png,super_12_sitting.png,png,446295,4b0104a8ea8d4e9f006faed488b09525cbc359cfbf3153e77e0ff00642dab6eb,2026-07-28T13:24:03+00:00,character-art,authoritative,MZ-CHAR-SUPER,,no,,none (byte-for-byte copy),"Approved character turnarounds, poses and expression sheets for all twelve canon characters. Opaque backgrounds; not composite-ready."
canon-characters,I:\MonkeyZoo Comic Strip\Fusion Squad\MonkeyZoo_Comic_Factory\03_APPROVED_CANON\approved_characters\super\super_13_pointing.png,source_material/imported_canon/approved_characters/super/super_13_pointing.png,super_13_pointing.png,png,471205,238d5ca408eebceb8b3006069eb976036961cc669ca49cbb87328988cd82545b,2026-07-28T13:24:03+00:00,character-art,authoritative,MZ-CHAR-SUPER,,no,,none (byte-for-byte copy),"Approved character turnarounds, poses and expression sheets for all twelve canon characters. Opaque backgrounds; not composite-ready."
canon-characters,I:\MonkeyZoo Comic Strip\Fusion Squad\MonkeyZoo_Comic_Factory\03_APPROVED_CANON\approved_characters\super\super_14_shout.png,source_material/imported_canon/approved_characters/super/super_14_shout.png,super_14_shout.png,png,493406,a331dc6d20c7bf6d8cc687eb0f4bccb8e05e4dc971d7619ffb5d436b5c5bee4d,2026-07-28T13:24:03+00:00,character-art,authoritative,MZ-CHAR-SUPER,,no,,none (byte-for-byte copy),"Approved character turnarounds, poses and expression sheets for all twelve canon characters. Opaque backgrounds; not composite-ready."
canon-characters,I:\MonkeyZoo Comic Strip\Fusion Squad\MonkeyZoo_Comic_Factory\03_APPROVED_CANON\approved_characters\super\super_15_laughing.png,source_material/imported_canon/approved_characters/super/super_15_laughing.png,super_15_laughing.png,png,498218,0ad0afad48757cadce49ee714916133161484318b1b3cf76c0469a18b28d4898,2026-07-28T13:24:03+00:00,character-art,authoritative,MZ-CHAR-SUPER,,no,,none (byte-for-byte copy),"Approved character turnarounds, poses and expression sheets for all twelve canon characters. Opaque backgrounds; not composite-ready."
canon-characters,I:\MonkeyZoo Comic Strip\Fusion Squad\MonkeyZoo_Comic_Factory\03_APPROVED_CANON\approved_characters\super\super_16_worried.png,source_material/imported_canon/approved_characters/super/super_16_worried.png,super_16_worried.png,png,440461,d3ac173b61ff683f053c32bed719cad2e8d4c9cebcac9e6d07fdc3f3f926a5a4,2026-07-28T13:24:03+00:00,character-art,authoritative,MZ-CHAR-SUPER,,no,,none (byte-for-byte copy),"Approved character turnarounds, poses and expression sheets for all twelve canon characters. Opaque backgrounds; not composite-ready."
canon-characters,I:\MonkeyZoo Comic Strip\Fusion Squad\MonkeyZoo_Comic_Factory\03_APPROVED_CANON\approved_characters\super\super_17_disgusted.png,source_material/imported_canon/approved_characters/super/super_17_disgusted.png,super_17_disgusted.png,png,491735,dbbbdf45e74e86515f0e0a50d6bdd3ef1f5fa1afa1f788bb48f4ccc201891764,2026-07-28T13:24:03+00:00,character-art,authoritative,MZ-CHAR-SUPER,,no,,none (byte-for-byte copy),"Approved character turnarounds, poses and expression sheets for all twelve canon characters. Opaque backgrounds; not composite-ready."
canon-characters,I:\MonkeyZoo Comic Strip\Fusion Squad\MonkeyZoo_Comic_Factory\03_APPROVED_CANON\approved_characters\super\super_18_sleepy.png,source_material/imported_canon/approved_characters/super/super_18_sleepy.png,super_18_sleepy.png,png,427822,1ec84c8086c65e68ce831a8805db5992a6be117ff70a795c8df0e2ecc59d5ae6,2026-07-28T13:24:03+00:00,character-art,authoritative,MZ-CHAR-SUPER,,no,,none (byte-for-byte copy),"Approved character turnarounds, poses and expression sheets for all twelve canon characters. Opaque backgrounds; not composite-ready."
canon-characters,I:\MonkeyZoo Comic Strip\Fusion Squad\MonkeyZoo_Comic_Factory\03_APPROVED_CANON\approved_characters\super\super_19_determined.png,source_material/imported_canon/approved_characters/super/super_19_determined.png,super_19_determined.png,png,510270,dc4dec87450b49c91babd6fd1264fd38ebdc9c87d10eeef3e528c16ec2d9ff57,2026-07-28T13:24:03+00:00,character-art,authoritative,MZ-CHAR-SUPER,,no,,none (byte-for-byte copy),"Approved character turnarounds, poses and expression sheets for all twelve canon characters. Opaque backgrounds; not composite-ready."
canon-characters,I:\MonkeyZoo Comic Strip\Fusion Squad\MonkeyZoo_Comic_Factory\03_APPROVED_CANON\approved_characters\super\super_20_confused.png,source_material/imported_canon/approved_characters/super/super_20_confused.png,super_20_confused.png,png,459536,3d1bb82a1eb6ef3ddd67563d43e66be8dffb63b5834e4f560beb36bbbd246e79,2026-07-28T13:24:03+00:00,character-art,authoritative,MZ-CHAR-SUPER,,no,,none (byte-for-byte copy),"Approved character turnarounds, poses and expression sheets for all twelve canon characters. Opaque backgrounds; not composite-ready."
canon-characters,I:\MonkeyZoo Comic Strip\Fusion Squad\MonkeyZoo_Comic_Factory\03_APPROVED_CANON\approved_characters\super\super_21_running.png,source_material/imported_canon/approved_characters/super/super_21_running.png,super_21_running.png,png,476024,68aa398138e1ce03478f55cdb67eb27fbe8da207f9bce95876a47f1abf1dc791,2026-07-28T13:24:03+00:00,character-art,authoritative,MZ-CHAR-SUPER,,no,,none (byte-for-byte copy),"Approved character turnarounds, poses and expression sheets for all twelve canon characters. Opaque backgrounds; not composite-ready."
canon-characters,I:\MonkeyZoo Comic Strip\Fusion Squad\MonkeyZoo_Comic_Factory\03_APPROVED_CANON\approved_characters\super\super_22_jumping.png,source_material/imported_canon/approved_characters/super/super_22_jumping.png,super_22_jumping.png,png,455083,69e2f63dc078747d1925ee43da85491edad274dae4a393d64efffab9b22513b3,2026-07-28T13:24:03+00:00,character-art,authoritative,MZ-CHAR-SUPER,,no,,none (byte-for-byte copy),"Approved character turnarounds, poses and expression sheets for all twelve canon characters. Opaque backgrounds; not composite-ready."
canon-characters,I:\MonkeyZoo Comic Strip\Fusion Squad\MonkeyZoo_Comic_Factory\03_APPROVED_CANON\approved_characters\super\super_23_waving.png,source_material/imported_canon/approved_characters/super/super_23_waving.png,super_23_waving.png,png,509519,1ef06fc5f0e1ea599e454e50066a593f19e43fe5e75f3987d46f91e878770f9b,2026-07-28T13:24:03+00:00,character-art,authoritative,MZ-CHAR-SUPER,,no,,none (byte-for-byte copy),"Approved character turnarounds, poses and expression sheets for all twelve canon characters. Opaque backgrounds; not composite-ready."
canon-characters,I:\MonkeyZoo Comic Strip\Fusion Squad\MonkeyZoo_Comic_Factory\03_APPROVED_CANON\approved_characters\super\super_24_thinking.png,source_material/imported_canon/approved_characters/super/super_24_thinking.png,super_24_thinking.png,png,431391,b9aea0442a11de1ec0aee31a202f5ff79d78c8ad5fd4bbe87eb24b2a523f83e9,2026-07-28T13:24:03+00:00,character-art,authoritative,MZ-CHAR-SUPER,,no,,none (byte-for-byte copy),"Approved character turnarounds, poses and expression sheets for all twelve canon characters. Opaque backgrounds; not composite-ready."
canon-characters,I:\MonkeyZoo Comic Strip\Fusion Squad\MonkeyZoo_Comic_Factory\03_APPROVED_CANON\approved_characters\super\super_25_crouching.png,source_material/imported_canon/approved_characters/super/super_25_crouching.png,super_25_crouching.png,png,500869,91822da3a84568623284c3e869bdd769d600e6df9eb80c0f73ca349ccfe249e7,2026-07-28T13:24:03+00:00,character-art,authoritative,MZ-CHAR-SUPER,,no,,none (byte-for-byte copy),"Approved character turnarounds, poses and expression sheets for all twelve canon characters. Opaque backgrounds; not composite-ready."
canon-characters,I:\MonkeyZoo Comic Strip\Fusion Squad\MonkeyZoo_Comic_Factory\03_APPROVED_CANON\approved_characters\super\super_26_reaching.png,source_material/imported_canon/approved_characters/super/super_26_reaching.png,super_26_reaching.png,png,467724,394db8c6f0248ff72b00df719aa54824b19f443ef6a6ac45b69b8a6e46314412,2026-07-28T13:24:03+00:00,character-art,authoritative,MZ-CHAR-SUPER,,no,,none (byte-for-byte copy),"Approved character turnarounds, poses and expression sheets for all twelve canon characters. Opaque backgrounds; not composite-ready."
canon-characters,I:\MonkeyZoo Comic Strip\Fusion Squad\MonkeyZoo_Comic_Factory\03_APPROVED_CANON\approved_characters\super\super_27_defeated.png,source_material/imported_canon/approved_characters/super/super_27_defeated.png,super_27_defeated.png,png,503597,d0904fcca5cb547b2b270fb18babe3c3255d1828c963f97dc6a91f6de32b3186,2026-07-28T13:24:03+00:00,character-art,authoritative,MZ-CHAR-SUPER,,no,,none (byte-for-byte copy),"Approved character turnarounds, poses and expression sheets for all twelve canon characters. Opaque backgrounds; not composite-ready."
canon-characters,I:\MonkeyZoo Comic Strip\Fusion Squad\MonkeyZoo_Comic_Factory\03_APPROVED_CANON\approved_characters\super\super_28_celebrating.png,source_material/imported_canon/approved_characters/super/super_28_celebrating.png,super_28_celebrating.png,png,501301,b0eb013b5d1a9bde950de4cad0c4021559d66f496d2945b05abfea74daae4b1e,2026-07-28T13:24:03+00:00,character-art,authoritative,MZ-CHAR-SUPER,,no,,none (byte-for-byte copy),"Approved character turnarounds, poses and expression sheets for all twelve canon characters. Opaque backgrounds; not composite-ready."
canon-characters,I:\MonkeyZoo Comic Strip\Fusion Squad\MonkeyZoo_Comic_Factory\03_APPROVED_CANON\approved_characters\super\super_29_lookingup.png,source_material/imported_canon/approved_characters/super/super_29_lookingup.png,super_29_lookingup.png,png,453687,e92c6d9ef4a10eb303d264bcecbc225488cf1f0521e3a8c6a1ac67c5f9acac54,2026-07-28T13:24:03+00:00,character-art,authoritative,MZ-CHAR-SUPER,,no,,none (byte-for-byte copy),"Approved character turnarounds, poses and expression sheets for all twelve canon characters. Opaque backgrounds; not composite-ready."
canon-characters,I:\MonkeyZoo Comic Strip\Fusion Squad\MonkeyZoo_Comic_Factory\03_APPROVED_CANON\approved_characters\super\super_30_backview.png,source_material/imported_canon/approved_characters/super/super_30_backview.png,super_30_backview.png,png,415550,1470c1f88e0fa13052ada64bec01b62c6c999bca392936c99f969db8ad354582,2026-07-28T13:24:03+00:00,character-art,authoritative,MZ-CHAR-SUPER,,no,,none (byte-for-byte copy),"Approved character turnarounds, poses and expression sheets for all twelve canon characters. Opaque backgrounds; not composite-ready."
canon-characters,I:\MonkeyZoo Comic Strip\Fusion Squad\MonkeyZoo_Comic_Factory\03_APPROVED_CANON\approved_characters\twotone\b1aac53996ca2243cd5b0d2371aa94b7931d97374813123ac3a01ea7e8df6da5_512.webp,source_material/imported_canon/approved_characters/twotone/b1aac53996ca2243cd5b0d2371aa94b7931d97374813123ac3a01ea7e8df6da5_512.webp,b1aac53996ca2243cd5b0d2371aa94b7931d97374813123ac3a01ea7e8df6da5_512.webp,webp,14224,62edf45000d7226fb6b36078e2631d4a92f0aa6aebcd7a48eb8ac102f7de5fc8,2026-07-28T13:24:03+00:00,character-art,authoritative,MZ-CHAR-002,,no,source_material/imported_canon/approved_characters/factions/twotone.webp,none (byte-for-byte copy),"Approved character turnarounds, poses and expression sheets for all twelve canon characters. Opaque backgrounds; not composite-ready."
canon-characters,I:\MonkeyZoo Comic Strip\Fusion Squad\MonkeyZoo_Comic_Factory\03_APPROVED_CANON\approved_characters\twotone\twotone.webp,source_material/imported_canon/approved_characters/twotone/twotone.webp,twotone.webp,webp,14224,62edf45000d7226fb6b36078e2631d4a92f0aa6aebcd7a48eb8ac102f7de5fc8,2026-07-28T13:24:03+00:00,character-art,authoritative,MZ-CHAR-002,,no,source_material/imported_canon/approved_characters/factions/twotone.webp,none (byte-for-byte copy),"Approved character turnarounds, poses and expression sheets for all twelve canon characters. Opaque backgrounds; not composite-ready."
canon-characters,I:\MonkeyZoo Comic Strip\Fusion Squad\MonkeyZoo_Comic_Factory\03_APPROVED_CANON\approved_characters\twotone\twotone_00_clean_base.png,source_material/imported_canon/approved_characters/twotone/twotone_00_clean_base.png,twotone_00_clean_base.png,png,475704,7d9267f3cdc663e1a56ef2c697c3e4803ecf2f0526da051f15fbfa3e8a834fe0,2026-07-28T13:24:03+00:00,character-art,authoritative,MZ-CHAR-002,,no,,none (byte-for-byte copy),"Approved character turnarounds, poses and expression sheets for all twelve canon characters. Opaque backgrounds; not composite-ready."
canon-characters,I:\MonkeyZoo Comic Strip\Fusion Squad\MonkeyZoo_Comic_Factory\03_APPROVED_CANON\approved_characters\twotone\twotone_01_neutral.png,source_material/imported_canon/approved_characters/twotone/twotone_01_neutral.png,twotone_01_neutral.png,png,1012015,33245ac9ab3ec9a1d4fbe1673d6f486d1a3d6b211a9b984b61c420d3816bbc11,2026-07-28T13:24:03+00:00,character-art,authoritative,MZ-CHAR-002,,no,,none (byte-for-byte copy),"Approved character turnarounds, poses and expression sheets for all twelve canon characters. Opaque backgrounds; not composite-ready."
canon-characters,I:\MonkeyZoo Comic Strip\Fusion Squad\MonkeyZoo_Comic_Factory\03_APPROVED_CANON\approved_characters\twotone\twotone_02_threeqtr.png,source_material/imported_canon/approved_characters/twotone/twotone_02_threeqtr.png,twotone_02_threeqtr.png,png,979770,0e1ec0237c2103a0397fa567fc254be5d51767e194f5f122ba8031ab4636f27e,2026-07-28T13:24:03+00:00,character-art,authoritative,MZ-CHAR-002,,no,,none (byte-for-byte copy),"Approved character turnarounds, poses and expression sheets for all twelve canon characters. Opaque backgrounds; not composite-ready."
canon-characters,I:\MonkeyZoo Comic Strip\Fusion Squad\MonkeyZoo_Comic_Factory\03_APPROVED_CANON\approved_characters\twotone\twotone_03_profile.png,source_material/imported_canon/approved_characters/twotone/twotone_03_profile.png,twotone_03_profile.png,png,986496,a290668961b5774933df46ea6e8358e057b2a046d7d263707c478a1d0f1cf950,2026-07-28T13:24:03+00:00,character-art,authoritative,MZ-CHAR-002,,no,,none (byte-for-byte copy),"Approved character turnarounds, poses and expression sheets for all twelve canon characters. Opaque backgrounds; not composite-ready."
canon-characters,I:\MonkeyZoo Comic Strip\Fusion Squad\MonkeyZoo_Comic_Factory\03_APPROVED_CANON\approved_characters\twotone\twotone_04_overshoulder.png,source_material/imported_canon/approved_characters/twotone/twotone_04_overshoulder.png,twotone_04_overshoulder.png,png,939726,2877b5d3ceb9f6b880ee0a2339ac24e40ef8bde782f511ec46c3c74d5b3e8034,2026-07-28T13:24:03+00:00,character-art,authoritative,MZ-CHAR-002,,no,,none (byte-for-byte copy),"Approved character turnarounds, poses and expression sheets for all twelve canon characters. Opaque backgrounds; not composite-ready."
canon-characters,I:\MonkeyZoo Comic Strip\Fusion Squad\MonkeyZoo_Comic_Factory\03_APPROVED_CANON\approved_characters\twotone\twotone_05_portrait.png,source_material/imported_canon/approved_characters/twotone/twotone_05_portrait.png,twotone_05_portrait.png,png,941455,22bc81a3d3c3d71c6d55e52c2b0fa4e44b51c68f9341db96acad83e17ea9fc88,2026-07-28T13:24:03+00:00,character-art,authoritative,MZ-CHAR-002,,no,,none (byte-for-byte copy),"Approved character turnarounds, poses and expression sheets for all twelve canon characters. Opaque backgrounds; not composite-ready."
canon-characters,I:\MonkeyZoo Comic Strip\Fusion Squad\MonkeyZoo_Comic_Factory\03_APPROVED_CANON\approved_characters\twotone\twotone_06_angry.png,source_material/imported_canon/approved_characters/twotone/twotone_06_angry.png,twotone_06_angry.png,png,1070865,4a62dc9a0b68cc17d8a9ae4e998ed5fc5b9c7c4fadbd2646cac8fa46ffa6411c,2026-07-28T13:24:03+00:00,character-art,authoritative,MZ-CHAR-002,,no,,none (byte-for-byte copy),"Approved character turnarounds, poses and expression sheets for all twelve canon characters. Opaque backgrounds; not composite-ready."
canon-characters,I:\MonkeyZoo Comic Strip\Fusion Squad\MonkeyZoo_Comic_Factory\03_APPROVED_CANON\approved_characters\twotone\twotone_07_sad.png,source_material/imported_canon/approved_characters/twotone/twotone_07_sad.png,twotone_07_sad.png,png,930741,4ccfe3e2684a5db1ecff159bd9476c8f33c45b1d90dcafd798ca17a8ab91db11,2026-07-28T13:24:03+00:00,character-art,authoritative,MZ-CHAR-002,,no,,none (byte-for-byte copy),"Approved character turnarounds, poses and expression sheets for all twelve canon characters. Opaque backgrounds; not composite-ready."
canon-characters,I:\MonkeyZoo Comic Strip\Fusion Squad\MonkeyZoo_Comic_Factory\03_APPROVED_CANON\approved_characters\twotone\twotone_08_shocked.png,source_material/imported_canon/approved_characters/twotone/twotone_08_shocked.png,twotone_08_shocked.png,png,974744,7515c332bff66b4aa955c1622fc92af143ebf3c0b4b885dd70be8185e897ec6b,2026-07-28T13:24:03+00:00,character-art,authoritative,MZ-CHAR-002,,no,,none (byte-for-byte copy),"Approved character turnarounds, poses and expression sheets for all twelve canon characters. Opaque backgrounds; not composite-ready."
canon-characters,I:\MonkeyZoo Comic Strip\Fusion Squad\MonkeyZoo_Comic_Factory\03_APPROVED_CANON\approved_characters\twotone\twotone_09_smile.png,source_material/imported_canon/approved_characters/twotone/twotone_09_smile.png,twotone_09_smile.png,png,971480,3b207aa6f2c1a41f9ad799d7bc0240e0968a36a338dd6d2903445a4d6bb3b3d5,2026-07-28T13:24:03+00:00,character-art,authoritative,MZ-CHAR-002,,no,,none (byte-for-byte copy),"Approved character turnarounds, poses and expression sheets for all twelve canon characters. Opaque backgrounds; not composite-ready."
canon-characters,I:\MonkeyZoo Comic Strip\Fusion Squad\MonkeyZoo_Comic_Factory\03_APPROVED_CANON\approved_characters\twotone\twotone_10_walking.png,source_material/imported_canon/approved_characters/twotone/twotone_10_walking.png,twotone_10_walking.png,png,517052,43c5ebb922ce96800a6e57af8e20583d98ccacb312416f08d00f1582dff74830,2026-07-28T13:24:03+00:00,character-art,authoritative,MZ-CHAR-002,,no,,none (byte-for-byte copy),"Approved character turnarounds, poses and expression sheets for all twelve canon characters. Opaque backgrounds; not composite-ready."
canon-characters,I:\MonkeyZoo Comic Strip\Fusion Squad\MonkeyZoo_Comic_Factory\03_APPROVED_CANON\approved_characters\twotone\twotone_11_armscrossed.png,source_material/imported_canon/approved_characters/twotone/twotone_11_armscrossed.png,twotone_11_armscrossed.png,png,994280,565d44ea5f5d17b95a6cc3f0e1fb6aae2276393aed8e05f4515f09f7ec0cf5a0,2026-07-28T13:24:03+00:00,character-art,authoritative,MZ-CHAR-002,,no,,none (byte-for-byte copy),"Approved character turnarounds, poses and expression sheets for all twelve canon characters. Opaque backgrounds; not composite-ready."
canon-characters,I:\MonkeyZoo Comic Strip\Fusion Squad\MonkeyZoo_Comic_Factory\03_APPROVED_CANON\approved_characters\twotone\twotone_12_sitting.png,source_material/imported_canon/approved_characters/twotone/twotone_12_sitting.png,twotone_12_sitting.png,png,986571,c222ad4a2f37967eeccada54c8045349c26d97f05131b8db9df2aa1665baafdf,2026-07-28T13:24:03+00:00,character-art,authoritative,MZ-CHAR-002,,no,,none (byte-for-byte copy),"Approved character turnarounds, poses and expression sheets for all twelve canon characters. Opaque backgrounds; not composite-ready."
canon-characters,I:\MonkeyZoo Comic Strip\Fusion Squad\MonkeyZoo_Comic_Factory\03_APPROVED_CANON\approved_characters\twotone\twotone_13_pointing.png,source_material/imported_canon/approved_characters/twotone/twotone_13_pointing.png,twotone_13_pointing.png,png,882225,47340dbb5f76e0da22b9cae782c319e692f9f99ce06de05258dbf997b9b88b57,2026-07-28T13:24:03+00:00,character-art,authoritative,MZ-CHAR-002,,no,,none (byte-for-byte copy),"Approved character turnarounds, poses and expression sheets for all twelve canon characters. Opaque backgrounds; not composite-ready."
canon-characters,I:\MonkeyZoo Comic Strip\Fusion Squad\MonkeyZoo_Comic_Factory\03_APPROVED_CANON\approved_characters\twotone\twotone_14_shout.png,source_material/imported_canon/approved_characters/twotone/twotone_14_shout.png,twotone_14_shout.png,png,1007443,1deb0df2b10f0c6b02b3c3e6fc6200e60780fd6e73903708c3d36970c02ae3bd,2026-07-28T13:24:03+00:00,character-art,authoritative,MZ-CHAR-002,,no,,none (byte-for-byte copy),"Approved character turnarounds, poses and expression sheets for all twelve canon characters. Opaque backgrounds; not composite-ready."
canon-characters,I:\MonkeyZoo Comic Strip\Fusion Squad\MonkeyZoo_Comic_Factory\03_APPROVED_CANON\approved_characters\twotone\twotone_15_laughing.png,source_material/imported_canon/approved_characters/twotone/twotone_15_laughing.png,twotone_15_laughing.png,png,559987,4c45338753535c36ce518df495b9d117cc56fac07dd5a1df07b7e6209647a689,2026-07-28T13:24:03+00:00,character-art,authoritative,MZ-CHAR-002,,no,,none (byte-for-byte copy),"Approved character turnarounds, poses and expression sheets for all twelve canon characters. Opaque backgrounds; not composite-ready."
canon-characters,I:\MonkeyZoo Comic Strip\Fusion Squad\MonkeyZoo_Comic_Factory\03_APPROVED_CANON\approved_characters\twotone\twotone_16_worried.png,source_material/imported_canon/approved_characters/twotone/twotone_16_worried.png,twotone_16_worried.png,png,519589,8e9f618fbd0ed7289d1512516ff0348b868be5f122860f03da60be4a1295f781,2026-07-28T13:24:03+00:00,character-art,authoritative,MZ-CHAR-002,,no,,none (byte-for-byte copy),"Approved character turnarounds, poses and expression sheets for all twelve canon characters. Opaque backgrounds; not composite-ready."
canon-characters,I:\MonkeyZoo Comic Strip\Fusion Squad\MonkeyZoo_Comic_Factory\03_APPROVED_CANON\approved_characters\twotone\twotone_17_disgusted.png,source_material/imported_canon/approved_characters/twotone/twotone_17_disgusted.png,twotone_17_disgusted.png,png,541844,b7a63aa253eb74225ea2b3f5544c8fb6ff0c7174e489762a2bcffe58ce345a9d,2026-07-28T13:24:03+00:00,character-art,authoritative,MZ-CHAR-002,,no,,none (byte-for-byte copy),"Approved character turnarounds, poses and expression sheets for all twelve canon characters. Opaque backgrounds; not composite-ready."
canon-characters,I:\MonkeyZoo Comic Strip\Fusion Squad\MonkeyZoo_Comic_Factory\03_APPROVED_CANON\approved_characters\twotone\twotone_18_sleepy.png,source_material/imported_canon/approved_characters/twotone/twotone_18_sleepy.png,twotone_18_sleepy.png,png,522268,e47d7533cfed8fc3f12876d395e6cdd65c4f6935070b472f96566dc43b62c042,2026-07-28T13:24:03+00:00,character-art,authoritative,MZ-CHAR-002,,no,,none (byte-for-byte copy),"Approved character turnarounds, poses and expression sheets for all twelve canon characters. Opaque backgrounds; not composite-ready."
canon-characters,I:\MonkeyZoo Comic Strip\Fusion Squad\MonkeyZoo_Comic_Factory\03_APPROVED_CANON\approved_characters\twotone\twotone_19_determined.png,source_material/imported_canon/approved_characters/twotone/twotone_19_determined.png,twotone_19_determined.png,png,538178,8b3fe7567f9e4d125865a5173b1e00c718d1b919bdce35c134c98fbd300b82a6,2026-07-28T13:24:03+00:00,character-art,authoritative,MZ-CHAR-002,,no,,none (byte-for-byte copy),"Approved character turnarounds, poses and expression sheets for all twelve canon characters. Opaque backgrounds; not composite-ready."
canon-characters,I:\MonkeyZoo Comic Strip\Fusion Squad\MonkeyZoo_Comic_Factory\03_APPROVED_CANON\approved_characters\twotone\twotone_20_confused.png,source_material/imported_canon/approved_characters/twotone/twotone_20_confused.png,twotone_20_confused.png,png,537598,ad13c297fed073da71560bd18ae5b2928aeeaec10b8df7a9a6b349c86a472d8c,2026-07-28T13:24:03+00:00,character-art,authoritative,MZ-CHAR-002,,no,,none (byte-for-byte copy),"Approved character turnarounds, poses and expression sheets for all twelve canon characters. Opaque backgrounds; not composite-ready."
canon-characters,I:\MonkeyZoo Comic Strip\Fusion Squad\MonkeyZoo_Comic_Factory\03_APPROVED_CANON\approved_characters\twotone\twotone_21_running.png,source_material/imported_canon/approved_characters/twotone/twotone_21_running.png,twotone_21_running.png,png,537142,0415386d32b0ba72a8b5b7bd80d4c0f744b9cc81ef4dfbc8f3859c05911cec7c,2026-07-28T13:24:03+00:00,character-art,authoritative,MZ-CHAR-002,,no,,none (byte-for-byte copy),"Approved character turnarounds, poses and expression sheets for all twelve canon characters. Opaque backgrounds; not composite-ready."
canon-characters,I:\MonkeyZoo Comic Strip\Fusion Squad\MonkeyZoo_Comic_Factory\03_APPROVED_CANON\approved_characters\twotone\twotone_22_jumping.png,source_material/imported_canon/approved_characters/twotone/twotone_22_jumping.png,twotone_22_jumping.png,png,517339,c6b629ef1d943a0e826a47b1091b457a2399116d685ddc553829ba629941950a,2026-07-28T13:24:03+00:00,character-art,authoritative,MZ-CHAR-002,,no,,none (byte-for-byte copy),"Approved character turnarounds, poses and expression sheets for all twelve canon characters. Opaque backgrounds; not composite-ready."
canon-characters,I:\MonkeyZoo Comic Strip\Fusion Squad\MonkeyZoo_Comic_Factory\03_APPROVED_CANON\approved_characters\twotone\twotone_23_waving.png,source_material/imported_canon/approved_characters/twotone/twotone_23_waving.png,twotone_23_waving.png,png,558650,0192392b02d2dc6e9312aa9235994198ede9dc66e549bdae951f8e58d99a8a83,2026-07-28T13:24:03+00:00,character-art,authoritative,MZ-CHAR-002,,no,,none (byte-for-byte copy),"Approved character turnarounds, poses and expression sheets for all twelve canon characters. Opaque backgrounds; not composite-ready."
canon-characters,I:\MonkeyZoo Comic Strip\Fusion Squad\MonkeyZoo_Comic_Factory\03_APPROVED_CANON\approved_characters\twotone\twotone_24_thinking.png,source_material/imported_canon/approved_characters/twotone/twotone_24_thinking.png,twotone_24_thinking.png,png,540302,52df3148e542876dbcf172b1684353fc8fded38f6915c951aaab683ce1d17cfa,2026-07-28T13:24:03+00:00,character-art,authoritative,MZ-CHAR-002,,no,,none (byte-for-byte copy),"Approved character turnarounds, poses and expression sheets for all twelve canon characters. Opaque backgrounds; not composite-ready."
canon-characters,I:\MonkeyZoo Comic Strip\Fusion Squad\MonkeyZoo_Comic_Factory\03_APPROVED_CANON\approved_characters\twotone\twotone_25_crouching.png,source_material/imported_canon/approved_characters/twotone/twotone_25_crouching.png,twotone_25_crouching.png,png,532091,d5ba20865fd46b10bd33de55811662f344accae1705da6114141b9aff4cc3235,2026-07-28T13:24:03+00:00,character-art,authoritative,MZ-CHAR-002,,no,,none (byte-for-byte copy),"Approved character turnarounds, poses and expression sheets for all twelve canon characters. Opaque backgrounds; not composite-ready."
canon-characters,I:\MonkeyZoo Comic Strip\Fusion Squad\MonkeyZoo_Comic_Factory\03_APPROVED_CANON\approved_characters\twotone\twotone_26_reaching.png,source_material/imported_canon/approved_characters/twotone/twotone_26_reaching.png,twotone_26_reaching.png,png,530960,6ecb5e8b577d9b5580e269eef02c67ce3104f5c1e8872ffe1e4bf56a1d66fa43,2026-07-28T13:24:03+00:00,character-art,authoritative,MZ-CHAR-002,,no,,none (byte-for-byte copy),"Approved character turnarounds, poses and expression sheets for all twelve canon characters. Opaque backgrounds; not composite-ready."
canon-characters,I:\MonkeyZoo Comic Strip\Fusion Squad\MonkeyZoo_Comic_Factory\03_APPROVED_CANON\approved_characters\twotone\twotone_27_defeated.png,source_material/imported_canon/approved_characters/twotone/twotone_27_defeated.png,twotone_27_defeated.png,png,464903,dc8d1a5f8301d1915de8d1a6061dd265705c581437acb0493ba54bc2c96e746c,2026-07-28T13:24:03+00:00,character-art,authoritative,MZ-CHAR-002,,no,,none (byte-for-byte copy),"Approved character turnarounds, poses and expression sheets for all twelve canon characters. Opaque backgrounds; not composite-ready."
canon-characters,I:\MonkeyZoo Comic Strip\Fusion Squad\MonkeyZoo_Comic_Factory\03_APPROVED_CANON\approved_characters\twotone\twotone_28_celebrating.png,source_material/imported_canon/approved_characters/twotone/twotone_28_celebrating.png,twotone_28_celebrating.png,png,571218,42d41996ce753c279f04e7e8944aa5186589b7b1ddda6793eb416c5d22be806a,2026-07-28T13:24:03+00:00,character-art,authoritative,MZ-CHAR-002,,no,,none (byte-for-byte copy),"Approved character turnarounds, poses and expression sheets for all twelve canon characters. Opaque backgrounds; not composite-ready."
canon-characters,I:\MonkeyZoo Comic Strip\Fusion Squad\MonkeyZoo_Comic_Factory\03_APPROVED_CANON\approved_characters\twotone\twotone_29_lookingup.png,source_material/imported_canon/approved_characters/twotone/twotone_29_lookingup.png,twotone_29_lookingup.png,png,561063,f6cf31b2c73ea535e140c98453b86a86997fe3045e29da27acd18b4fdfff505d,2026-07-28T13:24:03+00:00,character-art,authoritative,MZ-CHAR-002,,no,,none (byte-for-byte copy),"Approved character turnarounds, poses and expression sheets for all twelve canon characters. Opaque backgrounds; not composite-ready."
canon-characters,I:\MonkeyZoo Comic Strip\Fusion Squad\MonkeyZoo_Comic_Factory\03_APPROVED_CANON\approved_characters\twotone\twotone_30_backview.png,source_material/imported_canon/approved_characters/twotone/twotone_30_backview.png,twotone_30_backview.png,png,478861,4d0d6a8b8608680976884a1abd9a4818ea7c192ce5c1a5413eaa7485a4a32b36,2026-07-28T13:24:03+00:00,character-art,authoritative,MZ-CHAR-002,,no,,none (byte-for-byte copy),"Approved character turnarounds, poses and expression sheets for all twelve canon characters. Opaque backgrounds; not composite-ready."
canon-characters,I:\MonkeyZoo Comic Strip\Fusion Squad\MonkeyZoo_Comic_Factory\03_APPROVED_CANON\approved_characters\zombie\source_images\zombie.png,source_material/imported_canon/approved_characters/zombie/source_images/zombie.png,zombie.png,png,555538,0edfb23df08a69a59ac39305301d0fab576ea5cedd0654d4ff4e530a252c1fd2,2026-07-28T13:24:03+00:00,character-art,authoritative,MZ-CHAR-ZOMBIE,,no,source_material/imported_canon/approved_characters/factions/zombie.png,none (byte-for-byte copy),"Approved character turnarounds, poses and expression sheets for all twelve canon characters. Opaque backgrounds; not composite-ready."
canon-characters,I:\MonkeyZoo Comic Strip\Fusion Squad\MonkeyZoo_Comic_Factory\03_APPROVED_CANON\approved_characters\zombie\source_images\Zombie_Monkey_in_Tattered_Clothing-removebg-preview.png,source_material/imported_canon/approved_characters/zombie/source_images/Zombie_Monkey_in_Tattered_Clothing-removebg-preview.png,Zombie_Monkey_in_Tattered_Clothing-removebg-preview.png,png,150912,f064d9e4d12f0b6bc50d73f077a13857f4d3d46aab2cbf7575b858c51c374721,2026-07-28T13:24:03+00:00,character-art,authoritative,MZ-CHAR-ZOMBIE,,no,,none (byte-for-byte copy),"Approved character turnarounds, poses and expression sheets for all twelve canon characters. Opaque backgrounds; not composite-ready."
canon-characters,I:\MonkeyZoo Comic Strip\Fusion Squad\MonkeyZoo_Comic_Factory\03_APPROVED_CANON\approved_characters\zombie\source_images\Zombie_Monkey_in_Tattered_Clothing.png,source_material/imported_canon/approved_characters/zombie/source_images/Zombie_Monkey_in_Tattered_Clothing.png,Zombie_Monkey_in_Tattered_Clothing.png,png,1831939,05e7a162bc08deb1f40b2475639c1d3deaec2b4ec4f0319bf9628d641325d630,2026-07-28T13:24:03+00:00,character-art,authoritative,MZ-CHAR-ZOMBIE,,no,,none (byte-for-byte copy),"Approved character turnarounds, poses and expression sheets for all twelve canon characters. Opaque backgrounds; not composite-ready."
canon-characters,I:\MonkeyZoo Comic Strip\Fusion Squad\MonkeyZoo_Comic_Factory\03_APPROVED_CANON\approved_characters\zombie\zombie_00_clean_base.png,source_material/imported_canon/approved_characters/zombie/zombie_00_clean_base.png,zombie_00_clean_base.png,png,464110,9d7863975074085a8458b621a60d116e9802850fecd70446f620db0b413aca0f,2026-07-28T13:24:03+00:00,character-art,authoritative,MZ-CHAR-ZOMBIE,,no,,none (byte-for-byte copy),"Approved character turnarounds, poses and expression sheets for all twelve canon characters. Opaque backgrounds; not composite-ready."
canon-characters,I:\MonkeyZoo Comic Strip\Fusion Squad\MonkeyZoo_Comic_Factory\03_APPROVED_CANON\approved_characters\zombie\zombie_01_neutral.png,source_material/imported_canon/approved_characters/zombie/zombie_01_neutral.png,zombie_01_neutral.png,png,464110,9d7863975074085a8458b621a60d116e9802850fecd70446f620db0b413aca0f,2026-07-28T13:24:03+00:00,character-art,authoritative,MZ-CHAR-ZOMBIE,,no,source_material/imported_canon/approved_characters/zombie/zombie_00_clean_base.png,none (byte-for-byte copy),"Approved character turnarounds, poses and expression sheets for all twelve canon characters. Opaque backgrounds; not composite-ready."
canon-characters,I:\MonkeyZoo Comic Strip\Fusion Squad\MonkeyZoo_Comic_Factory\03_APPROVED_CANON\approved_characters\zombie\zombie_02_threeqtr.png,source_material/imported_canon/approved_characters/zombie/zombie_02_threeqtr.png,zombie_02_threeqtr.png,png,578155,14a77aeaf88e5df1f1b5f260b9c305865b1e93635af94507ff4026a6421308d8,2026-07-28T13:24:03+00:00,character-art,authoritative,MZ-CHAR-ZOMBIE,,no,,none (byte-for-byte copy),"Approved character turnarounds, poses and expression sheets for all twelve canon characters. Opaque backgrounds; not composite-ready."
canon-characters,I:\MonkeyZoo Comic Strip\Fusion Squad\MonkeyZoo_Comic_Factory\03_APPROVED_CANON\approved_characters\zombie\zombie_03_profile.png,source_material/imported_canon/approved_characters/zombie/zombie_03_profile.png,zombie_03_profile.png,png,546717,68c202a4f42fd82138d16bc60339c926e61a55e935c48d9ff1ecbe107af618b7,2026-07-28T13:24:03+00:00,character-art,authoritative,MZ-CHAR-ZOMBIE,,no,,none (byte-for-byte copy),"Approved character turnarounds, poses and expression sheets for all twelve canon characters. Opaque backgrounds; not composite-ready."
canon-characters,I:\MonkeyZoo Comic Strip\Fusion Squad\MonkeyZoo_Comic_Factory\03_APPROVED_CANON\approved_characters\zombie\zombie_04_overshoulder.png,source_material/imported_canon/approved_characters/zombie/zombie_04_overshoulder.png,zombie_04_overshoulder.png,png,593136,4fa7905baa573d8f1192c9a2ac8cce2554d1a7751141284eeb35732e5b6855e3,2026-07-28T13:24:03+00:00,character-art,authoritative,MZ-CHAR-ZOMBIE,,no,,none (byte-for-byte copy),"Approved character turnarounds, poses and expression sheets for all twelve canon characters. Opaque backgrounds; not composite-ready."
canon-characters,I:\MonkeyZoo Comic Strip\Fusion Squad\MonkeyZoo_Comic_Factory\03_APPROVED_CANON\approved_characters\zombie\zombie_05_portrait.png,source_material/imported_canon/approved_characters/zombie/zombie_05_portrait.png,zombie_05_portrait.png,png,694259,3487d9aa4e396656ce0d4142d16326da85371abe97ff8e4e7d03788752ea5267,2026-07-28T13:24:03+00:00,character-art,authoritative,MZ-CHAR-ZOMBIE,,no,,none (byte-for-byte copy),"Approved character turnarounds, poses and expression sheets for all twelve canon characters. Opaque backgrounds; not composite-ready."
canon-characters,I:\MonkeyZoo Comic Strip\Fusion Squad\MonkeyZoo_Comic_Factory\03_APPROVED_CANON\approved_characters\zombie\zombie_06_angry.png,source_material/imported_canon/approved_characters/zombie/zombie_06_angry.png,zombie_06_angry.png,png,630682,10956bc193b01c7be8d05d475fd54f555431a0072bd615715d002ec95f884369,2026-07-28T13:24:03+00:00,character-art,authoritative,MZ-CHAR-ZOMBIE,,no,,none (byte-for-byte copy),"Approved character turnarounds, poses and expression sheets for all twelve canon characters. Opaque backgrounds; not composite-ready."
canon-characters,I:\MonkeyZoo Comic Strip\Fusion Squad\MonkeyZoo_Comic_Factory\03_APPROVED_CANON\approved_characters\zombie\zombie_07_sad.png,source_material/imported_canon/approved_characters/zombie/zombie_07_sad.png,zombie_07_sad.png,png,544494,3cd8670f170e75d8923882d240689f735bd446619bcd4b128eab54269dcee08d,2026-07-28T13:24:03+00:00,character-art,authoritative,MZ-CHAR-ZOMBIE,,no,,none (byte-for-byte copy),"Approved character turnarounds, poses and expression sheets for all twelve canon characters. Opaque backgrounds; not composite-ready."
canon-characters,I:\MonkeyZoo Comic Strip\Fusion Squad\MonkeyZoo_Comic_Factory\03_APPROVED_CANON\approved_characters\zombie\zombie_08_shocked.png,source_material/imported_canon/approved_characters/zombie/zombie_08_shocked.png,zombie_08_shocked.png,png,613957,47c62db38d247d07425e5ad7682844a21a872e412637a057f5cc2ae3e082cd7a,2026-07-28T13:24:03+00:00,character-art,authoritative,MZ-CHAR-ZOMBIE,,no,,none (byte-for-byte copy),"Approved character turnarounds, poses and expression sheets for all twelve canon characters. Opaque backgrounds; not composite-ready."
canon-characters,I:\MonkeyZoo Comic Strip\Fusion Squad\MonkeyZoo_Comic_Factory\03_APPROVED_CANON\approved_characters\zombie\zombie_09_smile.png,source_material/imported_canon/approved_characters/zombie/zombie_09_smile.png,zombie_09_smile.png,png,541482,7996a36b96d1b748b838c174ffa9c714fd13cb576a4b744c493c9203f1097fed,2026-07-28T13:24:03+00:00,character-art,authoritative,MZ-CHAR-ZOMBIE,,no,,none (byte-for-byte copy),"Approved character turnarounds, poses and expression sheets for all twelve canon characters. Opaque backgrounds; not composite-ready."
canon-characters,I:\MonkeyZoo Comic Strip\Fusion Squad\MonkeyZoo_Comic_Factory\03_APPROVED_CANON\approved_characters\zombie\zombie_10_walking.png,source_material/imported_canon/approved_characters/zombie/zombie_10_walking.png,zombie_10_walking.png,png,550375,241fd1ea1b336400866ef56d5e23196a86fff2503108f63ef6bdd109e085e41c,2026-07-28T13:24:03+00:00,character-art,authoritative,MZ-CHAR-ZOMBIE,,no,,none (byte-for-byte copy),"Approved character turnarounds, poses and expression sheets for all twelve canon characters. Opaque backgrounds; not composite-ready."
canon-characters,I:\MonkeyZoo Comic Strip\Fusion Squad\MonkeyZoo_Comic_Factory\03_APPROVED_CANON\approved_characters\zombie\zombie_11_armscrossed.png,source_material/imported_canon/approved_characters/zombie/zombie_11_armscrossed.png,zombie_11_armscrossed.png,png,534047,2e7f5241f09c89baaf47a7857e52e63ba25e385417b42413fefa6fb526fec49e,2026-07-28T13:24:03+00:00,character-art,authoritative,MZ-CHAR-ZOMBIE,,no,,none (byte-for-byte copy),"Approved character turnarounds, poses and expression sheets for all twelve canon characters. Opaque backgrounds; not composite-ready."
canon-characters,I:\MonkeyZoo Comic Strip\Fusion Squad\MonkeyZoo_Comic_Factory\03_APPROVED_CANON\approved_characters\zombie\zombie_12_sitting.png,source_material/imported_canon/approved_characters/zombie/zombie_12_sitting.png,zombie_12_sitting.png,png,575664,03be32decef7e98ee148b4117bf2b061a98c0614fb78b63e4e98f37f888241ac,2026-07-28T13:24:03+00:00,character-art,authoritative,MZ-CHAR-ZOMBIE,,no,,none (byte-for-byte copy),"Approved character turnarounds, poses and expression sheets for all twelve canon characters. Opaque backgrounds; not composite-ready."
canon-characters,I:\MonkeyZoo Comic Strip\Fusion Squad\MonkeyZoo_Comic_Factory\03_APPROVED_CANON\approved_characters\zombie\zombie_13_pointing.png,source_material/imported_canon/approved_characters/zombie/zombie_13_pointing.png,zombie_13_pointing.png,png,589580,61a0c62f77ebbe0fdf6d2cbb6e3889ff409b6544588f6444bc1aa20f76c0c4c7,2026-07-28T13:24:03+00:00,character-art,authoritative,MZ-CHAR-ZOMBIE,,no,,none (byte-for-byte copy),"Approved character turnarounds, poses and expression sheets for all twelve canon characters. Opaque backgrounds; not composite-ready."
canon-characters,I:\MonkeyZoo Comic Strip\Fusion Squad\MonkeyZoo_Comic_Factory\03_APPROVED_CANON\approved_characters\zombie\zombie_14_shout.png,source_material/imported_canon/approved_characters/zombie/zombie_14_shout.png,zombie_14_shout.png,png,596453,ca24b8c59693b6db8f08704fffb9855b0040ca6a3cc183c854c90a48785a4428,2026-07-28T13:24:03+00:00,character-art,authoritative,MZ-CHAR-ZOMBIE,,no,,none (byte-for-byte copy),"Approved character turnarounds, poses and expression sheets for all twelve canon characters. Opaque backgrounds; not composite-ready."
canon-characters,I:\MonkeyZoo Comic Strip\Fusion Squad\MonkeyZoo_Comic_Factory\03_APPROVED_CANON\approved_characters\zombie\zombie_15_laughing.png,source_material/imported_canon/approved_characters/zombie/zombie_15_laughing.png,zombie_15_laughing.png,png,587828,5ac86a9967bfe52441cc0dd84f453341ae68948740bd8d454e2ef73776180fda,2026-07-28T13:24:03+00:00,character-art,authoritative,MZ-CHAR-ZOMBIE,,no,,none (byte-for-byte copy),"Approved character turnarounds, poses and expression sheets for all twelve canon characters. Opaque backgrounds; not composite-ready."
canon-characters,I:\MonkeyZoo Comic Strip\Fusion Squad\MonkeyZoo_Comic_Factory\03_APPROVED_CANON\approved_characters\zombie\zombie_16_worried.png,source_material/imported_canon/approved_characters/zombie/zombie_16_worried.png,zombie_16_worried.png,png,546846,526a6a3bdc8722441b4542389614a0c31c34f213abe0c196c49b456a10d5f3be,2026-07-28T13:24:03+00:00,character-art,authoritative,MZ-CHAR-ZOMBIE,,no,,none (byte-for-byte copy),"Approved character turnarounds, poses and expression sheets for all twelve canon characters. Opaque backgrounds; not composite-ready."
canon-characters,I:\MonkeyZoo Comic Strip\Fusion Squad\MonkeyZoo_Comic_Factory\03_APPROVED_CANON\approved_characters\zombie\zombie_17_disgusted.png,source_material/imported_canon/approved_characters/zombie/zombie_17_disgusted.png,zombie_17_disgusted.png,png,573022,5ad32d9bedc033f05b2212bb7bd3325b904529a946d4bd34cdd3872f4102e43f,2026-07-28T13:24:03+00:00,character-art,authoritative,MZ-CHAR-ZOMBIE,,no,,none (byte-for-byte copy),"Approved character turnarounds, poses and expression sheets for all twelve canon characters. Opaque backgrounds; not composite-ready."
canon-characters,I:\MonkeyZoo Comic Strip\Fusion Squad\MonkeyZoo_Comic_Factory\03_APPROVED_CANON\approved_characters\zombie\zombie_18_sleepy.png,source_material/imported_canon/approved_characters/zombie/zombie_18_sleepy.png,zombie_18_sleepy.png,png,569693,358864be47d72929a236bc96319603b4bf68a120760f6ef044229227b194ad63,2026-07-28T13:24:03+00:00,character-art,authoritative,MZ-CHAR-ZOMBIE,,no,,none (byte-for-byte copy),"Approved character turnarounds, poses and expression sheets for all twelve canon characters. Opaque backgrounds; not composite-ready."
canon-characters,I:\MonkeyZoo Comic Strip\Fusion Squad\MonkeyZoo_Comic_Factory\03_APPROVED_CANON\approved_characters\zombie\zombie_19_determined.png,source_material/imported_canon/approved_characters/zombie/zombie_19_determined.png,zombie_19_determined.png,png,601022,7d2c822047b197bc75a84d34d83815bcef7b4f6569662d53f7d5ee2059f3e9d8,2026-07-28T13:24:03+00:00,character-art,authoritative,MZ-CHAR-ZOMBIE,,no,,none (byte-for-byte copy),"Approved character turnarounds, poses and expression sheets for all twelve canon characters. Opaque backgrounds; not composite-ready."
canon-characters,I:\MonkeyZoo Comic Strip\Fusion Squad\MonkeyZoo_Comic_Factory\03_APPROVED_CANON\approved_characters\zombie\zombie_20_confused.png,source_material/imported_canon/approved_characters/zombie/zombie_20_confused.png,zombie_20_confused.png,png,566473,c680bdbb7063cfa3040c75b0118c906cf702b395a8d93b368e3ac936b2d21f29,2026-07-28T13:24:03+00:00,character-art,authoritative,MZ-CHAR-ZOMBIE,,no,,none (byte-for-byte copy),"Approved character turnarounds, poses and expression sheets for all twelve canon characters. Opaque backgrounds; not composite-ready."
canon-characters,I:\MonkeyZoo Comic Strip\Fusion Squad\MonkeyZoo_Comic_Factory\03_APPROVED_CANON\approved_characters\zombie\zombie_21_running.png,source_material/imported_canon/approved_characters/zombie/zombie_21_running.png,zombie_21_running.png,png,638859,7a1751cd39c8eb3789c139c877f1f67df35cdb1cd4e4dbb672616dfda332c16e,2026-07-28T13:24:03+00:00,character-art,authoritative,MZ-CHAR-ZOMBIE,,no,,none (byte-for-byte copy),"Approved character turnarounds, poses and expression sheets for all twelve canon characters. Opaque backgrounds; not composite-ready."
canon-characters,I:\MonkeyZoo Comic Strip\Fusion Squad\MonkeyZoo_Comic_Factory\03_APPROVED_CANON\approved_characters\zombie\zombie_22_jumping.png,source_material/imported_canon/approved_characters/zombie/zombie_22_jumping.png,zombie_22_jumping.png,png,634440,388693ed995d626ded12eaa7598a6247ce44ba91fb5976029287997de4e36f31,2026-07-28T13:24:03+00:00,character-art,authoritative,MZ-CHAR-ZOMBIE,,no,,none (byte-for-byte copy),"Approved character turnarounds, poses and expression sheets for all twelve canon characters. Opaque backgrounds; not composite-ready."
canon-characters,I:\MonkeyZoo Comic Strip\Fusion Squad\MonkeyZoo_Comic_Factory\03_APPROVED_CANON\approved_characters\zombie\zombie_23_waving.png,source_material/imported_canon/approved_characters/zombie/zombie_23_waving.png,zombie_23_waving.png,png,586562,1ecfc49cc27b3a28234d85d296c8ccaf5c14ecf709e62bb22c1d799f283c716e,2026-07-28T13:24:03+00:00,character-art,authoritative,MZ-CHAR-ZOMBIE,,no,,none (byte-for-byte copy),"Approved character turnarounds, poses and expression sheets for all twelve canon characters. Opaque backgrounds; not composite-ready."
canon-characters,I:\MonkeyZoo Comic Strip\Fusion Squad\MonkeyZoo_Comic_Factory\03_APPROVED_CANON\approved_characters\zombie\zombie_24_thinking.png,source_material/imported_canon/approved_characters/zombie/zombie_24_thinking.png,zombie_24_thinking.png,png,560797,43b14c1e5317f25c60b75920a39b52f1592db21d7bc035e8ec57398146ca4d52,2026-07-28T13:24:03+00:00,character-art,authoritative,MZ-CHAR-ZOMBIE,,no,,none (byte-for-byte copy),"Approved character turnarounds, poses and expression sheets for all twelve canon characters. Opaque backgrounds; not composite-ready."
canon-characters,I:\MonkeyZoo Comic Strip\Fusion Squad\MonkeyZoo_Comic_Factory\03_APPROVED_CANON\approved_characters\zombie\zombie_25_crouching.png,source_material/imported_canon/approved_characters/zombie/zombie_25_crouching.png,zombie_25_crouching.png,png,600647,66bfcf3dcbf91efdf3d061614e46cce555833fb6e2cd8a116238c27b4012a8d2,2026-07-28T13:24:03+00:00,character-art,authoritative,MZ-CHAR-ZOMBIE,,no,,none (byte-for-byte copy),"Approved character turnarounds, poses and expression sheets for all twelve canon characters. Opaque backgrounds; not composite-ready."
canon-characters,I:\MonkeyZoo Comic Strip\Fusion Squad\MonkeyZoo_Comic_Factory\03_APPROVED_CANON\approved_characters\zombie\zombie_26_reaching.png,source_material/imported_canon/approved_characters/zombie/zombie_26_reaching.png,zombie_26_reaching.png,png,628542,315a1a125df29c62d6319c57bb31042596d190996ef133cf7119acf365b8c424,2026-07-28T13:24:03+00:00,character-art,authoritative,MZ-CHAR-ZOMBIE,,no,,none (byte-for-byte copy),"Approved character turnarounds, poses and expression sheets for all twelve canon characters. Opaque backgrounds; not composite-ready."
canon-characters,I:\MonkeyZoo Comic Strip\Fusion Squad\MonkeyZoo_Comic_Factory\03_APPROVED_CANON\approved_characters\zombie\zombie_27_defeated.png,source_material/imported_canon/approved_characters/zombie/zombie_27_defeated.png,zombie_27_defeated.png,png,546876,21a9008247c6a111f762d4f04a65f17207b787ed238741f6741fe8a8922b3a8e,2026-07-28T13:24:03+00:00,character-art,authoritative,MZ-CHAR-ZOMBIE,,no,,none (byte-for-byte copy),"Approved character turnarounds, poses and expression sheets for all twelve canon characters. Opaque backgrounds; not composite-ready."
canon-characters,I:\MonkeyZoo Comic Strip\Fusion Squad\MonkeyZoo_Comic_Factory\03_APPROVED_CANON\approved_characters\zombie\zombie_28_celebrating.png,source_material/imported_canon/approved_characters/zombie/zombie_28_celebrating.png,zombie_28_celebrating.png,png,622157,db9229b3a5cf5f21da4725d1c865bf1ca64831e35210706bf91e457052d4fb8b,2026-07-28T13:24:03+00:00,character-art,authoritative,MZ-CHAR-ZOMBIE,,no,,none (byte-for-byte copy),"Approved character turnarounds, poses and expression sheets for all twelve canon characters. Opaque backgrounds; not composite-ready."
canon-characters,I:\MonkeyZoo Comic Strip\Fusion Squad\MonkeyZoo_Comic_Factory\03_APPROVED_CANON\approved_characters\zombie\zombie_29_lookingup.png,source_material/imported_canon/approved_characters/zombie/zombie_29_lookingup.png,zombie_29_lookingup.png,png,553869,b74ede9e3349915f96069d9e71fc49746ad3ae2987bb08671dfd5785c229fa9d,2026-07-28T13:24:03+00:00,character-art,authoritative,MZ-CHAR-ZOMBIE,,no,,none (byte-for-byte copy),"Approved character turnarounds, poses and expression sheets for all twelve canon characters. Opaque backgrounds; not composite-ready."
canon-characters,I:\MonkeyZoo Comic Strip\Fusion Squad\MonkeyZoo_Comic_Factory\03_APPROVED_CANON\approved_characters\zombie\zombie_30_backview.png,source_material/imported_canon/approved_characters/zombie/zombie_30_backview.png,zombie_30_backview.png,png,577761,bc8e0e16bf2e81e8e5fe967982928e5462fb3e3c5dcf62028f276cd2a477e933,2026-07-28T13:24:03+00:00,character-art,authoritative,MZ-CHAR-ZOMBIE,,no,,none (byte-for-byte copy),"Approved character turnarounds, poses and expression sheets for all twelve canon characters. Opaque backgrounds; not composite-ready."
canon-expressions,I:\MonkeyZoo Comic Strip\Fusion Squad\MonkeyZoo_Comic_Factory\03_APPROVED_CANON\approved_expressions\ash\ash_00_clean_base.png,source_material/imported_canon/approved_expressions/ash/ash_00_clean_base.png,ash_00_clean_base.png,png,418950,995b134239ff714de9cd10c3f585ce0ee6fa1758dc36fe415566c41f55e432a8,2026-07-28T13:24:03+00:00,expression-art,authoritative,MZ-CHAR-004,,no,source_material/imported_canon/approved_characters/ash/ash_00_clean_base.png,none (byte-for-byte copy),"Approved expression library. Substantially overlaps approved_characters; duplicates are detected by hash and reported, not deleted."
canon-expressions,I:\MonkeyZoo Comic Strip\Fusion Squad\MonkeyZoo_Comic_Factory\03_APPROVED_CANON\approved_expressions\ash\ash_01_neutral.png,source_material/imported_canon/approved_expressions/ash/ash_01_neutral.png,ash_01_neutral.png,png,418950,995b134239ff714de9cd10c3f585ce0ee6fa1758dc36fe415566c41f55e432a8,2026-07-28T13:24:03+00:00,expression-art,authoritative,MZ-CHAR-004,,no,source_material/imported_canon/approved_characters/ash/ash_00_clean_base.png,none (byte-for-byte copy),"Approved expression library. Substantially overlaps approved_characters; duplicates are detected by hash and reported, not deleted."
canon-expressions,I:\MonkeyZoo Comic Strip\Fusion Squad\MonkeyZoo_Comic_Factory\03_APPROVED_CANON\approved_expressions\ash\ash_02_threeqtr.png,source_material/imported_canon/approved_expressions/ash/ash_02_threeqtr.png,ash_02_threeqtr.png,png,511318,357ef1bd114242add8e0b249089cd64ad8c7f9a613e1e2ed9d27e62016a52513,2026-07-28T13:24:03+00:00,expression-art,authoritative,MZ-CHAR-004,,no,,none (byte-for-byte copy),"Approved expression library. Substantially overlaps approved_characters; duplicates are detected by hash and reported, not deleted."
canon-expressions,I:\MonkeyZoo Comic Strip\Fusion Squad\MonkeyZoo_Comic_Factory\03_APPROVED_CANON\approved_expressions\ash\ash_03_profile.png,source_material/imported_canon/approved_expressions/ash/ash_03_profile.png,ash_03_profile.png,png,466752,a2bc9044f3961cff43ee155fce3a641647e80a21f8a6f0725d1d645113febb1a,2026-07-28T13:24:03+00:00,expression-art,authoritative,MZ-CHAR-004,,no,,none (byte-for-byte copy),"Approved expression library. Substantially overlaps approved_characters; duplicates are detected by hash and reported, not deleted."
canon-expressions,I:\MonkeyZoo Comic Strip\Fusion Squad\MonkeyZoo_Comic_Factory\03_APPROVED_CANON\approved_expressions\ash\ash_04_overshoulder.png,source_material/imported_canon/approved_expressions/ash/ash_04_overshoulder.png,ash_04_overshoulder.png,png,525576,504209824b46991b7f74a5aa0941226e65d01c4635af93df3255be1ac4d608c2,2026-07-28T13:24:03+00:00,expression-art,authoritative,MZ-CHAR-004,,no,,none (byte-for-byte copy),"Approved expression library. Substantially overlaps approved_characters; duplicates are detected by hash and reported, not deleted."
canon-expressions,I:\MonkeyZoo Comic Strip\Fusion Squad\MonkeyZoo_Comic_Factory\03_APPROVED_CANON\approved_expressions\ash\ash_05_portrait.png,source_material/imported_canon/approved_expressions/ash/ash_05_portrait.png,ash_05_portrait.png,png,645772,c6b7bf50d536c0e59594f5a47139d4ab5346fc463722726e58b671c11bed4f59,2026-07-28T13:24:03+00:00,expression-art,authoritative,MZ-CHAR-004,,no,,none (byte-for-byte copy),"Approved expression library. Substantially overlaps approved_characters; duplicates are detected by hash and reported, not deleted."
canon-expressions,I:\MonkeyZoo Comic Strip\Fusion Squad\MonkeyZoo_Comic_Factory\03_APPROVED_CANON\approved_expressions\ash\ash_06_angry.png,source_material/imported_canon/approved_expressions/ash/ash_06_angry.png,ash_06_angry.png,png,498527,a501ced459b73f49cd1747b760eb4e86e4546f1ea9ef3a40e3a54e04af89655a,2026-07-28T13:24:03+00:00,expression-art,authoritative,MZ-CHAR-004,,no,,none (byte-for-byte copy),"Approved expression library. Substantially overlaps approved_characters; duplicates are detected by hash and reported, not deleted."
canon-expressions,I:\MonkeyZoo Comic Strip\Fusion Squad\MonkeyZoo_Comic_Factory\03_APPROVED_CANON\approved_expressions\ash\ash_07_sad.png,source_material/imported_canon/approved_expressions/ash/ash_07_sad.png,ash_07_sad.png,png,555136,2aacb1d0e5fbe13f39e704dc7207778b9cca284aa4be16367f952f8781d3294b,2026-07-28T13:24:03+00:00,expression-art,authoritative,MZ-CHAR-004,,no,,none (byte-for-byte copy),"Approved expression library. Substantially overlaps approved_characters; duplicates are detected by hash and reported, not deleted."
canon-expressions,I:\MonkeyZoo Comic Strip\Fusion Squad\MonkeyZoo_Comic_Factory\03_APPROVED_CANON\approved_expressions\ash\ash_08_shocked.png,source_material/imported_canon/approved_expressions/ash/ash_08_shocked.png,ash_08_shocked.png,png,570273,47ff21ed471aa2ff3f907ae80cc4eb2d5d2d2b91620528c6284e2ded8b617c7f,2026-07-28T13:24:03+00:00,expression-art,authoritative,MZ-CHAR-004,,no,,none (byte-for-byte copy),"Approved expression library. Substantially overlaps approved_characters; duplicates are detected by hash and reported, not deleted."
canon-expressions,I:\MonkeyZoo Comic Strip\Fusion Squad\MonkeyZoo_Comic_Factory\03_APPROVED_CANON\approved_expressions\ash\ash_09_smile.png,source_material/imported_canon/approved_expressions/ash/ash_09_smile.png,ash_09_smile.png,png,500761,3a1971f8b040a0c76f75b37018507cced4f77772e35220308e71bf761d4934b8,2026-07-28T13:24:03+00:00,expression-art,authoritative,MZ-CHAR-004,,no,,none (byte-for-byte copy),"Approved expression library. Substantially overlaps approved_characters; duplicates are detected by hash and reported, not deleted."
canon-expressions,I:\MonkeyZoo Comic Strip\Fusion Squad\MonkeyZoo_Comic_Factory\03_APPROVED_CANON\approved_expressions\ash\ash_10_walking.png,source_material/imported_canon/approved_expressions/ash/ash_10_walking.png,ash_10_walking.png,png,495449,673ee40856629ad637a3aa0cf7d50aea25be916f51f5f42db4d642f01a2078e8,2026-07-28T13:24:03+00:00,expression-art,authoritative,MZ-CHAR-004,,no,,none (byte-for-byte copy),"Approved expression library. Substantially overlaps approved_characters; duplicates are detected by hash and reported, not deleted."
canon-expressions,I:\MonkeyZoo Comic Strip\Fusion Squad\MonkeyZoo_Comic_Factory\03_APPROVED_CANON\approved_expressions\ash\ash_11_armscrossed.png,source_material/imported_canon/approved_expressions/ash/ash_11_armscrossed.png,ash_11_armscrossed.png,png,517841,5c513a5c93864187434e86884fe4277cf1055c2862ea8f9999be1d47034638a9,2026-07-28T13:24:03+00:00,expression-art,authoritative,MZ-CHAR-004,,no,,none (byte-for-byte copy),"Approved expression library. Substantially overlaps approved_characters; duplicates are detected by hash and reported, not deleted."
canon-expressions,I:\MonkeyZoo Comic Strip\Fusion Squad\MonkeyZoo_Comic_Factory\03_APPROVED_CANON\approved_expressions\ash\ash_12_sitting.png,source_material/imported_canon/approved_expressions/ash/ash_12_sitting.png,ash_12_sitting.png,png,515597,258fd30f1c8cd50c23ed4e5cb289ee3d9830926763257743a8aa75d2951e88be,2026-07-28T13:24:03+00:00,expression-art,authoritative,MZ-CHAR-004,,no,,none (byte-for-byte copy),"Approved expression library. Substantially overlaps approved_characters; duplicates are detected by hash and reported, not deleted."
canon-expressions,I:\MonkeyZoo Comic Strip\Fusion Squad\MonkeyZoo_Comic_Factory\03_APPROVED_CANON\approved_expressions\ash\ash_13_pointing.png,source_material/imported_canon/approved_expressions/ash/ash_13_pointing.png,ash_13_pointing.png,png,583483,a61d0132a59e40c510a732a9f8ded1efaf5108bae395a42cf8c169c6a49402f1,2026-07-28T13:24:03+00:00,expression-art,authoritative,MZ-CHAR-004,,no,,none (byte-for-byte copy),"Approved expression library. Substantially overlaps approved_characters; duplicates are detected by hash and reported, not deleted."
canon-expressions,I:\MonkeyZoo Comic Strip\Fusion Squad\MonkeyZoo_Comic_Factory\03_APPROVED_CANON\approved_expressions\ash\ash_14_shout.png,source_material/imported_canon/approved_expressions/ash/ash_14_shout.png,ash_14_shout.png,png,620760,87177cec403debf5b159c45ada2a1e1869d90f6a6a7db8a5cf7b71a4353f8d1c,2026-07-28T13:24:03+00:00,expression-art,authoritative,MZ-CHAR-004,,no,,none (byte-for-byte copy),"Approved expression library. Substantially overlaps approved_characters; duplicates are detected by hash and reported, not deleted."
canon-expressions,I:\MonkeyZoo Comic Strip\Fusion Squad\MonkeyZoo_Comic_Factory\03_APPROVED_CANON\approved_expressions\ash\ash_15_laughing.png,source_material/imported_canon/approved_expressions/ash/ash_15_laughing.png,ash_15_laughing.png,png,555227,91b36f3ff895d3a222b269e346deb9816f4ecaf1fb8daea8302056af63631415,2026-07-28T13:24:03+00:00,expression-art,authoritative,MZ-CHAR-004,,no,source_material/imported_canon/approved_characters/ash/ash_15_laughing.png,none (byte-for-byte copy),"Approved expression library. Substantially overlaps approved_characters; duplicates are detected by hash and reported, not deleted."
canon-expressions,I:\MonkeyZoo Comic Strip\Fusion Squad\MonkeyZoo_Comic_Factory\03_APPROVED_CANON\approved_expressions\ash\ash_16_worried.png,source_material/imported_canon/approved_expressions/ash/ash_16_worried.png,ash_16_worried.png,png,518557,09ef04dd409053bd078a9df3527d210bf8a059959e5a1f2a1378238482b54d9f,2026-07-28T13:24:03+00:00,expression-art,authoritative,MZ-CHAR-004,,no,source_material/imported_canon/approved_characters/ash/ash_16_worried.png,none (byte-for-byte copy),"Approved expression library. Substantially overlaps approved_characters; duplicates are detected by hash and reported, not deleted."
canon-expressions,I:\MonkeyZoo Comic Strip\Fusion Squad\MonkeyZoo_Comic_Factory\03_APPROVED_CANON\approved_expressions\ash\ash_17_disgusted.png,source_material/imported_canon/approved_expressions/ash/ash_17_disgusted.png,ash_17_disgusted.png,png,577654,a0618e67c8f3177c5df742dde889d63b70f01846cc1a8ca09f2324a9c3dd9da7,2026-07-28T13:24:03+00:00,expression-art,authoritative,MZ-CHAR-004,,no,source_material/imported_canon/approved_characters/ash/ash_17_disgusted.png,none (byte-for-byte copy),"Approved expression library. Substantially overlaps approved_characters; duplicates are detected by hash and reported, not deleted."
canon-expressions,I:\MonkeyZoo Comic Strip\Fusion Squad\MonkeyZoo_Comic_Factory\03_APPROVED_CANON\approved_expressions\ash\ash_18_sleepy.png,source_material/imported_canon/approved_expressions/ash/ash_18_sleepy.png,ash_18_sleepy.png,png,541086,7053310d32b75bc6cf9955ec6065c26dbd927158a843fd76374e94cc41361851,2026-07-28T13:24:03+00:00,expression-art,authoritative,MZ-CHAR-004,,no,source_material/imported_canon/approved_characters/ash/ash_18_sleepy.png,none (byte-for-byte copy),"Approved expression library. Substantially overlaps approved_characters; duplicates are detected by hash and reported, not deleted."
canon-expressions,I:\MonkeyZoo Comic Strip\Fusion Squad\MonkeyZoo_Comic_Factory\03_APPROVED_CANON\approved_expressions\ash\ash_19_determined.png,source_material/imported_canon/approved_expressions/ash/ash_19_determined.png,ash_19_determined.png,png,545208,52139ec9c1027b18940ee7583d3cddbc7f585a02fbd0034aef2d84c923646e97,2026-07-28T13:24:03+00:00,expression-art,authoritative,MZ-CHAR-004,,no,source_material/imported_canon/approved_characters/ash/ash_19_determined.png,none (byte-for-byte copy),"Approved expression library. Substantially overlaps approved_characters; duplicates are detected by hash and reported, not deleted."
canon-expressions,I:\MonkeyZoo Comic Strip\Fusion Squad\MonkeyZoo_Comic_Factory\03_APPROVED_CANON\approved_expressions\ash\ash_20_confused.png,source_material/imported_canon/approved_expressions/ash/ash_20_confused.png,ash_20_confused.png,png,515349,9ba63cb02f0753db44b2c65606d44b905db4a5811519539974662c020873c751,2026-07-28T13:24:03+00:00,expression-art,authoritative,MZ-CHAR-004,,no,source_material/imported_canon/approved_characters/ash/ash_20_confused.png,none (byte-for-byte copy),"Approved expression library. Substantially overlaps approved_characters; duplicates are detected by hash and reported, not deleted."
canon-expressions,I:\MonkeyZoo Comic Strip\Fusion Squad\MonkeyZoo_Comic_Factory\03_APPROVED_CANON\approved_expressions\ash\ash_21_running.png,source_material/imported_canon/approved_expressions/ash/ash_21_running.png,ash_21_running.png,png,559303,10fa0fa88095b971aae65e7500190375b92e23df4413595986e5d1f3112f15e0,2026-07-28T13:24:03+00:00,expression-art,authoritative,MZ-CHAR-004,,no,source_material/imported_canon/approved_characters/ash/ash_21_running.png,none (byte-for-byte copy),"Approved expression library. Substantially overlaps approved_characters; duplicates are detected by hash and reported, not deleted."
canon-expressions,I:\MonkeyZoo Comic Strip\Fusion Squad\MonkeyZoo_Comic_Factory\03_APPROVED_CANON\approved_expressions\ash\ash_22_jumping.png,source_material/imported_canon/approved_expressions/ash/ash_22_jumping.png,ash_22_jumping.png,png,619905,e539ba2fa0d9c07ee186b6ba01ac86c02601140f738ecc67de7450c617f0716c,2026-07-28T13:24:03+00:00,expression-art,authoritative,MZ-CHAR-004,,no,source_material/imported_canon/approved_characters/ash/ash_22_jumping.png,none (byte-for-byte copy),"Approved expression library. Substantially overlaps approved_characters; duplicates are detected by hash and reported, not deleted."
canon-expressions,I:\MonkeyZoo Comic Strip\Fusion Squad\MonkeyZoo_Comic_Factory\03_APPROVED_CANON\approved_expressions\ash\ash_23_waving.png,source_material/imported_canon/approved_expressions/ash/ash_23_waving.png,ash_23_waving.png,png,528305,0dd4dac56c4b9f921c03a5ef58475b9b2adb3411a916797efb73d46e737241d9,2026-07-28T13:24:03+00:00,expression-art,authoritative,MZ-CHAR-004,,no,source_material/imported_canon/approved_characters/ash/ash_23_waving.png,none (byte-for-byte copy),"Approved expression library. Substantially overlaps approved_characters; duplicates are detected by hash and reported, not deleted."
canon-expressions,I:\MonkeyZoo Comic Strip\Fusion Squad\MonkeyZoo_Comic_Factory\03_APPROVED_CANON\approved_expressions\ash\ash_24_thinking.png,source_material/imported_canon/approved_expressions/ash/ash_24_thinking.png,ash_24_thinking.png,png,556340,228e07dcafc55cb3f899fa69413839e3aa121f0eed384ea18317a5f8dcee692f,2026-07-28T13:24:03+00:00,expression-art,authoritative,MZ-CHAR-004,,no,source_material/imported_canon/approved_characters/ash/ash_24_thinking.png,none (byte-for-byte copy),"Approved expression library. Substantially overlaps approved_characters; duplicates are detected by hash and reported, not deleted."
canon-expressions,I:\MonkeyZoo Comic Strip\Fusion Squad\MonkeyZoo_Comic_Factory\03_APPROVED_CANON\approved_expressions\ash\ash_25_crouching.png,source_material/imported_canon/approved_expressions/ash/ash_25_crouching.png,ash_25_crouching.png,png,545985,b7ddf5c08d48a52648bf14c23ce49677741122cc782d0fec55d63b42581d043b,2026-07-28T13:24:03+00:00,expression-art,authoritative,MZ-CHAR-004,,no,source_material/imported_canon/approved_characters/ash/ash_25_crouching.png,none (byte-for-byte copy),"Approved expression library. Substantially overlaps approved_characters; duplicates are detected by hash and reported, not deleted."
canon-expressions,I:\MonkeyZoo Comic Strip\Fusion Squad\MonkeyZoo_Comic_Factory\03_APPROVED_CANON\approved_expressions\ash\ash_26_reaching.png,source_material/imported_canon/approved_expressions/ash/ash_26_reaching.png,ash_26_reaching.png,png,537215,75cc6b9539ef36c9359d02c8e51d13f623c4db177d3114fbace90fe71893910e,2026-07-28T13:24:03+00:00,expression-art,authoritative,MZ-CHAR-004,,no,source_material/imported_canon/approved_characters/ash/ash_26_reaching.png,none (byte-for-byte copy),"Approved expression library. Substantially overlaps approved_characters; duplicates are detected by hash and reported, not deleted."
canon-expressions,I:\MonkeyZoo Comic Strip\Fusion Squad\MonkeyZoo_Comic_Factory\03_APPROVED_CANON\approved_expressions\ash\ash_27_defeated.png,source_material/imported_canon/approved_expressions/ash/ash_27_defeated.png,ash_27_defeated.png,png,485198,6869d91f6d84be1b341d39be1fe8bb83cf34f09eb08f7ff69fbda0a181942fa6,2026-07-28T13:24:03+00:00,expression-art,authoritative,MZ-CHAR-004,,no,source_material/imported_canon/approved_characters/ash/ash_27_defeated.png,none (byte-for-byte copy),"Approved expression library. Substantially overlaps approved_characters; duplicates are detected by hash and reported, not deleted."
canon-expressions,I:\MonkeyZoo Comic Strip\Fusion Squad\MonkeyZoo_Comic_Factory\03_APPROVED_CANON\approved_expressions\ash\ash_28_celebrating.png,source_material/imported_canon/approved_expressions/ash/ash_28_celebrating.png,ash_28_celebrating.png,png,603101,b5abc35b8df2dc99e2ec13f194734e282bc101389bab1457ece2bad67286f9ea,2026-07-28T13:24:03+00:00,expression-art,authoritative,MZ-CHAR-004,,no,source_material/imported_canon/approved_characters/ash/ash_28_celebrating.png,none (byte-for-byte copy),"Approved expression library. Substantially overlaps approved_characters; duplicates are detected by hash and reported, not deleted."
canon-expressions,I:\MonkeyZoo Comic Strip\Fusion Squad\MonkeyZoo_Comic_Factory\03_APPROVED_CANON\approved_expressions\ash\ash_29_lookingup.png,source_material/imported_canon/approved_expressions/ash/ash_29_lookingup.png,ash_29_lookingup.png,png,567014,31bd7ebb2582d0b46168f4cfc2f94b9444a5d8b5c8dff4e1444ca991960fec04,2026-07-28T13:24:03+00:00,expression-art,authoritative,MZ-CHAR-004,,no,source_material/imported_canon/approved_characters/ash/ash_29_lookingup.png,none (byte-for-byte copy),"Approved expression library. Substantially overlaps approved_characters; duplicates are detected by hash and reported, not deleted."
canon-expressions,I:\MonkeyZoo Comic Strip\Fusion Squad\MonkeyZoo_Comic_Factory\03_APPROVED_CANON\approved_expressions\ash\ash_30_backview.png,source_material/imported_canon/approved_expressions/ash/ash_30_backview.png,ash_30_backview.png,png,549736,ea8d17de0226bacb06ec8777b9007c3afc8b8ea6a2507adcf521a8c32d65752b,2026-07-28T13:24:03+00:00,expression-art,authoritative,MZ-CHAR-004,,no,source_material/imported_canon/approved_characters/ash/ash_30_backview.png,none (byte-for-byte copy),"Approved expression library. Substantially overlaps approved_characters; duplicates are detected by hash and reported, not deleted."
canon-expressions,I:\MonkeyZoo Comic Strip\Fusion Squad\MonkeyZoo_Comic_Factory\03_APPROVED_CANON\approved_expressions\cheeky\cheeky_00_clean_base.png,source_material/imported_canon/approved_expressions/cheeky/cheeky_00_clean_base.png,cheeky_00_clean_base.png,png,429729,188cea8cfb138a791fa11738756bfbf93e3407a7837897a113e8808e878ddaea,2026-07-28T13:24:03+00:00,expression-art,authoritative,MZ-CHAR-CHEEKY,,no,source_material/imported_canon/approved_characters/cheeky/cheeky_00_clean_base.png,none (byte-for-byte copy),"Approved expression library. Substantially overlaps approved_characters; duplicates are detected by hash and reported, not deleted."
canon-expressions,I:\MonkeyZoo Comic Strip\Fusion Squad\MonkeyZoo_Comic_Factory\03_APPROVED_CANON\approved_expressions\cheeky\cheeky_01_neutral.png,source_material/imported_canon/approved_expressions/cheeky/cheeky_01_neutral.png,cheeky_01_neutral.png,png,429729,188cea8cfb138a791fa11738756bfbf93e3407a7837897a113e8808e878ddaea,2026-07-28T13:24:03+00:00,expression-art,authoritative,MZ-CHAR-CHEEKY,,no,source_material/imported_canon/approved_characters/cheeky/cheeky_00_clean_base.png,none (byte-for-byte copy),"Approved expression library. Substantially overlaps approved_characters; duplicates are detected by hash and reported, not deleted."
canon-expressions,I:\MonkeyZoo Comic Strip\Fusion Squad\MonkeyZoo_Comic_Factory\03_APPROVED_CANON\approved_expressions\cheeky\cheeky_02_threeqtr.png,source_material/imported_canon/approved_expressions/cheeky/cheeky_02_threeqtr.png,cheeky_02_threeqtr.png,png,538908,ed5ba4be7077c1b2f6b65583b8650556cd25bfa4a8dce47bbbecb00a89604c1d,2026-07-28T13:24:03+00:00,expression-art,authoritative,MZ-CHAR-CHEEKY,,no,source_material/imported_canon/approved_characters/cheeky/cheeky_02_threeqtr.png,none (byte-for-byte copy),"Approved expression library. Substantially overlaps approved_characters; duplicates are detected by hash and reported, not deleted."
canon-expressions,I:\MonkeyZoo Comic Strip\Fusion Squad\MonkeyZoo_Comic_Factory\03_APPROVED_CANON\approved_expressions\cheeky\cheeky_03_profile.png,source_material/imported_canon/approved_expressions/cheeky/cheeky_03_profile.png,cheeky_03_profile.png,png,464912,4fdb227c2d9875b66d367304a6f10b5731963318e0492e5e12c8a8a1342a0a39,2026-07-28T13:24:03+00:00,expression-art,authoritative,MZ-CHAR-CHEEKY,,no,source_material/imported_canon/approved_characters/cheeky/cheeky_03_profile.png,none (byte-for-byte copy),"Approved expression library. Substantially overlaps approved_characters; duplicates are detected by hash and reported, not deleted."
canon-expressions,I:\MonkeyZoo Comic Strip\Fusion Squad\MonkeyZoo_Comic_Factory\03_APPROVED_CANON\approved_expressions\cheeky\cheeky_04_overshoulder.png,source_material/imported_canon/approved_expressions/cheeky/cheeky_04_overshoulder.png,cheeky_04_overshoulder.png,png,531700,4986aadd58cda43082d12dfc5af2334b5d94a23416841c1fb628d7a596382b55,2026-07-28T13:24:03+00:00,expression-art,authoritative,MZ-CHAR-CHEEKY,,no,source_material/imported_canon/approved_characters/cheeky/cheeky_04_overshoulder.png,none (byte-for-byte copy),"Approved expression library. Substantially overlaps approved_characters; duplicates are detected by hash and reported, not deleted."
canon-expressions,I:\MonkeyZoo Comic Strip\Fusion Squad\MonkeyZoo_Comic_Factory\03_APPROVED_CANON\approved_expressions\cheeky\cheeky_05_portrait.png,source_material/imported_canon/approved_expressions/cheeky/cheeky_05_portrait.png,cheeky_05_portrait.png,png,601923,18a249a6c9682dbd95ea93365dcc80b207c57e41f1b14135c39d332ac8ca469c,2026-07-28T13:24:03+00:00,expression-art,authoritative,MZ-CHAR-CHEEKY,,no,source_material/imported_canon/approved_characters/cheeky/cheeky_05_portrait.png,none (byte-for-byte copy),"Approved expression library. Substantially overlaps approved_characters; duplicates are detected by hash and reported, not deleted."
canon-expressions,I:\MonkeyZoo Comic Strip\Fusion Squad\MonkeyZoo_Comic_Factory\03_APPROVED_CANON\approved_expressions\cheeky\cheeky_06_angry.png,source_material/imported_canon/approved_expressions/cheeky/cheeky_06_angry.png,cheeky_06_angry.png,png,580562,0efd655641bf3869e72ca4f5e28f641f5a23031a9e6f616ef61af6991bfc4968,2026-07-28T13:24:03+00:00,expression-art,authoritative,MZ-CHAR-CHEEKY,,no,source_material/imported_canon/approved_characters/cheeky/cheeky_06_angry.png,none (byte-for-byte copy),"Approved expression library. Substantially overlaps approved_characters; duplicates are detected by hash and reported, not deleted."
canon-expressions,I:\MonkeyZoo Comic Strip\Fusion Squad\MonkeyZoo_Comic_Factory\03_APPROVED_CANON\approved_expressions\cheeky\cheeky_07_sad.png,source_material/imported_canon/approved_expressions/cheeky/cheeky_07_sad.png,cheeky_07_sad.png,png,519781,640e5d10b2f4b52380c889026401e3f00cb5a3b7d2d7c7cdc59798178b15b089,2026-07-28T13:24:03+00:00,expression-art,authoritative,MZ-CHAR-CHEEKY,,no,source_material/imported_canon/approved_characters/cheeky/cheeky_07_sad.png,none (byte-for-byte copy),"Approved expression library. Substantially overlaps approved_characters; duplicates are detected by hash and reported, not deleted."
canon-expressions,I:\MonkeyZoo Comic Strip\Fusion Squad\MonkeyZoo_Comic_Factory\03_APPROVED_CANON\approved_expressions\cheeky\cheeky_08_shocked.png,source_material/imported_canon/approved_expressions/cheeky/cheeky_08_shocked.png,cheeky_08_shocked.png,png,559369,d9dd09c1c83f13a353c630b62c436fc6a792dcaa8630d6db32223b3c1008dfda,2026-07-28T13:24:03+00:00,expression-art,authoritative,MZ-CHAR-CHEEKY,,no,source_material/imported_canon/approved_characters/cheeky/cheeky_08_shocked.png,none (byte-for-byte copy),"Approved expression library. Substantially overlaps approved_characters; duplicates are detected by hash and reported, not deleted."
canon-expressions,I:\MonkeyZoo Comic Strip\Fusion Squad\MonkeyZoo_Comic_Factory\03_APPROVED_CANON\approved_expressions\cheeky\cheeky_09_smile.png,source_material/imported_canon/approved_expressions/cheeky/cheeky_09_smile.png,cheeky_09_smile.png,png,507918,71dccdd08806adb15ac5f3c640772a36161b063112933d184f298c583ae74139,2026-07-28T13:24:03+00:00,expression-art,authoritative,MZ-CHAR-CHEEKY,,no,source_material/imported_canon/approved_characters/cheeky/cheeky_09_smile.png,none (byte-for-byte copy),"Approved expression library. Substantially overlaps approved_characters; duplicates are detected by hash and reported, not deleted."
canon-expressions,I:\MonkeyZoo Comic Strip\Fusion Squad\MonkeyZoo_Comic_Factory\03_APPROVED_CANON\approved_expressions\cheeky\cheeky_10_walking.png,source_material/imported_canon/approved_expressions/cheeky/cheeky_10_walking.png,cheeky_10_walking.png,png,524545,036fdd6279238c617ae43f747f499ae0e4d81226c743a85706e0b80be4d94784,2026-07-28T13:24:03+00:00,expression-art,authoritative,MZ-CHAR-CHEEKY,,no,source_material/imported_canon/approved_characters/cheeky/cheeky_10_walking.png,none (byte-for-byte copy),"Approved expression library. Substantially overlaps approved_characters; duplicates are detected by hash and reported, not deleted."
canon-expressions,I:\MonkeyZoo Comic Strip\Fusion Squad\MonkeyZoo_Comic_Factory\03_APPROVED_CANON\approved_expressions\cheeky\cheeky_11_armscrossed.png,source_material/imported_canon/approved_expressions/cheeky/cheeky_11_armscrossed.png,cheeky_11_armscrossed.png,png,501181,23b8bce85ce2129e0503cd37d2b998b99be4311d13bf7f447ba4e0fa26c511be,2026-07-28T13:24:03+00:00,expression-art,authoritative,MZ-CHAR-CHEEKY,,no,source_material/imported_canon/approved_characters/cheeky/cheeky_11_armscrossed.png,none (byte-for-byte copy),"Approved expression library. Substantially overlaps approved_characters; duplicates are detected by hash and reported, not deleted."
canon-expressions,I:\MonkeyZoo Comic Strip\Fusion Squad\MonkeyZoo_Comic_Factory\03_APPROVED_CANON\approved_expressions\cheeky\cheeky_12_sitting.png,source_material/imported_canon/approved_expressions/cheeky/cheeky_12_sitting.png,cheeky_12_sitting.png,png,519395,8d7e289dd05e1ab22ec732c4a4d1a9d1d74a2c5420d0f8c4ec86290bd525c166,2026-07-28T13:24:03+00:00,expression-art,authoritative,MZ-CHAR-CHEEKY,,no,source_material/imported_canon/approved_characters/cheeky/cheeky_12_sitting.png,none (byte-for-byte copy),"Approved expression library. Substantially overlaps approved_characters; duplicates are detected by hash and reported, not deleted."
canon-expressions,I:\MonkeyZoo Comic Strip\Fusion Squad\MonkeyZoo_Comic_Factory\03_APPROVED_CANON\approved_expressions\cheeky\cheeky_13_pointing.png,source_material/imported_canon/approved_expressions/cheeky/cheeky_13_pointing.png,cheeky_13_pointing.png,png,538702,27230ea5cfc2f3a2b09bfe5a3908c50f95fb2a9a8887ee2116e07bd164a0824a,2026-07-28T13:24:03+00:00,expression-art,authoritative,MZ-CHAR-CHEEKY,,no,source_material/imported_canon/approved_characters/cheeky/cheeky_13_pointing.png,none (byte-for-byte copy),"Approved expression library. Substantially overlaps approved_characters; duplicates are detected by hash and reported, not deleted."
canon-expressions,I:\MonkeyZoo Comic Strip\Fusion Squad\MonkeyZoo_Comic_Factory\03_APPROVED_CANON\approved_expressions\cheeky\cheeky_14_shout.png,source_material/imported_canon/approved_expressions/cheeky/cheeky_14_shout.png,cheeky_14_shout.png,png,550193,8873d633547c08ef6e0bcf0cdd60fc31fec47671828d3937f9d4ac4febcd212a,2026-07-28T13:24:03+00:00,expression-art,authoritative,MZ-CHAR-CHEEKY,,no,source_material/imported_canon/approved_characters/cheeky/cheeky_14_shout.png,none (byte-for-byte copy),"Approved expression library. Substantially overlaps approved_characters; duplicates are detected by hash and reported, not deleted."
canon-expressions,I:\MonkeyZoo Comic Strip\Fusion Squad\MonkeyZoo_Comic_Factory\03_APPROVED_CANON\approved_expressions\cheeky\cheeky_15_laughing.png,source_material/imported_canon/approved_expressions/cheeky/cheeky_15_laughing.png,cheeky_15_laughing.png,png,535899,42ccfeb21926476615596709b2a8b99ba07cdf0b2bd0e980772cce2facb80b5e,2026-07-28T13:24:03+00:00,expression-art,authoritative,MZ-CHAR-CHEEKY,,no,source_material/imported_canon/approved_characters/cheeky/cheeky_15_laughing.png,none (byte-for-byte copy),"Approved expression library. Substantially overlaps approved_characters; duplicates are detected by hash and reported, not deleted."
canon-expressions,I:\MonkeyZoo Comic Strip\Fusion Squad\MonkeyZoo_Comic_Factory\03_APPROVED_CANON\approved_expressions\cheeky\cheeky_16_worried.png,source_material/imported_canon/approved_expressions/cheeky/cheeky_16_worried.png,cheeky_16_worried.png,png,516409,a94db0f0c538f42639254cb6f11ea3ee8d81342c98c275ae5d296a5c70dc5cc8,2026-07-28T13:24:03+00:00,expression-art,authoritative,MZ-CHAR-CHEEKY,,no,source_material/imported_canon/approved_characters/cheeky/cheeky_16_worried.png,none (byte-for-byte copy),"Approved expression library. Substantially overlaps approved_characters; duplicates are detected by hash and reported, not deleted."
canon-expressions,I:\MonkeyZoo Comic Strip\Fusion Squad\MonkeyZoo_Comic_Factory\03_APPROVED_CANON\approved_expressions\cheeky\cheeky_17_disgusted.png,source_material/imported_canon/approved_expressions/cheeky/cheeky_17_disgusted.png,cheeky_17_disgusted.png,png,609634,a3243907277c9cac5bae8df9df0a9a232af0e12211cf13510ac4d7d19da9b394,2026-07-28T13:24:03+00:00,expression-art,authoritative,MZ-CHAR-CHEEKY,,no,source_material/imported_canon/approved_characters/cheeky/cheeky_17_disgusted.png,none (byte-for-byte copy),"Approved expression library. Substantially overlaps approved_characters; duplicates are detected by hash and reported, not deleted."
canon-expressions,I:\MonkeyZoo Comic Strip\Fusion Squad\MonkeyZoo_Comic_Factory\03_APPROVED_CANON\approved_expressions\cheeky\cheeky_18_sleepy.png,source_material/imported_canon/approved_expressions/cheeky/cheeky_18_sleepy.png,cheeky_18_sleepy.png,png,501857,a9a8763b78136be7e3d27fccf8840263d8237941ce3a4a7a8cfcfc06fa7bdc86,2026-07-28T13:24:03+00:00,expression-art,authoritative,MZ-CHAR-CHEEKY,,no,source_material/imported_canon/approved_characters/cheeky/cheeky_18_sleepy.png,none (byte-for-byte copy),"Approved expression library. Substantially overlaps approved_characters; duplicates are detected by hash and reported, not deleted."
canon-expressions,I:\MonkeyZoo Comic Strip\Fusion Squad\MonkeyZoo_Comic_Factory\03_APPROVED_CANON\approved_expressions\cheeky\cheeky_19_determined.png,source_material/imported_canon/approved_expressions/cheeky/cheeky_19_determined.png,cheeky_19_determined.png,png,542306,cb8a08d144b106b305753cf491906320ed34bd62c961c1394d6026ae58469d85,2026-07-28T13:24:03+00:00,expression-art,authoritative,MZ-CHAR-CHEEKY,,no,source_material/imported_canon/approved_characters/cheeky/cheeky_19_determined.png,none (byte-for-byte copy),"Approved expression library. Substantially overlaps approved_characters; duplicates are detected by hash and reported, not deleted."
canon-expressions,I:\MonkeyZoo Comic Strip\Fusion Squad\MonkeyZoo_Comic_Factory\03_APPROVED_CANON\approved_expressions\cheeky\cheeky_20_confused.png,source_material/imported_canon/approved_expressions/cheeky/cheeky_20_confused.png,cheeky_20_confused.png,png,474615,793a2f5c05d81aea334c2ebff619c7a4c09da0cda311e03013e351510f12e4d4,2026-07-28T13:24:03+00:00,expression-art,authoritative,MZ-CHAR-CHEEKY,,no,source_material/imported_canon/approved_characters/cheeky/cheeky_20_confused.png,none (byte-for-byte copy),"Approved expression library. Substantially overlaps approved_characters; duplicates are detected by hash and reported, not deleted."
canon-expressions,I:\MonkeyZoo Comic Strip\Fusion Squad\MonkeyZoo_Comic_Factory\03_APPROVED_CANON\approved_expressions\cheeky\cheeky_21_running.png,source_material/imported_canon/approved_expressions/cheeky/cheeky_21_running.png,cheeky_21_running.png,png,534657,ff070e972ced021150765d3d3fb9ca188257907dcfa6d660f2b52acdcf032e81,2026-07-28T13:24:03+00:00,expression-art,authoritative,MZ-CHAR-CHEEKY,,no,source_material/imported_canon/approved_characters/cheeky/cheeky_21_running.png,none (byte-for-byte copy),"Approved expression library. Substantially overlaps approved_characters; duplicates are detected by hash and reported, not deleted."
canon-expressions,I:\MonkeyZoo Comic Strip\Fusion Squad\MonkeyZoo_Comic_Factory\03_APPROVED_CANON\approved_expressions\cheeky\cheeky_22_jumping.png,source_material/imported_canon/approved_expressions/cheeky/cheeky_22_jumping.png,cheeky_22_jumping.png,png,552842,29566bee1a2ee05e3382ebb305ef362609b5570cb5bb36d1903e4fc5b608e59e,2026-07-28T13:24:03+00:00,expression-art,authoritative,MZ-CHAR-CHEEKY,,no,source_material/imported_canon/approved_characters/cheeky/cheeky_22_jumping.png,none (byte-for-byte copy),"Approved expression library. Substantially overlaps approved_characters; duplicates are detected by hash and reported, not deleted."
canon-expressions,I:\MonkeyZoo Comic Strip\Fusion Squad\MonkeyZoo_Comic_Factory\03_APPROVED_CANON\approved_expressions\cheeky\cheeky_23_waving.png,source_material/imported_canon/approved_expressions/cheeky/cheeky_23_waving.png,cheeky_23_waving.png,png,527042,73cd75eae047bc8a950fdc7719a4760045c109ac3437cdba9b455a1a8f439818,2026-07-28T13:24:03+00:00,expression-art,authoritative,MZ-CHAR-CHEEKY,,no,source_material/imported_canon/approved_characters/cheeky/cheeky_23_waving.png,none (byte-for-byte copy),"Approved expression library. Substantially overlaps approved_characters; duplicates are detected by hash and reported, not deleted."
canon-expressions,I:\MonkeyZoo Comic Strip\Fusion Squad\MonkeyZoo_Comic_Factory\03_APPROVED_CANON\approved_expressions\cheeky\cheeky_24_thinking.png,source_material/imported_canon/approved_expressions/cheeky/cheeky_24_thinking.png,cheeky_24_thinking.png,png,535142,403798bc78d1e55682bb80c008f585c69f516806e1322859f6eb27f42ab0161d,2026-07-28T13:24:03+00:00,expression-art,authoritative,MZ-CHAR-CHEEKY,,no,source_material/imported_canon/approved_characters/cheeky/cheeky_24_thinking.png,none (byte-for-byte copy),"Approved expression library. Substantially overlaps approved_characters; duplicates are detected by hash and reported, not deleted."
canon-expressions,I:\MonkeyZoo Comic Strip\Fusion Squad\MonkeyZoo_Comic_Factory\03_APPROVED_CANON\approved_expressions\cheeky\cheeky_25_crouching.png,source_material/imported_canon/approved_expressions/cheeky/cheeky_25_crouching.png,cheeky_25_crouching.png,png,570364,cd7eda85069a0979c485642f1f624c4a5526c30701bff7e6ff560818e2447fd1,2026-07-28T13:24:03+00:00,expression-art,authoritative,MZ-CHAR-CHEEKY,,no,source_material/imported_canon/approved_characters/cheeky/cheeky_25_crouching.png,none (byte-for-byte copy),"Approved expression library. Substantially overlaps approved_characters; duplicates are detected by hash and reported, not deleted."
canon-expressions,I:\MonkeyZoo Comic Strip\Fusion Squad\MonkeyZoo_Comic_Factory\03_APPROVED_CANON\approved_expressions\cheeky\cheeky_26_reaching.png,source_material/imported_canon/approved_expressions/cheeky/cheeky_26_reaching.png,cheeky_26_reaching.png,png,609417,eb8d0a0d2067747ca11ea4aaa61c1a1bf893a76f24e6311e9424c759221ff993,2026-07-28T13:24:03+00:00,expression-art,authoritative,MZ-CHAR-CHEEKY,,no,source_material/imported_canon/approved_characters/cheeky/cheeky_26_reaching.png,none (byte-for-byte copy),"Approved expression library. Substantially overlaps approved_characters; duplicates are detected by hash and reported, not deleted."
canon-expressions,I:\MonkeyZoo Comic Strip\Fusion Squad\MonkeyZoo_Comic_Factory\03_APPROVED_CANON\approved_expressions\cheeky\cheeky_27_defeated.png,source_material/imported_canon/approved_expressions/cheeky/cheeky_27_defeated.png,cheeky_27_defeated.png,png,411873,ba8e828c9882840fcc17241af1f1104643df2edb6d72e5be6884a61218114ef1,2026-07-28T13:24:03+00:00,expression-art,authoritative,MZ-CHAR-CHEEKY,,no,source_material/imported_canon/approved_characters/cheeky/cheeky_27_defeated.png,none (byte-for-byte copy),"Approved expression library. Substantially overlaps approved_characters; duplicates are detected by hash and reported, not deleted."
canon-expressions,I:\MonkeyZoo Comic Strip\Fusion Squad\MonkeyZoo_Comic_Factory\03_APPROVED_CANON\approved_expressions\cheeky\cheeky_28_celebrating.png,source_material/imported_canon/approved_expressions/cheeky/cheeky_28_celebrating.png,cheeky_28_celebrating.png,png,537563,e9f79d51046d79b45bb1e2cf55a16e5523404679c37bf1de3cddade5bf1e8a37,2026-07-28T13:24:03+00:00,expression-art,authoritative,MZ-CHAR-CHEEKY,,no,source_material/imported_canon/approved_characters/cheeky/cheeky_28_celebrating.png,none (byte-for-byte copy),"Approved expression library. Substantially overlaps approved_characters; duplicates are detected by hash and reported, not deleted."
canon-expressions,I:\MonkeyZoo Comic Strip\Fusion Squad\MonkeyZoo_Comic_Factory\03_APPROVED_CANON\approved_expressions\cheeky\cheeky_29_lookingup.png,source_material/imported_canon/approved_expressions/cheeky/cheeky_29_lookingup.png,cheeky_29_lookingup.png,png,516400,25abb6249cf8860d0cdcfa0c266cc1f598c2abaf44a88bd340245631b406a059,2026-07-28T13:24:03+00:00,expression-art,authoritative,MZ-CHAR-CHEEKY,,no,source_material/imported_canon/approved_characters/cheeky/cheeky_29_lookingup.png,none (byte-for-byte copy),"Approved expression library. Substantially overlaps approved_characters; duplicates are detected by hash and reported, not deleted."
canon-expressions,I:\MonkeyZoo Comic Strip\Fusion Squad\MonkeyZoo_Comic_Factory\03_APPROVED_CANON\approved_expressions\cheeky\cheeky_30_backview.png,source_material/imported_canon/approved_expressions/cheeky/cheeky_30_backview.png,cheeky_30_backview.png,png,387859,c2698257887034b04795a1cacc1bdca40057b192e6ff9812cb95e8d81667b2ff,2026-07-28T13:24:03+00:00,expression-art,authoritative,MZ-CHAR-CHEEKY,,no,source_material/imported_canon/approved_characters/cheeky/cheeky_30_backview.png,none (byte-for-byte copy),"Approved expression library. Substantially overlaps approved_characters; duplicates are detected by hash and reported, not deleted."
canon-expressions,I:\MonkeyZoo Comic Strip\Fusion Squad\MonkeyZoo_Comic_Factory\03_APPROVED_CANON\approved_expressions\clever\clever_00_clean_base.png,source_material/imported_canon/approved_expressions/clever/clever_00_clean_base.png,clever_00_clean_base.png,png,560329,13c0bf6292d9453517d07925a7bc4f8e2c4bb3d8f231572e7a89771fd5f3c21c,2026-07-28T13:24:03+00:00,expression-art,authoritative,MZ-CHAR-CLEVER,,no,source_material/imported_canon/approved_characters/clever/clever_00_clean_base.png,none (byte-for-byte copy),"Approved expression library. Substantially overlaps approved_characters; duplicates are detected by hash and reported, not deleted."
canon-expressions,I:\MonkeyZoo Comic Strip\Fusion Squad\MonkeyZoo_Comic_Factory\03_APPROVED_CANON\approved_expressions\clever\clever_01_neutral.png,source_material/imported_canon/approved_expressions/clever/clever_01_neutral.png,clever_01_neutral.png,png,560329,13c0bf6292d9453517d07925a7bc4f8e2c4bb3d8f231572e7a89771fd5f3c21c,2026-07-28T13:24:03+00:00,expression-art,authoritative,MZ-CHAR-CLEVER,,no,source_material/imported_canon/approved_characters/clever/clever_00_clean_base.png,none (byte-for-byte copy),"Approved expression library. Substantially overlaps approved_characters; duplicates are detected by hash and reported, not deleted."
canon-expressions,I:\MonkeyZoo Comic Strip\Fusion Squad\MonkeyZoo_Comic_Factory\03_APPROVED_CANON\approved_expressions\clever\clever_02_threeqtr.png,source_material/imported_canon/approved_expressions/clever/clever_02_threeqtr.png,clever_02_threeqtr.png,png,685787,138fcf98ca458145d8646e2fe2936f919ca237f7d5ac80951aa5f09b36b527b9,2026-07-28T13:24:03+00:00,expression-art,authoritative,MZ-CHAR-CLEVER,,no,source_material/imported_canon/approved_characters/clever/clever_02_threeqtr.png,none (byte-for-byte copy),"Approved expression library. Substantially overlaps approved_characters; duplicates are detected by hash and reported, not deleted."
canon-expressions,I:\MonkeyZoo Comic Strip\Fusion Squad\MonkeyZoo_Comic_Factory\03_APPROVED_CANON\approved_expressions\clever\clever_03_profile.png,source_material/imported_canon/approved_expressions/clever/clever_03_profile.png,clever_03_profile.png,png,631465,e4c02f08572f0f9a1c39ff29a622081a372eb092419eb722e5e4014555028b22,2026-07-28T13:24:03+00:00,expression-art,authoritative,MZ-CHAR-CLEVER,,no,source_material/imported_canon/approved_characters/clever/clever_03_profile.png,none (byte-for-byte copy),"Approved expression library. Substantially overlaps approved_characters; duplicates are detected by hash and reported, not deleted."
canon-expressions,I:\MonkeyZoo Comic Strip\Fusion Squad\MonkeyZoo_Comic_Factory\03_APPROVED_CANON\approved_expressions\clever\clever_04_overshoulder.png,source_material/imported_canon/approved_expressions/clever/clever_04_overshoulder.png,clever_04_overshoulder.png,png,671958,8b159b8e8061d8602a015606ad67a760933b10d2af0af8387346c0cdf6974181,2026-07-28T13:24:03+00:00,expression-art,authoritative,MZ-CHAR-CLEVER,,no,source_material/imported_canon/approved_characters/clever/clever_04_overshoulder.png,none (byte-for-byte copy),"Approved expression library. Substantially overlaps approved_characters; duplicates are detected by hash and reported, not deleted."
canon-expressions,I:\MonkeyZoo Comic Strip\Fusion Squad\MonkeyZoo_Comic_Factory\03_APPROVED_CANON\approved_expressions\clever\clever_05_portrait.png,source_material/imported_canon/approved_expressions/clever/clever_05_portrait.png,clever_05_portrait.png,png,548143,04353ebd25eb8f8103ac2fb485f66cfb2bcf045ace19f975ff3d7be9add33088,2026-07-28T13:24:03+00:00,expression-art,authoritative,MZ-CHAR-CLEVER,,no,source_material/imported_canon/approved_characters/clever/clever_05_portrait.png,none (byte-for-byte copy),"Approved expression library. Substantially overlaps approved_characters; duplicates are detected by hash and reported, not deleted."
canon-expressions,I:\MonkeyZoo Comic Strip\Fusion Squad\MonkeyZoo_Comic_Factory\03_APPROVED_CANON\approved_expressions\clever\clever_06_angry.png,source_material/imported_canon/approved_expressions/clever/clever_06_angry.png,clever_06_angry.png,png,734536,8e204d4ddb51a4b04812badd947fc9e0b5771ce17ab2441d2967c6a042a9fea0,2026-07-28T13:24:03+00:00,expression-art,authoritative,MZ-CHAR-CLEVER,,no,source_material/imported_canon/approved_characters/clever/clever_06_angry.png,none (byte-for-byte copy),"Approved expression library. Substantially overlaps approved_characters; duplicates are detected by hash and reported, not deleted."
canon-expressions,I:\MonkeyZoo Comic Strip\Fusion Squad\MonkeyZoo_Comic_Factory\03_APPROVED_CANON\approved_expressions\clever\clever_07_sad.png,source_material/imported_canon/approved_expressions/clever/clever_07_sad.png,clever_07_sad.png,png,752615,811c6e188a4bd14c7c221f8cca6b3c0a841fc86a369ffe9ada07f30160d5474d,2026-07-28T13:24:03+00:00,expression-art,authoritative,MZ-CHAR-CLEVER,,no,source_material/imported_canon/approved_characters/clever/clever_07_sad.png,none (byte-for-byte copy),"Approved expression library. Substantially overlaps approved_characters; duplicates are detected by hash and reported, not deleted."
canon-expressions,I:\MonkeyZoo Comic Strip\Fusion Squad\MonkeyZoo_Comic_Factory\03_APPROVED_CANON\approved_expressions\clever\clever_08_shocked.png,source_material/imported_canon/approved_expressions/clever/clever_08_shocked.png,clever_08_shocked.png,png,756754,fff165adf89d84151a6c41f4b1b29fc4464df995007ad5eb8e9d0d0b23941ffe,2026-07-28T13:24:03+00:00,expression-art,authoritative,MZ-CHAR-CLEVER,,no,source_material/imported_canon/approved_characters/clever/clever_08_shocked.png,none (byte-for-byte copy),"Approved expression library. Substantially overlaps approved_characters; duplicates are detected by hash and reported, not deleted."
canon-expressions,I:\MonkeyZoo Comic Strip\Fusion Squad\MonkeyZoo_Comic_Factory\03_APPROVED_CANON\approved_expressions\clever\clever_09_smile.png,source_material/imported_canon/approved_expressions/clever/clever_09_smile.png,clever_09_smile.png,png,723650,289a1ed0ff93a6a639e8b151adc5923cb3f523f505c89b73aa41f1946aae1469,2026-07-28T13:24:03+00:00,expression-art,authoritative,MZ-CHAR-CLEVER,,no,source_material/imported_canon/approved_characters/clever/clever_09_smile.png,none (byte-for-byte copy),"Approved expression library. Substantially overlaps approved_characters; duplicates are detected by hash and reported, not deleted."
canon-expressions,I:\MonkeyZoo Comic Strip\Fusion Squad\MonkeyZoo_Comic_Factory\03_APPROVED_CANON\approved_expressions\clever\clever_10_walking.png,source_material/imported_canon/approved_expressions/clever/clever_10_walking.png,clever_10_walking.png,png,711224,7ca3e8b3dfce3dadccfa309671de9082589e6932945a23071df54cd28c11a441,2026-07-28T13:24:03+00:00,expression-art,authoritative,MZ-CHAR-CLEVER,,no,source_material/imported_canon/approved_characters/clever/clever_10_walking.png,none (byte-for-byte copy),"Approved expression library. Substantially overlaps approved_characters; duplicates are detected by hash and reported, not deleted."
canon-expressions,I:\MonkeyZoo Comic Strip\Fusion Squad\MonkeyZoo_Comic_Factory\03_APPROVED_CANON\approved_expressions\clever\clever_11_armscrossed.png,source_material/imported_canon/approved_expressions/clever/clever_11_armscrossed.png,clever_11_armscrossed.png,png,683514,bb7b8d692d93c86587de4823ce8d57074874dbb155655b73225f804576ebf7eb,2026-07-28T13:24:03+00:00,expression-art,authoritative,MZ-CHAR-CLEVER,,no,source_material/imported_canon/approved_characters/clever/clever_11_armscrossed.png,none (byte-for-byte copy),"Approved expression library. Substantially overlaps approved_characters; duplicates are detected by hash and reported, not deleted."
canon-expressions,I:\MonkeyZoo Comic Strip\Fusion Squad\MonkeyZoo_Comic_Factory\03_APPROVED_CANON\approved_expressions\clever\clever_12_sitting.png,source_material/imported_canon/approved_expressions/clever/clever_12_sitting.png,clever_12_sitting.png,png,698163,e96d36495cbc6e9fdc7c1e40d8724f839c5c9ee48c64cc0c5f39012bb60cd9e5,2026-07-28T13:24:03+00:00,expression-art,authoritative,MZ-CHAR-CLEVER,,no,source_material/imported_canon/approved_characters/clever/clever_12_sitting.png,none (byte-for-byte copy),"Approved expression library. Substantially overlaps approved_characters; duplicates are detected by hash and reported, not deleted."
canon-expressions,I:\MonkeyZoo Comic Strip\Fusion Squad\MonkeyZoo_Comic_Factory\03_APPROVED_CANON\approved_expressions\clever\clever_13_pointing.png,source_material/imported_canon/approved_expressions/clever/clever_13_pointing.png,clever_13_pointing.png,png,719697,6f0639e213fc0825d3f68dd9eb52f2e7cce447d5633a0ca11883cf127bc162af,2026-07-28T13:24:03+00:00,expression-art,authoritative,MZ-CHAR-CLEVER,,no,source_material/imported_canon/approved_characters/clever/clever_13_pointing.png,none (byte-for-byte copy),"Approved expression library. Substantially overlaps approved_characters; duplicates are detected by hash and reported, not deleted."
canon-expressions,I:\MonkeyZoo Comic Strip\Fusion Squad\MonkeyZoo_Comic_Factory\03_APPROVED_CANON\approved_expressions\clever\clever_14_shout.png,source_material/imported_canon/approved_expressions/clever/clever_14_shout.png,clever_14_shout.png,png,715597,71d81d13177899184429b947d9516e70644d3ff1735e6402ac286640ae6d43c2,2026-07-28T13:24:03+00:00,expression-art,authoritative,MZ-CHAR-CLEVER,,no,source_material/imported_canon/approved_characters/clever/clever_14_shout.png,none (byte-for-byte copy),"Approved expression library. Substantially overlaps approved_characters; duplicates are detected by hash and reported, not deleted."
canon-expressions,I:\MonkeyZoo Comic Strip\Fusion Squad\MonkeyZoo_Comic_Factory\03_APPROVED_CANON\approved_expressions\clever\clever_15_laughing.png,source_material/imported_canon/approved_expressions/clever/clever_15_laughing.png,clever_15_laughing.png,png,762742,62a59bfe0244bf77e191f5e258ef361ee6fc4e48770a0bff47a484273856973b,2026-07-28T13:24:03+00:00,expression-art,authoritative,MZ-CHAR-CLEVER,,no,source_material/imported_canon/approved_characters/clever/clever_15_laughing.png,none (byte-for-byte copy),"Approved expression library. Substantially overlaps approved_characters; duplicates are detected by hash and reported, not deleted."
canon-expressions,I:\MonkeyZoo Comic Strip\Fusion Squad\MonkeyZoo_Comic_Factory\03_APPROVED_CANON\approved_expressions\clever\clever_16_worried.png,source_material/imported_canon/approved_expressions/clever/clever_16_worried.png,clever_16_worried.png,png,680853,5c62052367acf58e92fd6c474735e90fc577ca0bef7878895b0a5974454d0a83,2026-07-28T13:24:03+00:00,expression-art,authoritative,MZ-CHAR-CLEVER,,no,source_material/imported_canon/approved_characters/clever/clever_16_worried.png,none (byte-for-byte copy),"Approved expression library. Substantially overlaps approved_characters; duplicates are detected by hash and reported, not deleted."
canon-expressions,I:\MonkeyZoo Comic Strip\Fusion Squad\MonkeyZoo_Comic_Factory\03_APPROVED_CANON\approved_expressions\clever\clever_17_disgusted.png,source_material/imported_canon/approved_expressions/clever/clever_17_disgusted.png,clever_17_disgusted.png,png,764037,785886361d36cc7ca6c8bf7edbb0e504e0787b40361e241d5366d2646eafd3d8,2026-07-28T13:24:03+00:00,expression-art,authoritative,MZ-CHAR-CLEVER,,no,source_material/imported_canon/approved_characters/clever/clever_17_disgusted.png,none (byte-for-byte copy),"Approved expression library. Substantially overlaps approved_characters; duplicates are detected by hash and reported, not deleted."
canon-expressions,I:\MonkeyZoo Comic Strip\Fusion Squad\MonkeyZoo_Comic_Factory\03_APPROVED_CANON\approved_expressions\clever\clever_18_sleepy.png,source_material/imported_canon/approved_expressions/clever/clever_18_sleepy.png,clever_18_sleepy.png,png,721826,3eca862d12d7658ff8f1913b446f09f7f484a03fbea4b692ee83b1e44bdf2c50,2026-07-28T13:24:03+00:00,expression-art,authoritative,MZ-CHAR-CLEVER,,no,source_material/imported_canon/approved_characters/clever/clever_18_sleepy.png,none (byte-for-byte copy),"Approved expression library. Substantially overlaps approved_characters; duplicates are detected by hash and reported, not deleted."
canon-expressions,I:\MonkeyZoo Comic Strip\Fusion Squad\MonkeyZoo_Comic_Factory\03_APPROVED_CANON\approved_expressions\clever\clever_19_determined.png,source_material/imported_canon/approved_expressions/clever/clever_19_determined.png,clever_19_determined.png,png,708298,cb9772671f11d0b11fcffafea28db786ca6f8bb2f541ad63bc88623bb74c779d,2026-07-28T13:24:03+00:00,expression-art,authoritative,MZ-CHAR-CLEVER,,no,source_material/imported_canon/approved_characters/clever/clever_19_determined.png,none (byte-for-byte copy),"Approved expression library. Substantially overlaps approved_characters; duplicates are detected by hash and reported, not deleted."
canon-expressions,I:\MonkeyZoo Comic Strip\Fusion Squad\MonkeyZoo_Comic_Factory\03_APPROVED_CANON\approved_expressions\clever\clever_20_confused.png,source_material/imported_canon/approved_expressions/clever/clever_20_confused.png,clever_20_confused.png,png,719514,535f66dfbfee4b50f63a87a99e6e1d833c07932794533e4ac3519cc0998deb6f,2026-07-28T13:24:03+00:00,expression-art,authoritative,MZ-CHAR-CLEVER,,no,source_material/imported_canon/approved_characters/clever/clever_20_confused.png,none (byte-for-byte copy),"Approved expression library. Substantially overlaps approved_characters; duplicates are detected by hash and reported, not deleted."
canon-expressions,I:\MonkeyZoo Comic Strip\Fusion Squad\MonkeyZoo_Comic_Factory\03_APPROVED_CANON\approved_expressions\clever\clever_21_running.png,source_material/imported_canon/approved_expressions/clever/clever_21_running.png,clever_21_running.png,png,692639,5fc3af9bbd7e3dccb1c4af95caa7f2272e44537d9b038a2f8bf929a85af85c27,2026-07-28T13:24:03+00:00,expression-art,authoritative,MZ-CHAR-CLEVER,,no,source_material/imported_canon/approved_characters/clever/clever_21_running.png,none (byte-for-byte copy),"Approved expression library. Substantially overlaps approved_characters; duplicates are detected by hash and reported, not deleted."
canon-expressions,I:\MonkeyZoo Comic Strip\Fusion Squad\MonkeyZoo_Comic_Factory\03_APPROVED_CANON\approved_expressions\clever\clever_22_jumping.png,source_material/imported_canon/approved_expressions/clever/clever_22_jumping.png,clever_22_jumping.png,png,738365,e26460d918196a39d1bb7ab9187bc6a5d2efdf1310abfe10588c230c7a3e7412,2026-07-28T13:24:03+00:00,expression-art,authoritative,MZ-CHAR-CLEVER,,no,source_material/imported_canon/approved_characters/clever/clever_22_jumping.png,none (byte-for-byte copy),"Approved expression library. Substantially overlaps approved_characters; duplicates are detected by hash and reported, not deleted."
canon-expressions,I:\MonkeyZoo Comic Strip\Fusion Squad\MonkeyZoo_Comic_Factory\03_APPROVED_CANON\approved_expressions\clever\clever_23_waving.png,source_material/imported_canon/approved_expressions/clever/clever_23_waving.png,clever_23_waving.png,png,729426,f2554148282f45df67194b52d4fb6748583a3dfc93c2350ad656cceb599d983d,2026-07-28T13:24:03+00:00,expression-art,authoritative,MZ-CHAR-CLEVER,,no,source_material/imported_canon/approved_characters/clever/clever_23_waving.png,none (byte-for-byte copy),"Approved expression library. Substantially overlaps approved_characters; duplicates are detected by hash and reported, not deleted."
canon-expressions,I:\MonkeyZoo Comic Strip\Fusion Squad\MonkeyZoo_Comic_Factory\03_APPROVED_CANON\approved_expressions\clever\clever_24_thinking.png,source_material/imported_canon/approved_expressions/clever/clever_24_thinking.png,clever_24_thinking.png,png,698241,67a2f8a32a4a5b4f617b371acf5b52814a98228ec030286c195bf16a999dca24,2026-07-28T13:24:03+00:00,expression-art,authoritative,MZ-CHAR-CLEVER,,no,source_material/imported_canon/approved_characters/clever/clever_24_thinking.png,none (byte-for-byte copy),"Approved expression library. Substantially overlaps approved_characters; duplicates are detected by hash and reported, not deleted."
canon-expressions,I:\MonkeyZoo Comic Strip\Fusion Squad\MonkeyZoo_Comic_Factory\03_APPROVED_CANON\approved_expressions\clever\clever_25_crouching.png,source_material/imported_canon/approved_expressions/clever/clever_25_crouching.png,clever_25_crouching.png,png,697045,cf1ea64e06eefc09cfa1decee3c01c911f953e8f11c481619fe912f3c8e5c9e4,2026-07-28T13:24:03+00:00,expression-art,authoritative,MZ-CHAR-CLEVER,,no,source_material/imported_canon/approved_characters/clever/clever_25_crouching.png,none (byte-for-byte copy),"Approved expression library. Substantially overlaps approved_characters; duplicates are detected by hash and reported, not deleted."
canon-expressions,I:\MonkeyZoo Comic Strip\Fusion Squad\MonkeyZoo_Comic_Factory\03_APPROVED_CANON\approved_expressions\clever\clever_26_reaching.png,source_material/imported_canon/approved_expressions/clever/clever_26_reaching.png,clever_26_reaching.png,png,689614,1d9896e46e0845d9eb42e6b2c2ef6bf2687fa57e8fc7a9e7056189d0c5d5cb21,2026-07-28T13:24:03+00:00,expression-art,authoritative,MZ-CHAR-CLEVER,,no,source_material/imported_canon/approved_characters/clever/clever_26_reaching.png,none (byte-for-byte copy),"Approved expression library. Substantially overlaps approved_characters; duplicates are detected by hash and reported, not deleted."
canon-expressions,I:\MonkeyZoo Comic Strip\Fusion Squad\MonkeyZoo_Comic_Factory\03_APPROVED_CANON\approved_expressions\clever\clever_27_defeated.png,source_material/imported_canon/approved_expressions/clever/clever_27_defeated.png,clever_27_defeated.png,png,653217,094171692f58e605d764142f47f701a0fd95c6be0d0b00e31bdc774fcb5462a3,2026-07-28T13:24:03+00:00,expression-art,authoritative,MZ-CHAR-CLEVER,,no,source_material/imported_canon/approved_characters/clever/clever_27_defeated.png,none (byte-for-byte copy),"Approved expression library. Substantially overlaps approved_characters; duplicates are detected by hash and reported, not deleted."
canon-expressions,I:\MonkeyZoo Comic Strip\Fusion Squad\MonkeyZoo_Comic_Factory\03_APPROVED_CANON\approved_expressions\clever\clever_28_celebrating.png,source_material/imported_canon/approved_expressions/clever/clever_28_celebrating.png,clever_28_celebrating.png,png,730693,d836128fd75d306cf6f78194a459a26a450e9ebc7848bcd18333f5b98c486fa7,2026-07-28T13:24:03+00:00,expression-art,authoritative,MZ-CHAR-CLEVER,,no,source_material/imported_canon/approved_characters/clever/clever_28_celebrating.png,none (byte-for-byte copy),"Approved expression library. Substantially overlaps approved_characters; duplicates are detected by hash and reported, not deleted."
canon-expressions,I:\MonkeyZoo Comic Strip\Fusion Squad\MonkeyZoo_Comic_Factory\03_APPROVED_CANON\approved_expressions\clever\clever_29_lookingup.png,source_material/imported_canon/approved_expressions/clever/clever_29_lookingup.png,clever_29_lookingup.png,png,669190,53d57910f68b201b1fdc11a5fada04930b08c135b01f68335f27dc1ad864f6ae,2026-07-28T13:24:03+00:00,expression-art,authoritative,MZ-CHAR-CLEVER,,no,source_material/imported_canon/approved_characters/clever/clever_29_lookingup.png,none (byte-for-byte copy),"Approved expression library. Substantially overlaps approved_characters; duplicates are detected by hash and reported, not deleted."
canon-expressions,I:\MonkeyZoo Comic Strip\Fusion Squad\MonkeyZoo_Comic_Factory\03_APPROVED_CANON\approved_expressions\clever\clever_30_backview.png,source_material/imported_canon/approved_expressions/clever/clever_30_backview.png,clever_30_backview.png,png,612537,18744d89d7cff6affc1adcba986beb5ed09ad712fd09bd277fbb8c72e949cdb7,2026-07-28T13:24:03+00:00,expression-art,authoritative,MZ-CHAR-CLEVER,,no,source_material/imported_canon/approved_characters/clever/clever_30_backview.png,none (byte-for-byte copy),"Approved expression library. Substantially overlaps approved_characters; duplicates are detected by hash and reported, not deleted."
canon-expressions,I:\MonkeyZoo Comic Strip\Fusion Squad\MonkeyZoo_Comic_Factory\03_APPROVED_CANON\approved_expressions\emo\emo_00_clean_base.png,source_material/imported_canon/approved_expressions/emo/emo_00_clean_base.png,emo_00_clean_base.png,png,271370,f75b600f7495897a1f4ebb475ce614a58a6f0192b90287a9f367f9ff198a45ef,2026-07-28T13:24:03+00:00,expression-art,authoritative,MZ-CHAR-EMO,,no,source_material/imported_canon/approved_characters/emo/emo_00_clean_base.png,none (byte-for-byte copy),"Approved expression library. Substantially overlaps approved_characters; duplicates are detected by hash and reported, not deleted."
canon-expressions,I:\MonkeyZoo Comic Strip\Fusion Squad\MonkeyZoo_Comic_Factory\03_APPROVED_CANON\approved_expressions\emo\emo_01_neutral.png,source_material/imported_canon/approved_expressions/emo/emo_01_neutral.png,emo_01_neutral.png,png,271370,f75b600f7495897a1f4ebb475ce614a58a6f0192b90287a9f367f9ff198a45ef,2026-07-28T13:24:03+00:00,expression-art,authoritative,MZ-CHAR-EMO,,no,source_material/imported_canon/approved_characters/emo/emo_00_clean_base.png,none (byte-for-byte copy),"Approved expression library. Substantially overlaps approved_characters; duplicates are detected by hash and reported, not deleted."
canon-expressions,I:\MonkeyZoo Comic Strip\Fusion Squad\MonkeyZoo_Comic_Factory\03_APPROVED_CANON\approved_expressions\emo\emo_02_threeqtr.png,source_material/imported_canon/approved_expressions/emo/emo_02_threeqtr.png,emo_02_threeqtr.png,png,301889,3a7a8c6cd8f2b5ee24c4522af73a1a22111f035d49828c3e85b97df92134cb5b,2026-07-28T13:24:03+00:00,expression-art,authoritative,MZ-CHAR-EMO,,no,source_material/imported_canon/approved_characters/emo/emo_02_threeqtr.png,none (byte-for-byte copy),"Approved expression library. Substantially overlaps approved_characters; duplicates are detected by hash and reported, not deleted."
canon-expressions,I:\MonkeyZoo Comic Strip\Fusion Squad\MonkeyZoo_Comic_Factory\03_APPROVED_CANON\approved_expressions\emo\emo_03_profile.png,source_material/imported_canon/approved_expressions/emo/emo_03_profile.png,emo_03_profile.png,png,293401,52a538d34c81268bf7792d5bc22e6b21a9d6f3ad9668f35ed5d1caf117a1e826,2026-07-28T13:24:03+00:00,expression-art,authoritative,MZ-CHAR-EMO,,no,source_material/imported_canon/approved_characters/emo/emo_03_profile.png,none (byte-for-byte copy),"Approved expression library. Substantially overlaps approved_characters; duplicates are detected by hash and reported, not deleted."
canon-expressions,I:\MonkeyZoo Comic Strip\Fusion Squad\MonkeyZoo_Comic_Factory\03_APPROVED_CANON\approved_expressions\emo\emo_04_overshoulder.png,source_material/imported_canon/approved_expressions/emo/emo_04_overshoulder.png,emo_04_overshoulder.png,png,316375,d15d434d1caa0afa8378809e44525b1fa3846c5a4b29011074872040c7f3d725,2026-07-28T13:24:03+00:00,expression-art,authoritative,MZ-CHAR-EMO,,no,source_material/imported_canon/approved_characters/emo/emo_04_overshoulder.png,none (byte-for-byte copy),"Approved expression library. Substantially overlaps approved_characters; duplicates are detected by hash and reported, not deleted."
canon-expressions,I:\MonkeyZoo Comic Strip\Fusion Squad\MonkeyZoo_Comic_Factory\03_APPROVED_CANON\approved_expressions\emo\emo_05_portrait.png,source_material/imported_canon/approved_expressions/emo/emo_05_portrait.png,emo_05_portrait.png,png,292389,d4ee07f48547a6fb55bea634fbf11bc3eef2feeaff1255c3580768e2cb089692,2026-07-28T13:24:03+00:00,expression-art,authoritative,MZ-CHAR-EMO,,no,source_material/imported_canon/approved_characters/emo/emo_05_portrait.png,none (byte-for-byte copy),"Approved expression library. Substantially overlaps approved_characters; duplicates are detected by hash and reported, not deleted."
canon-expressions,I:\MonkeyZoo Comic Strip\Fusion Squad\MonkeyZoo_Comic_Factory\03_APPROVED_CANON\approved_expressions\emo\emo_06_angry.png,source_material/imported_canon/approved_expressions/emo/emo_06_angry.png,emo_06_angry.png,png,405131,9c47ccb1fb24b30d4046db7c0b1a57fab2dbb6e8dedcd662c325ad79c35ef7fe,2026-07-28T13:24:03+00:00,expression-art,authoritative,MZ-CHAR-EMO,,no,source_material/imported_canon/approved_characters/emo/emo_06_angry.png,none (byte-for-byte copy),"Approved expression library. Substantially overlaps approved_characters; duplicates are detected by hash and reported, not deleted."
canon-expressions,I:\MonkeyZoo Comic Strip\Fusion Squad\MonkeyZoo_Comic_Factory\03_APPROVED_CANON\approved_expressions\emo\emo_07_sad.png,source_material/imported_canon/approved_expressions/emo/emo_07_sad.png,emo_07_sad.png,png,347187,7c74eb13123d074b150246d4cd91495107360a61d4203092903fa921e6874d52,2026-07-28T13:24:03+00:00,expression-art,authoritative,MZ-CHAR-EMO,,no,source_material/imported_canon/approved_characters/emo/emo_07_sad.png,none (byte-for-byte copy),"Approved expression library. Substantially overlaps approved_characters; duplicates are detected by hash and reported, not deleted."
canon-expressions,I:\MonkeyZoo Comic Strip\Fusion Squad\MonkeyZoo_Comic_Factory\03_APPROVED_CANON\approved_expressions\emo\emo_08_shocked.png,source_material/imported_canon/approved_expressions/emo/emo_08_shocked.png,emo_08_shocked.png,png,362484,2356159757080f9c3f059d99a3e0a3a63327e0e46abb0b7b94f7cb8e23dbce2d,2026-07-28T13:24:03+00:00,expression-art,authoritative,MZ-CHAR-EMO,,no,source_material/imported_canon/approved_characters/emo/emo_08_shocked.png,none (byte-for-byte copy),"Approved expression library. Substantially overlaps approved_characters; duplicates are detected by hash and reported, not deleted."
canon-expressions,I:\MonkeyZoo Comic Strip\Fusion Squad\MonkeyZoo_Comic_Factory\03_APPROVED_CANON\approved_expressions\emo\emo_09_smile.png,source_material/imported_canon/approved_expressions/emo/emo_09_smile.png,emo_09_smile.png,png,337368,42203f592636cbed4b23b4cc6c2199620746468952e94aecf07d4be286f1ca27,2026-07-28T13:24:03+00:00,expression-art,authoritative,MZ-CHAR-EMO,,no,source_material/imported_canon/approved_characters/emo/emo_09_smile.png,none (byte-for-byte copy),"Approved expression library. Substantially overlaps approved_characters; duplicates are detected by hash and reported, not deleted."
canon-expressions,I:\MonkeyZoo Comic Strip\Fusion Squad\MonkeyZoo_Comic_Factory\03_APPROVED_CANON\approved_expressions\emo\emo_10_walking.png,source_material/imported_canon/approved_expressions/emo/emo_10_walking.png,emo_10_walking.png,png,349284,ab813c774dd8daafd45717ddf4e5c03e010f0ad4d786d69c536ef56fb290f7db,2026-07-28T13:24:03+00:00,expression-art,authoritative,MZ-CHAR-EMO,,no,source_material/imported_canon/approved_characters/emo/emo_10_walking.png,none (byte-for-byte copy),"Approved expression library. Substantially overlaps approved_characters; duplicates are detected by hash and reported, not deleted."
canon-expressions,I:\MonkeyZoo Comic Strip\Fusion Squad\MonkeyZoo_Comic_Factory\03_APPROVED_CANON\approved_expressions\emo\emo_11_armscrossed.png,source_material/imported_canon/approved_expressions/emo/emo_11_armscrossed.png,emo_11_armscrossed.png,png,325658,7da11e0b1df3d352e82a56c2aaac7991035020e05b764e57c0731526e95e9560,2026-07-28T13:24:03+00:00,expression-art,authoritative,MZ-CHAR-EMO,,no,source_material/imported_canon/approved_characters/emo/emo_11_armscrossed.png,none (byte-for-byte copy),"Approved expression library. Substantially overlaps approved_characters; duplicates are detected by hash and reported, not deleted."
canon-expressions,I:\MonkeyZoo Comic Strip\Fusion Squad\MonkeyZoo_Comic_Factory\03_APPROVED_CANON\approved_expressions\emo\emo_12_sitting.png,source_material/imported_canon/approved_expressions/emo/emo_12_sitting.png,emo_12_sitting.png,png,319148,42b50e8432cf0303203d82dbd9e867ae44c87bdb631e26d184402389df8f60c9,2026-07-28T13:24:03+00:00,expression-art,authoritative,MZ-CHAR-EMO,,no,source_material/imported_canon/approved_characters/emo/emo_12_sitting.png,none (byte-for-byte copy),"Approved expression library. Substantially overlaps approved_characters; duplicates are detected by hash and reported, not deleted."
canon-expressions,I:\MonkeyZoo Comic Strip\Fusion Squad\MonkeyZoo_Comic_Factory\03_APPROVED_CANON\approved_expressions\emo\emo_13_pointing.png,source_material/imported_canon/approved_expressions/emo/emo_13_pointing.png,emo_13_pointing.png,png,341886,6338f0e2b373ff185117c4b7acf40989e4844138706e8c067f6d3e08c4788500,2026-07-28T13:24:03+00:00,expression-art,authoritative,MZ-CHAR-EMO,,no,source_material/imported_canon/approved_characters/emo/emo_13_pointing.png,none (byte-for-byte copy),"Approved expression library. Substantially overlaps approved_characters; duplicates are detected by hash and reported, not deleted."
canon-expressions,I:\MonkeyZoo Comic Strip\Fusion Squad\MonkeyZoo_Comic_Factory\03_APPROVED_CANON\approved_expressions\emo\emo_14_shout.png,source_material/imported_canon/approved_expressions/emo/emo_14_shout.png,emo_14_shout.png,png,365525,97db364b67533541c800578cd6d577cec7ac55a2ad27811101e37461f9be8fcd,2026-07-28T13:24:03+00:00,expression-art,authoritative,MZ-CHAR-EMO,,no,source_material/imported_canon/approved_characters/emo/emo_14_shout.png,none (byte-for-byte copy),"Approved expression library. Substantially overlaps approved_characters; duplicates are detected by hash and reported, not deleted."
canon-expressions,I:\MonkeyZoo Comic Strip\Fusion Squad\MonkeyZoo_Comic_Factory\03_APPROVED_CANON\approved_expressions\emo\emo_15_laughing.png,source_material/imported_canon/approved_expressions/emo/emo_15_laughing.png,emo_15_laughing.png,png,345966,6e4a97f9400e0ffff44d0f13d9b08f6005cd78a1f3c32c5e7e851e7a89fb425e,2026-07-28T13:24:03+00:00,expression-art,authoritative,MZ-CHAR-EMO,,no,source_material/imported_canon/approved_characters/emo/emo_15_laughing.png,none (byte-for-byte copy),"Approved expression library. Substantially overlaps approved_characters; duplicates are detected by hash and reported, not deleted."
canon-expressions,I:\MonkeyZoo Comic Strip\Fusion Squad\MonkeyZoo_Comic_Factory\03_APPROVED_CANON\approved_expressions\emo\emo_16_worried.png,source_material/imported_canon/approved_expressions/emo/emo_16_worried.png,emo_16_worried.png,png,359288,34768f5b132685026cc3c580173ac98013d1de0d027e4a22a1a510931b593a08,2026-07-28T13:24:03+00:00,expression-art,authoritative,MZ-CHAR-EMO,,no,source_material/imported_canon/approved_characters/emo/emo_16_worried.png,none (byte-for-byte copy),"Approved expression library. Substantially overlaps approved_characters; duplicates are detected by hash and reported, not deleted."
canon-expressions,I:\MonkeyZoo Comic Strip\Fusion Squad\MonkeyZoo_Comic_Factory\03_APPROVED_CANON\approved_expressions\emo\emo_17_disgusted.png,source_material/imported_canon/approved_expressions/emo/emo_17_disgusted.png,emo_17_disgusted.png,png,357892,edfef85b5a03c16e1d74aec8fdbc06f8bea691f8225bfd735834902aeb279dad,2026-07-28T13:24:03+00:00,expression-art,authoritative,MZ-CHAR-EMO,,no,source_material/imported_canon/approved_characters/emo/emo_17_disgusted.png,none (byte-for-byte copy),"Approved expression library. Substantially overlaps approved_characters; duplicates are detected by hash and reported, not deleted."
canon-expressions,I:\MonkeyZoo Comic Strip\Fusion Squad\MonkeyZoo_Comic_Factory\03_APPROVED_CANON\approved_expressions\emo\emo_18_sleepy.png,source_material/imported_canon/approved_expressions/emo/emo_18_sleepy.png,emo_18_sleepy.png,png,324351,13e47d3495d601b6c96c54a9babc764a4f1904f6c6998a5a06c3c1b2aa3d1f52,2026-07-28T13:24:03+00:00,expression-art,authoritative,MZ-CHAR-EMO,,no,source_material/imported_canon/approved_characters/emo/emo_18_sleepy.png,none (byte-for-byte copy),"Approved expression library. Substantially overlaps approved_characters; duplicates are detected by hash and reported, not deleted."
canon-expressions,I:\MonkeyZoo Comic Strip\Fusion Squad\MonkeyZoo_Comic_Factory\03_APPROVED_CANON\approved_expressions\emo\emo_19_determined.png,source_material/imported_canon/approved_expressions/emo/emo_19_determined.png,emo_19_determined.png,png,379247,fb338126d8e15da3b529b1360f352ace4dbb7b000fcfd9df729eabbc67c23055,2026-07-28T13:24:03+00:00,expression-art,authoritative,MZ-CHAR-EMO,,no,source_material/imported_canon/approved_characters/emo/emo_19_determined.png,none (byte-for-byte copy),"Approved expression library. Substantially overlaps approved_characters; duplicates are detected by hash and reported, not deleted."
canon-expressions,I:\MonkeyZoo Comic Strip\Fusion Squad\MonkeyZoo_Comic_Factory\03_APPROVED_CANON\approved_expressions\emo\emo_20_confused.png,source_material/imported_canon/approved_expressions/emo/emo_20_confused.png,emo_20_confused.png,png,325456,bb2566755ecb0b753daa333efe1b356dc530e0df5dd47ddef78dbb713fcd6d3b,2026-07-28T13:24:03+00:00,expression-art,authoritative,MZ-CHAR-EMO,,no,source_material/imported_canon/approved_characters/emo/emo_20_confused.png,none (byte-for-byte copy),"Approved expression library. Substantially overlaps approved_characters; duplicates are detected by hash and reported, not deleted."
canon-expressions,I:\MonkeyZoo Comic Strip\Fusion Squad\MonkeyZoo_Comic_Factory\03_APPROVED_CANON\approved_expressions\emo\emo_21_running.png,source_material/imported_canon/approved_expressions/emo/emo_21_running.png,emo_21_running.png,png,323400,9ccfeee54ddcd31a0b4d67f58a8e28ccca94e0db5fae07011ad8380ade696700,2026-07-28T13:24:03+00:00,expression-art,authoritative,MZ-CHAR-EMO,,no,source_material/imported_canon/approved_characters/emo/emo_21_running.png,none (byte-for-byte copy),"Approved expression library. Substantially overlaps approved_characters; duplicates are detected by hash and reported, not deleted."
canon-expressions,I:\MonkeyZoo Comic Strip\Fusion Squad\MonkeyZoo_Comic_Factory\03_APPROVED_CANON\approved_expressions\emo\emo_22_jumping.png,source_material/imported_canon/approved_expressions/emo/emo_22_jumping.png,emo_22_jumping.png,png,346732,e584397afe58ef9e1b025f06212fec47b0510a68a90c7e2797f7b683e385d9ed,2026-07-28T13:24:03+00:00,expression-art,authoritative,MZ-CHAR-EMO,,no,source_material/imported_canon/approved_characters/emo/emo_22_jumping.png,none (byte-for-byte copy),"Approved expression library. Substantially overlaps approved_characters; duplicates are detected by hash and reported, not deleted."
canon-expressions,I:\MonkeyZoo Comic Strip\Fusion Squad\MonkeyZoo_Comic_Factory\03_APPROVED_CANON\approved_expressions\emo\emo_23_waving.png,source_material/imported_canon/approved_expressions/emo/emo_23_waving.png,emo_23_waving.png,png,347478,fbee08dafad83f679fdb03665f2398178d083be6d193ca185373187acab33146,2026-07-28T13:24:03+00:00,expression-art,authoritative,MZ-CHAR-EMO,,no,source_material/imported_canon/approved_characters/emo/emo_23_waving.png,none (byte-for-byte copy),"Approved expression library. Substantially overlaps approved_characters; duplicates are detected by hash and reported, not deleted."
canon-expressions,I:\MonkeyZoo Comic Strip\Fusion Squad\MonkeyZoo_Comic_Factory\03_APPROVED_CANON\approved_expressions\emo\emo_24_thinking.png,source_material/imported_canon/approved_expressions/emo/emo_24_thinking.png,emo_24_thinking.png,png,336671,6f128dee72276a3cceb01b32eb4f26a40ba9f3161391e5425b784303f800c8e2,2026-07-28T13:24:03+00:00,expression-art,authoritative,MZ-CHAR-EMO,,no,source_material/imported_canon/approved_characters/emo/emo_24_thinking.png,none (byte-for-byte copy),"Approved expression library. Substantially overlaps approved_characters; duplicates are detected by hash and reported, not deleted."
canon-expressions,I:\MonkeyZoo Comic Strip\Fusion Squad\MonkeyZoo_Comic_Factory\03_APPROVED_CANON\approved_expressions\emo\emo_25_crouching.png,source_material/imported_canon/approved_expressions/emo/emo_25_crouching.png,emo_25_crouching.png,png,333846,0de2c967675a3f3a503ed261da02ba0e35d43344eae28cd0076d995645f721b9,2026-07-28T13:24:03+00:00,expression-art,authoritative,MZ-CHAR-EMO,,no,source_material/imported_canon/approved_characters/emo/emo_25_crouching.png,none (byte-for-byte copy),"Approved expression library. Substantially overlaps approved_characters; duplicates are detected by hash and reported, not deleted."
canon-expressions,I:\MonkeyZoo Comic Strip\Fusion Squad\MonkeyZoo_Comic_Factory\03_APPROVED_CANON\approved_expressions\emo\emo_26_reaching.png,source_material/imported_canon/approved_expressions/emo/emo_26_reaching.png,emo_26_reaching.png,png,343480,5c202a1ed18ca7c9dbe0e9762a5f482483094b66c1cb6fbcaef92fc8d2a6e5ea,2026-07-28T13:24:03+00:00,expression-art,authoritative,MZ-CHAR-EMO,,no,source_material/imported_canon/approved_characters/emo/emo_26_reaching.png,none (byte-for-byte copy),"Approved expression library. Substantially overlaps approved_characters; duplicates are detected by hash and reported, not deleted."
canon-expressions,I:\MonkeyZoo Comic Strip\Fusion Squad\MonkeyZoo_Comic_Factory\03_APPROVED_CANON\approved_expressions\emo\emo_27_defeated.png,source_material/imported_canon/approved_expressions/emo/emo_27_defeated.png,emo_27_defeated.png,png,319928,17613ef7d33d63ca1efe7de05674d367cf3ac10f9eba8749a63a92541e082b2e,2026-07-28T13:24:03+00:00,expression-art,authoritative,MZ-CHAR-EMO,,no,source_material/imported_canon/approved_characters/emo/emo_27_defeated.png,none (byte-for-byte copy),"Approved expression library. Substantially overlaps approved_characters; duplicates are detected by hash and reported, not deleted."
canon-expressions,I:\MonkeyZoo Comic Strip\Fusion Squad\MonkeyZoo_Comic_Factory\03_APPROVED_CANON\approved_expressions\emo\emo_28_celebrating.png,source_material/imported_canon/approved_expressions/emo/emo_28_celebrating.png,emo_28_celebrating.png,png,362910,1ad6df0dec445bbe44fd3766c3ed532640e635f19c01dab040d2ce771236541d,2026-07-28T13:24:03+00:00,expression-art,authoritative,MZ-CHAR-EMO,,no,source_material/imported_canon/approved_characters/emo/emo_28_celebrating.png,none (byte-for-byte copy),"Approved expression library. Substantially overlaps approved_characters; duplicates are detected by hash and reported, not deleted."
canon-expressions,I:\MonkeyZoo Comic Strip\Fusion Squad\MonkeyZoo_Comic_Factory\03_APPROVED_CANON\approved_expressions\emo\emo_29_lookingup.png,source_material/imported_canon/approved_expressions/emo/emo_29_lookingup.png,emo_29_lookingup.png,png,356021,40836eb371989fcfc5aa61193e8607f6e911b2b74f98492d6ff30aafabd5fcbe,2026-07-28T13:24:03+00:00,expression-art,authoritative,MZ-CHAR-EMO,,no,source_material/imported_canon/approved_characters/emo/emo_29_lookingup.png,none (byte-for-byte copy),"Approved expression library. Substantially overlaps approved_characters; duplicates are detected by hash and reported, not deleted."
canon-expressions,I:\MonkeyZoo Comic Strip\Fusion Squad\MonkeyZoo_Comic_Factory\03_APPROVED_CANON\approved_expressions\emo\emo_30_backview.png,source_material/imported_canon/approved_expressions/emo/emo_30_backview.png,emo_30_backview.png,png,329549,4130c2e3b841fdf52add2d3127f9e1c528a74b83fba8b7fb148583786d15d7d2,2026-07-28T13:24:03+00:00,expression-art,authoritative,MZ-CHAR-EMO,,no,source_material/imported_canon/approved_characters/emo/emo_30_backview.png,none (byte-for-byte copy),"Approved expression library. Substantially overlaps approved_characters; duplicates are detected by hash and reported, not deleted."
canon-expressions,I:\MonkeyZoo Comic Strip\Fusion Squad\MonkeyZoo_Comic_Factory\03_APPROVED_CANON\approved_expressions\lil devil\lildevil_00_clean_base.png,source_material/imported_canon/approved_expressions/lil devil/lildevil_00_clean_base.png,lildevil_00_clean_base.png,png,442382,43a6a578da3a6bfadf8089af9b755a44f15404114e90dc1ba1adfb98dedf97b8,2026-07-28T13:24:03+00:00,expression-art,authoritative,MZ-CHAR-LILDEVIL,,no,source_material/imported_canon/approved_characters/lil devil/lildevil_00_clean_base.png,none (byte-for-byte copy),"Approved expression library. Substantially overlaps approved_characters; duplicates are detected by hash and reported, not deleted."
canon-expressions,I:\MonkeyZoo Comic Strip\Fusion Squad\MonkeyZoo_Comic_Factory\03_APPROVED_CANON\approved_expressions\lil devil\lildevil_01_neutral.png,source_material/imported_canon/approved_expressions/lil devil/lildevil_01_neutral.png,lildevil_01_neutral.png,png,442382,43a6a578da3a6bfadf8089af9b755a44f15404114e90dc1ba1adfb98dedf97b8,2026-07-28T13:24:03+00:00,expression-art,authoritative,MZ-CHAR-LILDEVIL,,no,source_material/imported_canon/approved_characters/lil devil/lildevil_00_clean_base.png,none (byte-for-byte copy),"Approved expression library. Substantially overlaps approved_characters; duplicates are detected by hash and reported, not deleted."
canon-expressions,I:\MonkeyZoo Comic Strip\Fusion Squad\MonkeyZoo_Comic_Factory\03_APPROVED_CANON\approved_expressions\lil devil\lildevil_02_threeqtr.png,source_material/imported_canon/approved_expressions/lil devil/lildevil_02_threeqtr.png,lildevil_02_threeqtr.png,png,516690,95069e59c716604cad3d01c43d2517611cc645f44ce6c0816d5410ccfcfa04ca,2026-07-28T13:24:03+00:00,expression-art,authoritative,MZ-CHAR-LILDEVIL,,no,source_material/imported_canon/approved_characters/lil devil/lildevil_02_threeqtr.png,none (byte-for-byte copy),"Approved expression library. Substantially overlaps approved_characters; duplicates are detected by hash and reported, not deleted."
canon-expressions,I:\MonkeyZoo Comic Strip\Fusion Squad\MonkeyZoo_Comic_Factory\03_APPROVED_CANON\approved_expressions\lil devil\lildevil_03_profile.png,source_material/imported_canon/approved_expressions/lil devil/lildevil_03_profile.png,lildevil_03_profile.png,png,460265,5575dc594216cbdfee98e4d23f5286d3e69e99c4d8a461312e5631254b52eda1,2026-07-28T13:24:03+00:00,expression-art,authoritative,MZ-CHAR-LILDEVIL,,no,source_material/imported_canon/approved_characters/lil devil/lildevil_03_profile.png,none (byte-for-byte copy),"Approved expression library. Substantially overlaps approved_characters; duplicates are detected by hash and reported, not deleted."
canon-expressions,I:\MonkeyZoo Comic Strip\Fusion Squad\MonkeyZoo_Comic_Factory\03_APPROVED_CANON\approved_expressions\lil devil\lildevil_04_overshoulder.png,source_material/imported_canon/approved_expressions/lil devil/lildevil_04_overshoulder.png,lildevil_04_overshoulder.png,png,477740,a00fd0793d2c184effabe34aea4c0265eb0ab2f76e1e1e38fea63c079720db30,2026-07-28T13:24:03+00:00,expression-art,authoritative,MZ-CHAR-LILDEVIL,,no,source_material/imported_canon/approved_characters/lil devil/lildevil_04_overshoulder.png,none (byte-for-byte copy),"Approved expression library. Substantially overlaps approved_characters; duplicates are detected by hash and reported, not deleted."
canon-expressions,I:\MonkeyZoo Comic Strip\Fusion Squad\MonkeyZoo_Comic_Factory\03_APPROVED_CANON\approved_expressions\lil devil\lildevil_05_portrait.png,source_material/imported_canon/approved_expressions/lil devil/lildevil_05_portrait.png,lildevil_05_portrait.png,png,558145,12711b73bc4eb484535a2ab08c28f9fea228d506f1665a7469e257d52f740a91,2026-07-28T13:24:03+00:00,expression-art,authoritative,MZ-CHAR-LILDEVIL,,no,source_material/imported_canon/approved_characters/lil devil/lildevil_05_portrait.png,none (byte-for-byte copy),"Approved expression library. Substantially overlaps approved_characters; duplicates are detected by hash and reported, not deleted."
canon-expressions,I:\MonkeyZoo Comic Strip\Fusion Squad\MonkeyZoo_Comic_Factory\03_APPROVED_CANON\approved_expressions\lil devil\lildevil_06_angry.png,source_material/imported_canon/approved_expressions/lil devil/lildevil_06_angry.png,lildevil_06_angry.png,png,524734,c16a6774f88ff32e3190a6a11cedc86b57cc01c3624bfdc0ca11a0fbb59cd192,2026-07-28T13:24:03+00:00,expression-art,authoritative,MZ-CHAR-LILDEVIL,,no,source_material/imported_canon/approved_characters/lil devil/lildevil_06_angry.png,none (byte-for-byte copy),"Approved expression library. Substantially overlaps approved_characters; duplicates are detected by hash and reported, not deleted."
canon-expressions,I:\MonkeyZoo Comic Strip\Fusion Squad\MonkeyZoo_Comic_Factory\03_APPROVED_CANON\approved_expressions\lil devil\lildevil_07_sad.png,source_material/imported_canon/approved_expressions/lil devil/lildevil_07_sad.png,lildevil_07_sad.png,png,560544,2c40de1fa74f48002b36f37a38f4ef3f1c7c602daa6013eafd73f1d6aa5d04ac,2026-07-28T13:24:03+00:00,expression-art,authoritative,MZ-CHAR-LILDEVIL,,no,source_material/imported_canon/approved_characters/lil devil/lildevil_07_sad.png,none (byte-for-byte copy),"Approved expression library. Substantially overlaps approved_characters; duplicates are detected by hash and reported, not deleted."
canon-expressions,I:\MonkeyZoo Comic Strip\Fusion Squad\MonkeyZoo_Comic_Factory\03_APPROVED_CANON\approved_expressions\lil devil\lildevil_08_shocked.png,source_material/imported_canon/approved_expressions/lil devil/lildevil_08_shocked.png,lildevil_08_shocked.png,png,574398,fc3fd1e4c333a689c3eb3cc577fd6207d38bab2870fe604fc53f2eebca0ca2db,2026-07-28T13:24:03+00:00,expression-art,authoritative,MZ-CHAR-LILDEVIL,,no,source_material/imported_canon/approved_characters/lil devil/lildevil_08_shocked.png,none (byte-for-byte copy),"Approved expression library. Substantially overlaps approved_characters; duplicates are detected by hash and reported, not deleted."
canon-expressions,I:\MonkeyZoo Comic Strip\Fusion Squad\MonkeyZoo_Comic_Factory\03_APPROVED_CANON\approved_expressions\lil devil\lildevil_09_smile.png,source_material/imported_canon/approved_expressions/lil devil/lildevil_09_smile.png,lildevil_09_smile.png,png,520293,695d9aed3010798fd748d77a36caa0c68dca6f9bd4357288f6b7f3ab455be01d,2026-07-28T13:24:03+00:00,expression-art,authoritative,MZ-CHAR-LILDEVIL,,no,source_material/imported_canon/approved_characters/lil devil/lildevil_09_smile.png,none (byte-for-byte copy),"Approved expression library. Substantially overlaps approved_characters; duplicates are detected by hash and reported, not deleted."
canon-expressions,I:\MonkeyZoo Comic Strip\Fusion Squad\MonkeyZoo_Comic_Factory\03_APPROVED_CANON\approved_expressions\lil devil\lildevil_10_walking.png,source_material/imported_canon/approved_expressions/lil devil/lildevil_10_walking.png,lildevil_10_walking.png,png,550594,5c5eb15f223ce07ec763dc9bc0a678885d74b3ace099e8739516f3c3e862eda2,2026-07-28T13:24:03+00:00,expression-art,authoritative,MZ-CHAR-LILDEVIL,,no,source_material/imported_canon/approved_characters/lil devil/lildevil_10_walking.png,none (byte-for-byte copy),"Approved expression library. Substantially overlaps approved_characters; duplicates are detected by hash and reported, not deleted."
canon-expressions,I:\MonkeyZoo Comic Strip\Fusion Squad\MonkeyZoo_Comic_Factory\03_APPROVED_CANON\approved_expressions\lil devil\lildevil_11_armscrossed.png,source_material/imported_canon/approved_expressions/lil devil/lildevil_11_armscrossed.png,lildevil_11_armscrossed.png,png,514124,59ea0d48d2c78730370c51990fe845b2074e3c3dfcfe3b4575e6cc71094f6a2a,2026-07-28T13:24:03+00:00,expression-art,authoritative,MZ-CHAR-LILDEVIL,,no,source_material/imported_canon/approved_characters/lil devil/lildevil_11_armscrossed.png,none (byte-for-byte copy),"Approved expression library. Substantially overlaps approved_characters; duplicates are detected by hash and reported, not deleted."
canon-expressions,I:\MonkeyZoo Comic Strip\Fusion Squad\MonkeyZoo_Comic_Factory\03_APPROVED_CANON\approved_expressions\lil devil\lildevil_12_sitting.png,source_material/imported_canon/approved_expressions/lil devil/lildevil_12_sitting.png,lildevil_12_sitting.png,png,526127,dcc8a1c212e86b918d6c6038e585346749e3125fada880cecd25d8c54c64247e,2026-07-28T13:24:03+00:00,expression-art,authoritative,MZ-CHAR-LILDEVIL,,no,source_material/imported_canon/approved_characters/lil devil/lildevil_12_sitting.png,none (byte-for-byte copy),"Approved expression library. Substantially overlaps approved_characters; duplicates are detected by hash and reported, not deleted."
canon-expressions,I:\MonkeyZoo Comic Strip\Fusion Squad\MonkeyZoo_Comic_Factory\03_APPROVED_CANON\approved_expressions\lil devil\lildevil_13_pointing.png,source_material/imported_canon/approved_expressions/lil devil/lildevil_13_pointing.png,lildevil_13_pointing.png,png,573801,a9a6c1781faf0954933c5afa77ae9b019d6c59662a39678e03f30e37f8f7400c,2026-07-28T13:24:03+00:00,expression-art,authoritative,MZ-CHAR-LILDEVIL,,no,source_material/imported_canon/approved_characters/lil devil/lildevil_13_pointing.png,none (byte-for-byte copy),"Approved expression library. Substantially overlaps approved_characters; duplicates are detected by hash and reported, not deleted."
canon-expressions,I:\MonkeyZoo Comic Strip\Fusion Squad\MonkeyZoo_Comic_Factory\03_APPROVED_CANON\approved_expressions\lil devil\lildevil_14_shout.png,source_material/imported_canon/approved_expressions/lil devil/lildevil_14_shout.png,lildevil_14_shout.png,png,585478,3150f33e4cb0678a4044e1c2b0f2b54e8d2af51e3e213d9547a8b3c9f9a93384,2026-07-28T13:24:03+00:00,expression-art,authoritative,MZ-CHAR-LILDEVIL,,no,source_material/imported_canon/approved_characters/lil devil/lildevil_14_shout.png,none (byte-for-byte copy),"Approved expression library. Substantially overlaps approved_characters; duplicates are detected by hash and reported, not deleted."
canon-expressions,I:\MonkeyZoo Comic Strip\Fusion Squad\MonkeyZoo_Comic_Factory\03_APPROVED_CANON\approved_expressions\lil devil\lildevil_15_laughing.png,source_material/imported_canon/approved_expressions/lil devil/lildevil_15_laughing.png,lildevil_15_laughing.png,png,549831,76532286be71e333bba5cec86ed12eb7feaea2fc0621975040c8f0ed63536c80,2026-07-28T13:24:03+00:00,expression-art,authoritative,MZ-CHAR-LILDEVIL,,no,source_material/imported_canon/approved_characters/lil devil/lildevil_15_laughing.png,none (byte-for-byte copy),"Approved expression library. Substantially overlaps approved_characters; duplicates are detected by hash and reported, not deleted."
canon-expressions,I:\MonkeyZoo Comic Strip\Fusion Squad\MonkeyZoo_Comic_Factory\03_APPROVED_CANON\approved_expressions\lil devil\lildevil_16_worried.png,source_material/imported_canon/approved_expressions/lil devil/lildevil_16_worried.png,lildevil_16_worried.png,png,523311,f0a30c32b89dd471f1fa9100a42e4a9c347f51c0b828e8ae0f764088ee18451b,2026-07-28T13:24:03+00:00,expression-art,authoritative,MZ-CHAR-LILDEVIL,,no,source_material/imported_canon/approved_characters/lil devil/lildevil_16_worried.png,none (byte-for-byte copy),"Approved expression library. Substantially overlaps approved_characters; duplicates are detected by hash and reported, not deleted."
canon-expressions,I:\MonkeyZoo Comic Strip\Fusion Squad\MonkeyZoo_Comic_Factory\03_APPROVED_CANON\approved_expressions\lil devil\lildevil_17_disgusted.png,source_material/imported_canon/approved_expressions/lil devil/lildevil_17_disgusted.png,lildevil_17_disgusted.png,png,606391,5a298a310c613a9ac3e981625b8fbc83dcf3664b69debcdd903e73758c3952bb,2026-07-28T13:24:03+00:00,expression-art,authoritative,MZ-CHAR-LILDEVIL,,no,source_material/imported_canon/approved_characters/lil devil/lildevil_17_disgusted.png,none (byte-for-byte copy),"Approved expression library. Substantially overlaps approved_characters; duplicates are detected by hash and reported, not deleted."
canon-expressions,I:\MonkeyZoo Comic Strip\Fusion Squad\MonkeyZoo_Comic_Factory\03_APPROVED_CANON\approved_expressions\lil devil\lildevil_18_sleepy.png,source_material/imported_canon/approved_expressions/lil devil/lildevil_18_sleepy.png,lildevil_18_sleepy.png,png,510984,e8c8bae34f37cfe9ee92fd82e41f98d54e02ef8d0068ca6783eca4c878260bfb,2026-07-28T13:24:03+00:00,expression-art,authoritative,MZ-CHAR-LILDEVIL,,no,source_material/imported_canon/approved_characters/lil devil/lildevil_18_sleepy.png,none (byte-for-byte copy),"Approved expression library. Substantially overlaps approved_characters; duplicates are detected by hash and reported, not deleted."
canon-expressions,I:\MonkeyZoo Comic Strip\Fusion Squad\MonkeyZoo_Comic_Factory\03_APPROVED_CANON\approved_expressions\lil devil\lildevil_19_determined.png,source_material/imported_canon/approved_expressions/lil devil/lildevil_19_determined.png,lildevil_19_determined.png,png,585175,b83fad2d935647876659e94ba140785cd9b5ac7037fcf3e5766017a0e3b97292,2026-07-28T13:24:03+00:00,expression-art,authoritative,MZ-CHAR-LILDEVIL,,no,source_material/imported_canon/approved_characters/lil devil/lildevil_19_determined.png,none (byte-for-byte copy),"Approved expression library. Substantially overlaps approved_characters; duplicates are detected by hash and reported, not deleted."
canon-expressions,I:\MonkeyZoo Comic Strip\Fusion Squad\MonkeyZoo_Comic_Factory\03_APPROVED_CANON\approved_expressions\lil devil\lildevil_20_confused.png,source_material/imported_canon/approved_expressions/lil devil/lildevil_20_confused.png,lildevil_20_confused.png,png,576917,b03149c0bc90346bdaaffb945c30b80f974424affab9d7784c2118101abaaedb,2026-07-28T13:24:03+00:00,expression-art,authoritative,MZ-CHAR-LILDEVIL,,no,source_material/imported_canon/approved_characters/lil devil/lildevil_20_confused.png,none (byte-for-byte copy),"Approved expression library. Substantially overlaps approved_characters; duplicates are detected by hash and reported, not deleted."
canon-expressions,I:\MonkeyZoo Comic Strip\Fusion Squad\MonkeyZoo_Comic_Factory\03_APPROVED_CANON\approved_expressions\lil devil\lildevil_21_running.png,source_material/imported_canon/approved_expressions/lil devil/lildevil_21_running.png,lildevil_21_running.png,png,508563,f91ef3267da4b0762d63e40e8602e2f6fa01d35a2c786cb51e7afa277b2ce611,2026-07-28T13:24:03+00:00,expression-art,authoritative,MZ-CHAR-LILDEVIL,,no,source_material/imported_canon/approved_characters/lil devil/lildevil_21_running.png,none (byte-for-byte copy),"Approved expression library. Substantially overlaps approved_characters; duplicates are detected by hash and reported, not deleted."
canon-expressions,I:\MonkeyZoo Comic Strip\Fusion Squad\MonkeyZoo_Comic_Factory\03_APPROVED_CANON\approved_expressions\lil devil\lildevil_22_jumping.png,source_material/imported_canon/approved_expressions/lil devil/lildevil_22_jumping.png,lildevil_22_jumping.png,png,515099,8aba75d0cd74db52a86f09821bb72ebd2dc2032cb9f59a3474ebfa12532bfd5a,2026-07-28T13:24:03+00:00,expression-art,authoritative,MZ-CHAR-LILDEVIL,,no,source_material/imported_canon/approved_characters/lil devil/lildevil_22_jumping.png,none (byte-for-byte copy),"Approved expression library. Substantially overlaps approved_characters; duplicates are detected by hash and reported, not deleted."
canon-expressions,I:\MonkeyZoo Comic Strip\Fusion Squad\MonkeyZoo_Comic_Factory\03_APPROVED_CANON\approved_expressions\lil devil\lildevil_23_waving.png,source_material/imported_canon/approved_expressions/lil devil/lildevil_23_waving.png,lildevil_23_waving.png,png,558642,d125a5bf21f6197ecdcc4a5b5314c67be9814c5d8096786a37601069060f1a0a,2026-07-28T13:24:03+00:00,expression-art,authoritative,MZ-CHAR-LILDEVIL,,no,source_material/imported_canon/approved_characters/lil devil/lildevil_23_waving.png,none (byte-for-byte copy),"Approved expression library. Substantially overlaps approved_characters; duplicates are detected by hash and reported, not deleted."
canon-expressions,I:\MonkeyZoo Comic Strip\Fusion Squad\MonkeyZoo_Comic_Factory\03_APPROVED_CANON\approved_expressions\lil devil\lildevil_24_thinking.png,source_material/imported_canon/approved_expressions/lil devil/lildevil_24_thinking.png,lildevil_24_thinking.png,png,513347,a99baa2e5320f796674182c2dbb5060554835998f979cd319515b9c4b3a84109,2026-07-28T13:24:03+00:00,expression-art,authoritative,MZ-CHAR-LILDEVIL,,no,source_material/imported_canon/approved_characters/lil devil/lildevil_24_thinking.png,none (byte-for-byte copy),"Approved expression library. Substantially overlaps approved_characters; duplicates are detected by hash and reported, not deleted."
canon-expressions,I:\MonkeyZoo Comic Strip\Fusion Squad\MonkeyZoo_Comic_Factory\03_APPROVED_CANON\approved_expressions\lil devil\lildevil_25_crouching.png,source_material/imported_canon/approved_expressions/lil devil/lildevil_25_crouching.png,lildevil_25_crouching.png,png,552927,e00a6a63754350407b6b45554a063f5f6745af853b42cab135dd57d2fef5bec5,2026-07-28T13:24:03+00:00,expression-art,authoritative,MZ-CHAR-LILDEVIL,,no,source_material/imported_canon/approved_characters/lil devil/lildevil_25_crouching.png,none (byte-for-byte copy),"Approved expression library. Substantially overlaps approved_characters; duplicates are detected by hash and reported, not deleted."
canon-expressions,I:\MonkeyZoo Comic Strip\Fusion Squad\MonkeyZoo_Comic_Factory\03_APPROVED_CANON\approved_expressions\lil devil\lildevil_26_reaching.png,source_material/imported_canon/approved_expressions/lil devil/lildevil_26_reaching.png,lildevil_26_reaching.png,png,585565,b7070ca5ab5d2216b97822cf8683ac6db906ae41ef6773d0fbeeee7dc10e3e1f,2026-07-28T13:24:03+00:00,expression-art,authoritative,MZ-CHAR-LILDEVIL,,no,source_material/imported_canon/approved_characters/lil devil/lildevil_26_reaching.png,none (byte-for-byte copy),"Approved expression library. Substantially overlaps approved_characters; duplicates are detected by hash and reported, not deleted."
canon-expressions,I:\MonkeyZoo Comic Strip\Fusion Squad\MonkeyZoo_Comic_Factory\03_APPROVED_CANON\approved_expressions\lil devil\lildevil_27_defeated.png,source_material/imported_canon/approved_expressions/lil devil/lildevil_27_defeated.png,lildevil_27_defeated.png,png,507591,631b495aa90f911f03179ff5cdcad3f36f0f13a7a337d4c119383d69e64398a7,2026-07-28T13:24:03+00:00,expression-art,authoritative,MZ-CHAR-LILDEVIL,,no,source_material/imported_canon/approved_characters/lil devil/lildevil_27_defeated.png,none (byte-for-byte copy),"Approved expression library. Substantially overlaps approved_characters; duplicates are detected by hash and reported, not deleted."
canon-expressions,I:\MonkeyZoo Comic Strip\Fusion Squad\MonkeyZoo_Comic_Factory\03_APPROVED_CANON\approved_expressions\lil devil\lildevil_28_celebrating.png,source_material/imported_canon/approved_expressions/lil devil/lildevil_28_celebrating.png,lildevil_28_celebrating.png,png,563781,093ce0fa68a6658c46d88c33d04a7e5b7d75ecbd6c0b9b5ead2a746e2f89cc78,2026-07-28T13:24:03+00:00,expression-art,authoritative,MZ-CHAR-LILDEVIL,,no,source_material/imported_canon/approved_characters/lil devil/lildevil_28_celebrating.png,none (byte-for-byte copy),"Approved expression library. Substantially overlaps approved_characters; duplicates are detected by hash and reported, not deleted."
canon-expressions,I:\MonkeyZoo Comic Strip\Fusion Squad\MonkeyZoo_Comic_Factory\03_APPROVED_CANON\approved_expressions\lil devil\lildevil_29_lookingup.png,source_material/imported_canon/approved_expressions/lil devil/lildevil_29_lookingup.png,lildevil_29_lookingup.png,png,520480,ea8cf53d69fe6fc0f0f1267d448b42205393da9a9c07414b0509b80accd40090,2026-07-28T13:24:03+00:00,expression-art,authoritative,MZ-CHAR-LILDEVIL,,no,source_material/imported_canon/approved_characters/lil devil/lildevil_29_lookingup.png,none (byte-for-byte copy),"Approved expression library. Substantially overlaps approved_characters; duplicates are detected by hash and reported, not deleted."
canon-expressions,I:\MonkeyZoo Comic Strip\Fusion Squad\MonkeyZoo_Comic_Factory\03_APPROVED_CANON\approved_expressions\lil devil\lildevil_30_backview.png,source_material/imported_canon/approved_expressions/lil devil/lildevil_30_backview.png,lildevil_30_backview.png,png,464418,95e3c590657f95c65a8243c881be75d87504efa1ae3766ef570596286f1428cc,2026-07-28T13:24:03+00:00,expression-art,authoritative,MZ-CHAR-LILDEVIL,,no,source_material/imported_canon/approved_characters/lil devil/lildevil_30_backview.png,none (byte-for-byte copy),"Approved expression library. Substantially overlaps approved_characters; duplicates are detected by hash and reported, not deleted."
canon-expressions,I:\MonkeyZoo Comic Strip\Fusion Squad\MonkeyZoo_Comic_Factory\03_APPROVED_CANON\approved_expressions\moodz\moodz_00_clean_base.png,source_material/imported_canon/approved_expressions/moodz/moodz_00_clean_base.png,moodz_00_clean_base.png,png,414292,638d6544962b75c6ffcd21c10228c38be61db00f0132c0208cc58900193790fb,2026-07-28T13:24:03+00:00,expression-art,authoritative,MZ-CHAR-001,,no,source_material/imported_canon/approved_characters/moodz/moodz_00_clean_base.png,none (byte-for-byte copy),"Approved expression library. Substantially overlaps approved_characters; duplicates are detected by hash and reported, not deleted."
canon-expressions,I:\MonkeyZoo Comic Strip\Fusion Squad\MonkeyZoo_Comic_Factory\03_APPROVED_CANON\approved_expressions\moodz\moodz_01_neutral.png,source_material/imported_canon/approved_expressions/moodz/moodz_01_neutral.png,moodz_01_neutral.png,png,414292,638d6544962b75c6ffcd21c10228c38be61db00f0132c0208cc58900193790fb,2026-07-28T13:24:03+00:00,expression-art,authoritative,MZ-CHAR-001,,no,source_material/imported_canon/approved_characters/moodz/moodz_00_clean_base.png,none (byte-for-byte copy),"Approved expression library. Substantially overlaps approved_characters; duplicates are detected by hash and reported, not deleted."
canon-expressions,I:\MonkeyZoo Comic Strip\Fusion Squad\MonkeyZoo_Comic_Factory\03_APPROVED_CANON\approved_expressions\moodz\moodz_02_threeqtr.png,source_material/imported_canon/approved_expressions/moodz/moodz_02_threeqtr.png,moodz_02_threeqtr.png,png,486113,404185be77aa96051618cb2a8f0fa093553fd9171e8d262253e18a5ed8d1205f,2026-07-28T13:24:03+00:00,expression-art,authoritative,MZ-CHAR-001,,no,,none (byte-for-byte copy),"Approved expression library. Substantially overlaps approved_characters; duplicates are detected by hash and reported, not deleted."
canon-expressions,I:\MonkeyZoo Comic Strip\Fusion Squad\MonkeyZoo_Comic_Factory\03_APPROVED_CANON\approved_expressions\moodz\moodz_03_profile.png,source_material/imported_canon/approved_expressions/moodz/moodz_03_profile.png,moodz_03_profile.png,png,418101,24c00f3deb08b1683c7d5ec845889553817b06e10cfa105d97e891400e61ad28,2026-07-28T13:24:03+00:00,expression-art,authoritative,MZ-CHAR-001,,no,,none (byte-for-byte copy),"Approved expression library. Substantially overlaps approved_characters; duplicates are detected by hash and reported, not deleted."
canon-expressions,I:\MonkeyZoo Comic Strip\Fusion Squad\MonkeyZoo_Comic_Factory\03_APPROVED_CANON\approved_expressions\moodz\moodz_04_overshoulder.png,source_material/imported_canon/approved_expressions/moodz/moodz_04_overshoulder.png,moodz_04_overshoulder.png,png,508631,3104c1d5faaf2f6f3912ce7117ce2d92fe0ecfe08c49f0fd55b8a26ef1c54d56,2026-07-28T13:24:03+00:00,expression-art,authoritative,MZ-CHAR-001,,no,,none (byte-for-byte copy),"Approved expression library. Substantially overlaps approved_characters; duplicates are detected by hash and reported, not deleted."
canon-expressions,I:\MonkeyZoo Comic Strip\Fusion Squad\MonkeyZoo_Comic_Factory\03_APPROVED_CANON\approved_expressions\moodz\moodz_05_portrait.png,source_material/imported_canon/approved_expressions/moodz/moodz_05_portrait.png,moodz_05_portrait.png,png,388874,3630b08b2d0aeec7817543708ab2be1ce8aafe811796d88169d3b894f26d75e1,2026-07-28T13:24:03+00:00,expression-art,authoritative,MZ-CHAR-001,,no,,none (byte-for-byte copy),"Approved expression library. Substantially overlaps approved_characters; duplicates are detected by hash and reported, not deleted."
canon-expressions,I:\MonkeyZoo Comic Strip\Fusion Squad\MonkeyZoo_Comic_Factory\03_APPROVED_CANON\approved_expressions\moodz\moodz_06_angry.png,source_material/imported_canon/approved_expressions/moodz/moodz_06_angry.png,moodz_06_angry.png,png,562975,c060a84e2571fc7f349295cdf3d76f2241bc9ed72cefa98f9be6acb1e35b0049,2026-07-28T13:24:03+00:00,expression-art,authoritative,MZ-CHAR-001,,no,,none (byte-for-byte copy),"Approved expression library. Substantially overlaps approved_characters; duplicates are detected by hash and reported, not deleted."
canon-expressions,I:\MonkeyZoo Comic Strip\Fusion Squad\MonkeyZoo_Comic_Factory\03_APPROVED_CANON\approved_expressions\moodz\moodz_07_sad.png,source_material/imported_canon/approved_expressions/moodz/moodz_07_sad.png,moodz_07_sad.png,png,527711,0cfb58bbbacffbaa1dcf25468c40109bda8a906d9cb2448a72b29bcbbecd1301,2026-07-28T13:24:03+00:00,expression-art,authoritative,MZ-CHAR-001,,no,,none (byte-for-byte copy),"Approved expression library. Substantially overlaps approved_characters; duplicates are detected by hash and reported, not deleted."
canon-expressions,I:\MonkeyZoo Comic Strip\Fusion Squad\MonkeyZoo_Comic_Factory\03_APPROVED_CANON\approved_expressions\moodz\moodz_08_shocked.png,source_material/imported_canon/approved_expressions/moodz/moodz_08_shocked.png,moodz_08_shocked.png,png,527928,5bd9d74921e78a1568fe20a1d08678644767e500d2ad020a3c10427379c0bf29,2026-07-28T13:24:03+00:00,expression-art,authoritative,MZ-CHAR-001,,no,,none (byte-for-byte copy),"Approved expression library. Substantially overlaps approved_characters; duplicates are detected by hash and reported, not deleted."
canon-expressions,I:\MonkeyZoo Comic Strip\Fusion Squad\MonkeyZoo_Comic_Factory\03_APPROVED_CANON\approved_expressions\moodz\moodz_09_smile.png,source_material/imported_canon/approved_expressions/moodz/moodz_09_smile.png,moodz_09_smile.png,png,579210,3cf790c0e452a1acc05f358562daf97497736cc121ff6646e224d64d46ce3c1d,2026-07-28T13:24:03+00:00,expression-art,authoritative,MZ-CHAR-001,,no,,none (byte-for-byte copy),"Approved expression library. Substantially overlaps approved_characters; duplicates are detected by hash and reported, not deleted."
canon-expressions,I:\MonkeyZoo Comic Strip\Fusion Squad\MonkeyZoo_Comic_Factory\03_APPROVED_CANON\approved_expressions\moodz\moodz_10_walking.png,source_material/imported_canon/approved_expressions/moodz/moodz_10_walking.png,moodz_10_walking.png,png,487798,b23ccb65e7c7c688b41fa94a80a3bb8cfcb0e4a14acdc882d38deb92d40b73a4,2026-07-28T13:24:03+00:00,expression-art,authoritative,MZ-CHAR-001,,no,source_material/imported_canon/approved_characters/moodz/moodz_10_walking.png,none (byte-for-byte copy),"Approved expression library. Substantially overlaps approved_characters; duplicates are detected by hash and reported, not deleted."
canon-expressions,I:\MonkeyZoo Comic Strip\Fusion Squad\MonkeyZoo_Comic_Factory\03_APPROVED_CANON\approved_expressions\moodz\moodz_11_armscrossed.png,source_material/imported_canon/approved_expressions/moodz/moodz_11_armscrossed.png,moodz_11_armscrossed.png,png,474908,fcbcb0b21d331e528de7c50f099d4cace483f0d8534e3d1bfca4efcd20858044,2026-07-28T13:24:03+00:00,expression-art,authoritative,MZ-CHAR-001,,no,,none (byte-for-byte copy),"Approved expression library. Substantially overlaps approved_characters; duplicates are detected by hash and reported, not deleted."
canon-expressions,I:\MonkeyZoo Comic Strip\Fusion Squad\MonkeyZoo_Comic_Factory\03_APPROVED_CANON\approved_expressions\moodz\moodz_12_sitting.png,source_material/imported_canon/approved_expressions/moodz/moodz_12_sitting.png,moodz_12_sitting.png,png,452682,0693f800f843674ff5ca18ad7b5d354c8de3d9a950b559d76cc5b58d24b0d08f,2026-07-28T13:24:03+00:00,expression-art,authoritative,MZ-CHAR-001,,no,,none (byte-for-byte copy),"Approved expression library. Substantially overlaps approved_characters; duplicates are detected by hash and reported, not deleted."
canon-expressions,I:\MonkeyZoo Comic Strip\Fusion Squad\MonkeyZoo_Comic_Factory\03_APPROVED_CANON\approved_expressions\moodz\moodz_13_pointing.png,source_material/imported_canon/approved_expressions/moodz/moodz_13_pointing.png,moodz_13_pointing.png,png,550686,5a2ad9dd69b634d391da38aaadbd434676dc290aa11fda0623b0a57c8282a4d1,2026-07-28T13:24:03+00:00,expression-art,authoritative,MZ-CHAR-001,,no,,none (byte-for-byte copy),"Approved expression library. Substantially overlaps approved_characters; duplicates are detected by hash and reported, not deleted."
canon-expressions,I:\MonkeyZoo Comic Strip\Fusion Squad\MonkeyZoo_Comic_Factory\03_APPROVED_CANON\approved_expressions\moodz\moodz_14_shout.png,source_material/imported_canon/approved_expressions/moodz/moodz_14_shout.png,moodz_14_shout.png,png,512746,3de5de1ac783631193fabb711ba5fb374b910c5bd55777d8bad6293fc6065a2c,2026-07-28T13:24:03+00:00,expression-art,authoritative,MZ-CHAR-001,,no,,none (byte-for-byte copy),"Approved expression library. Substantially overlaps approved_characters; duplicates are detected by hash and reported, not deleted."
canon-expressions,I:\MonkeyZoo Comic Strip\Fusion Squad\MonkeyZoo_Comic_Factory\03_APPROVED_CANON\approved_expressions\moodz\moodz_15_laughing.png,source_material/imported_canon/approved_expressions/moodz/moodz_15_laughing.png,moodz_15_laughing.png,png,560957,aafa0442e2dc681b908e3dadb3844e6a746933961d5771a859249dcd10dd381c,2026-07-28T13:24:03+00:00,expression-art,authoritative,MZ-CHAR-001,,no,source_material/imported_canon/approved_characters/moodz/moodz_15_laughing.png,none (byte-for-byte copy),"Approved expression library. Substantially overlaps approved_characters; duplicates are detected by hash and reported, not deleted."
canon-expressions,I:\MonkeyZoo Comic Strip\Fusion Squad\MonkeyZoo_Comic_Factory\03_APPROVED_CANON\approved_expressions\moodz\moodz_16_worried.png,source_material/imported_canon/approved_expressions/moodz/moodz_16_worried.png,moodz_16_worried.png,png,530261,e9c8e733e55e282809344ecb36f4b18273fdead61d0b055a25dd13367c6a4c8e,2026-07-28T13:24:03+00:00,expression-art,authoritative,MZ-CHAR-001,,no,source_material/imported_canon/approved_characters/moodz/moodz_16_worried.png,none (byte-for-byte copy),"Approved expression library. Substantially overlaps approved_characters; duplicates are detected by hash and reported, not deleted."
canon-expressions,I:\MonkeyZoo Comic Strip\Fusion Squad\MonkeyZoo_Comic_Factory\03_APPROVED_CANON\approved_expressions\moodz\moodz_17_disgusted.png,source_material/imported_canon/approved_expressions/moodz/moodz_17_disgusted.png,moodz_17_disgusted.png,png,567016,cbace7ed4cdc59d9bd690c70b9a7efbe3204f2bbe963dd6663cfd9b5efd65614,2026-07-28T13:24:03+00:00,expression-art,authoritative,MZ-CHAR-001,,no,source_material/imported_canon/approved_characters/moodz/moodz_17_disgusted.png,none (byte-for-byte copy),"Approved expression library. Substantially overlaps approved_characters; duplicates are detected by hash and reported, not deleted."
canon-expressions,I:\MonkeyZoo Comic Strip\Fusion Squad\MonkeyZoo_Comic_Factory\03_APPROVED_CANON\approved_expressions\moodz\moodz_18_sleepy.png,source_material/imported_canon/approved_expressions/moodz/moodz_18_sleepy.png,moodz_18_sleepy.png,png,455812,cb54de18a44406dba699b34785a016ffdb1fc19661e96d50fbecc2f0bb4cf010,2026-07-28T13:24:03+00:00,expression-art,authoritative,MZ-CHAR-001,,no,source_material/imported_canon/approved_characters/moodz/moodz_18_sleepy.png,none (byte-for-byte copy),"Approved expression library. Substantially overlaps approved_characters; duplicates are detected by hash and reported, not deleted."
canon-expressions,I:\MonkeyZoo Comic Strip\Fusion Squad\MonkeyZoo_Comic_Factory\03_APPROVED_CANON\approved_expressions\moodz\moodz_19_determined.png,source_material/imported_canon/approved_expressions/moodz/moodz_19_determined.png,moodz_19_determined.png,png,466798,098b48debbbd426392951decf7c19b852f310f8d17233bbe9f00f546bf52c8df,2026-07-28T13:24:03+00:00,expression-art,authoritative,MZ-CHAR-001,,no,source_material/imported_canon/approved_characters/moodz/moodz_19_determined.png,none (byte-for-byte copy),"Approved expression library. Substantially overlaps approved_characters; duplicates are detected by hash and reported, not deleted."
canon-expressions,I:\MonkeyZoo Comic Strip\Fusion Squad\MonkeyZoo_Comic_Factory\03_APPROVED_CANON\approved_expressions\moodz\moodz_20_confused.png,source_material/imported_canon/approved_expressions/moodz/moodz_20_confused.png,moodz_20_confused.png,png,457332,fdee5dd205045308adab88e52c45fe4b434de24b21810ff1e37dc15d6d276d85,2026-07-28T13:24:03+00:00,expression-art,authoritative,MZ-CHAR-001,,no,source_material/imported_canon/approved_characters/moodz/moodz_20_confused.png,none (byte-for-byte copy),"Approved expression library. Substantially overlaps approved_characters; duplicates are detected by hash and reported, not deleted."
canon-expressions,I:\MonkeyZoo Comic Strip\Fusion Squad\MonkeyZoo_Comic_Factory\03_APPROVED_CANON\approved_expressions\moodz\moodz_21_running.png,source_material/imported_canon/approved_expressions/moodz/moodz_21_running.png,moodz_21_running.png,png,491910,3a15ad5bdc4690c95eea3e7b20e9f3d0c4e666c1d814781ee9bf671d28668b6b,2026-07-28T13:24:03+00:00,expression-art,authoritative,MZ-CHAR-001,,no,source_material/imported_canon/approved_characters/moodz/moodz_21_running.png,none (byte-for-byte copy),"Approved expression library. Substantially overlaps approved_characters; duplicates are detected by hash and reported, not deleted."
canon-expressions,I:\MonkeyZoo Comic Strip\Fusion Squad\MonkeyZoo_Comic_Factory\03_APPROVED_CANON\approved_expressions\moodz\moodz_22_jumping.png,source_material/imported_canon/approved_expressions/moodz/moodz_22_jumping.png,moodz_22_jumping.png,png,504204,3b6bca8fee772040c6e3ee27e6c522e14c1e9583b5ddbabb566c2b84572a64e8,2026-07-28T13:24:03+00:00,expression-art,authoritative,MZ-CHAR-001,,no,source_material/imported_canon/approved_characters/moodz/moodz_22_jumping.png,none (byte-for-byte copy),"Approved expression library. Substantially overlaps approved_characters; duplicates are detected by hash and reported, not deleted."
canon-expressions,I:\MonkeyZoo Comic Strip\Fusion Squad\MonkeyZoo_Comic_Factory\03_APPROVED_CANON\approved_expressions\moodz\moodz_23_waving.png,source_material/imported_canon/approved_expressions/moodz/moodz_23_waving.png,moodz_23_waving.png,png,506621,7e04c687e6c5299187fcfbc7b752fd454f264fa331fe5985adf9de7715332739,2026-07-28T13:24:03+00:00,expression-art,authoritative,MZ-CHAR-001,,no,source_material/imported_canon/approved_characters/moodz/moodz_23_waving.png,none (byte-for-byte copy),"Approved expression library. Substantially overlaps approved_characters; duplicates are detected by hash and reported, not deleted."
canon-expressions,I:\MonkeyZoo Comic Strip\Fusion Squad\MonkeyZoo_Comic_Factory\03_APPROVED_CANON\approved_expressions\moodz\moodz_24_thinking.png,source_material/imported_canon/approved_expressions/moodz/moodz_24_thinking.png,moodz_24_thinking.png,png,510094,98de837c564f7e648505e764d7aa81bdae31f7a1ae973e77e09414875ae355e8,2026-07-28T13:24:03+00:00,expression-art,authoritative,MZ-CHAR-001,,no,source_material/imported_canon/approved_characters/moodz/moodz_24_thinking.png,none (byte-for-byte copy),"Approved expression library. Substantially overlaps approved_characters; duplicates are detected by hash and reported, not deleted."
canon-expressions,I:\MonkeyZoo Comic Strip\Fusion Squad\MonkeyZoo_Comic_Factory\03_APPROVED_CANON\approved_expressions\moodz\moodz_25_crouching.png,source_material/imported_canon/approved_expressions/moodz/moodz_25_crouching.png,moodz_25_crouching.png,png,508637,1b44bd85a9c176b3afd4730f88faa0e4e432c3c16ec022e10bdb77feb5ddfcd5,2026-07-28T13:24:03+00:00,expression-art,authoritative,MZ-CHAR-001,,no,source_material/imported_canon/approved_characters/moodz/moodz_25_crouching.png,none (byte-for-byte copy),"Approved expression library. Substantially overlaps approved_characters; duplicates are detected by hash and reported, not deleted."
canon-expressions,I:\MonkeyZoo Comic Strip\Fusion Squad\MonkeyZoo_Comic_Factory\03_APPROVED_CANON\approved_expressions\moodz\moodz_26_reaching.png,source_material/imported_canon/approved_expressions/moodz/moodz_26_reaching.png,moodz_26_reaching.png,png,482763,1a1a8e61c1f15a0a054f0e4d2d1e438901e7cd1e00d07148695d43859ece6801,2026-07-28T13:24:03+00:00,expression-art,authoritative,MZ-CHAR-001,,no,source_material/imported_canon/approved_characters/moodz/moodz_26_reaching.png,none (byte-for-byte copy),"Approved expression library. Substantially overlaps approved_characters; duplicates are detected by hash and reported, not deleted."
canon-expressions,I:\MonkeyZoo Comic Strip\Fusion Squad\MonkeyZoo_Comic_Factory\03_APPROVED_CANON\approved_expressions\moodz\moodz_27_defeated.png,source_material/imported_canon/approved_expressions/moodz/moodz_27_defeated.png,moodz_27_defeated.png,png,458225,e5aa504c019c4d8e28d30112faa2ae7581f602146009753a45c767be63f86db1,2026-07-28T13:24:03+00:00,expression-art,authoritative,MZ-CHAR-001,,no,source_material/imported_canon/approved_characters/moodz/moodz_27_defeated.png,none (byte-for-byte copy),"Approved expression library. Substantially overlaps approved_characters; duplicates are detected by hash and reported, not deleted."
canon-expressions,I:\MonkeyZoo Comic Strip\Fusion Squad\MonkeyZoo_Comic_Factory\03_APPROVED_CANON\approved_expressions\moodz\moodz_28_celebrating.png,source_material/imported_canon/approved_expressions/moodz/moodz_28_celebrating.png,moodz_28_celebrating.png,png,520497,8e13ff5a086516ba9bf2cefd28bf1aac49c465f924aedc7aa9d282a446b293f6,2026-07-28T13:24:03+00:00,expression-art,authoritative,MZ-CHAR-001,,no,source_material/imported_canon/approved_characters/moodz/moodz_28_celebrating.png,none (byte-for-byte copy),"Approved expression library. Substantially overlaps approved_characters; duplicates are detected by hash and reported, not deleted."
canon-expressions,I:\MonkeyZoo Comic Strip\Fusion Squad\MonkeyZoo_Comic_Factory\03_APPROVED_CANON\approved_expressions\moodz\moodz_29_lookingup.png,source_material/imported_canon/approved_expressions/moodz/moodz_29_lookingup.png,moodz_29_lookingup.png,png,482490,42818c54c79a6d473c642c9ea303748b2cd0173cf3775f3a08db5fdcbd7ceb57,2026-07-28T13:24:03+00:00,expression-art,authoritative,MZ-CHAR-001,,no,source_material/imported_canon/approved_characters/moodz/moodz_29_lookingup.png,none (byte-for-byte copy),"Approved expression library. Substantially overlaps approved_characters; duplicates are detected by hash and reported, not deleted."
canon-expressions,I:\MonkeyZoo Comic Strip\Fusion Squad\MonkeyZoo_Comic_Factory\03_APPROVED_CANON\approved_expressions\moodz\moodz_30_backview.png,source_material/imported_canon/approved_expressions/moodz/moodz_30_backview.png,moodz_30_backview.png,png,454083,928ec7f44607508ff61de23d95866c6e59b8d14779c34a5cd1c285262fb5845f,2026-07-28T13:24:03+00:00,expression-art,authoritative,MZ-CHAR-001,,no,source_material/imported_canon/approved_characters/moodz/moodz_30_backview.png,none (byte-for-byte copy),"Approved expression library. Substantially overlaps approved_characters; duplicates are detected by hash and reported, not deleted."
canon-expressions,I:\MonkeyZoo Comic Strip\Fusion Squad\MonkeyZoo_Comic_Factory\03_APPROVED_CANON\approved_expressions\neonblue\neonblue_00_clean_base.png,source_material/imported_canon/approved_expressions/neonblue/neonblue_00_clean_base.png,neonblue_00_clean_base.png,png,481488,1d5fd2bc4a458da3056edd9ae7bda3fcd430f04c1b8a5ffa10a1a3b8b7aa1f8e,2026-07-28T13:24:03+00:00,expression-art,authoritative,MZ-CHAR-005,,no,source_material/imported_canon/approved_characters/neonblue/neonblue_00_clean_base.png,none (byte-for-byte copy),"Approved expression library. Substantially overlaps approved_characters; duplicates are detected by hash and reported, not deleted."
canon-expressions,I:\MonkeyZoo Comic Strip\Fusion Squad\MonkeyZoo_Comic_Factory\03_APPROVED_CANON\approved_expressions\neonblue\neonblue_01_neutral.png,source_material/imported_canon/approved_expressions/neonblue/neonblue_01_neutral.png,neonblue_01_neutral.png,png,481488,1d5fd2bc4a458da3056edd9ae7bda3fcd430f04c1b8a5ffa10a1a3b8b7aa1f8e,2026-07-28T13:24:03+00:00,expression-art,authoritative,MZ-CHAR-005,,no,source_material/imported_canon/approved_characters/neonblue/neonblue_00_clean_base.png,none (byte-for-byte copy),"Approved expression library. Substantially overlaps approved_characters; duplicates are detected by hash and reported, not deleted."
canon-expressions,I:\MonkeyZoo Comic Strip\Fusion Squad\MonkeyZoo_Comic_Factory\03_APPROVED_CANON\approved_expressions\neonblue\neonblue_02_threeqtr.png,source_material/imported_canon/approved_expressions/neonblue/neonblue_02_threeqtr.png,neonblue_02_threeqtr.png,png,562400,b85f2337ad5138c3f4c3c8ba31dbfb7f2aa9d7111a0cc3c3befd915a6aa0aca2,2026-07-28T13:24:03+00:00,expression-art,authoritative,MZ-CHAR-005,,no,,none (byte-for-byte copy),"Approved expression library. Substantially overlaps approved_characters; duplicates are detected by hash and reported, not deleted."
canon-expressions,I:\MonkeyZoo Comic Strip\Fusion Squad\MonkeyZoo_Comic_Factory\03_APPROVED_CANON\approved_expressions\neonblue\neonblue_03_profile.png,source_material/imported_canon/approved_expressions/neonblue/neonblue_03_profile.png,neonblue_03_profile.png,png,559788,30cf225386465dac2204d441d72dde7ea7d67fa628982a46f3eef4651f392670,2026-07-28T13:24:03+00:00,expression-art,authoritative,MZ-CHAR-005,,no,,none (byte-for-byte copy),"Approved expression library. Substantially overlaps approved_characters; duplicates are detected by hash and reported, not deleted."
canon-expressions,I:\MonkeyZoo Comic Strip\Fusion Squad\MonkeyZoo_Comic_Factory\03_APPROVED_CANON\approved_expressions\neonblue\neonblue_04_overshoulder.png,source_material/imported_canon/approved_expressions/neonblue/neonblue_04_overshoulder.png,neonblue_04_overshoulder.png,png,562476,9cde20b2698b2821a0125e94486823f5c30d4cf1480779377eadf89c594ec862,2026-07-28T13:24:03+00:00,expression-art,authoritative,MZ-CHAR-005,,no,,none (byte-for-byte copy),"Approved expression library. Substantially overlaps approved_characters; duplicates are detected by hash and reported, not deleted."
canon-expressions,I:\MonkeyZoo Comic Strip\Fusion Squad\MonkeyZoo_Comic_Factory\03_APPROVED_CANON\approved_expressions\neonblue\neonblue_05_portrait.png,source_material/imported_canon/approved_expressions/neonblue/neonblue_05_portrait.png,neonblue_05_portrait.png,png,591513,ba8830a85022a2e724ac20f585ed95fe9d7b6aa52d4f5624d90502dc67e1122e,2026-07-28T13:24:03+00:00,expression-art,authoritative,MZ-CHAR-005,,no,,none (byte-for-byte copy),"Approved expression library. Substantially overlaps approved_characters; duplicates are detected by hash and reported, not deleted."
canon-expressions,I:\MonkeyZoo Comic Strip\Fusion Squad\MonkeyZoo_Comic_Factory\03_APPROVED_CANON\approved_expressions\neonblue\neonblue_06_angry.png,source_material/imported_canon/approved_expressions/neonblue/neonblue_06_angry.png,neonblue_06_angry.png,png,639088,65f422127d13658ad92ef81f4241c886f8492a4e5ac8aa93b752d0cb78da3011,2026-07-28T13:24:03+00:00,expression-art,authoritative,MZ-CHAR-005,,no,,none (byte-for-byte copy),"Approved expression library. Substantially overlaps approved_characters; duplicates are detected by hash and reported, not deleted."
canon-expressions,I:\MonkeyZoo Comic Strip\Fusion Squad\MonkeyZoo_Comic_Factory\03_APPROVED_CANON\approved_expressions\neonblue\neonblue_07_sad.png,source_material/imported_canon/approved_expressions/neonblue/neonblue_07_sad.png,neonblue_07_sad.png,png,593432,6aad1cc2bba74f1dd685f95c0a22ce05031353d71bed8686d1e693945826c99d,2026-07-28T13:24:03+00:00,expression-art,authoritative,MZ-CHAR-005,,no,,none (byte-for-byte copy),"Approved expression library. Substantially overlaps approved_characters; duplicates are detected by hash and reported, not deleted."
canon-expressions,I:\MonkeyZoo Comic Strip\Fusion Squad\MonkeyZoo_Comic_Factory\03_APPROVED_CANON\approved_expressions\neonblue\neonblue_08_shocked.png,source_material/imported_canon/approved_expressions/neonblue/neonblue_08_shocked.png,neonblue_08_shocked.png,png,651619,6e0669005882e3a5330833993255634d28c346c64ddfa2c6f0f6add0e6c6aa55,2026-07-28T13:24:03+00:00,expression-art,authoritative,MZ-CHAR-005,,no,,none (byte-for-byte copy),"Approved expression library. Substantially overlaps approved_characters; duplicates are detected by hash and reported, not deleted."
canon-expressions,I:\MonkeyZoo Comic Strip\Fusion Squad\MonkeyZoo_Comic_Factory\03_APPROVED_CANON\approved_expressions\neonblue\neonblue_09_smile.png,source_material/imported_canon/approved_expressions/neonblue/neonblue_09_smile.png,neonblue_09_smile.png,png,602462,7e787cd1bd37af5e61f5e18c9aaf86e422a4ee49572ec41b3bde1cf2f1f1f2f4,2026-07-28T13:24:03+00:00,expression-art,authoritative,MZ-CHAR-005,,no,,none (byte-for-byte copy),"Approved expression library. Substantially overlaps approved_characters; duplicates are detected by hash and reported, not deleted."
canon-expressions,I:\MonkeyZoo Comic Strip\Fusion Squad\MonkeyZoo_Comic_Factory\03_APPROVED_CANON\approved_expressions\neonblue\neonblue_10_walking.png,source_material/imported_canon/approved_expressions/neonblue/neonblue_10_walking.png,neonblue_10_walking.png,png,609559,037c7c4badc3c559c4f8bbd78813c3aec28397a6c0335bddbae71cbbe14ab432,2026-07-28T13:24:03+00:00,expression-art,authoritative,MZ-CHAR-005,,no,,none (byte-for-byte copy),"Approved expression library. Substantially overlaps approved_characters; duplicates are detected by hash and reported, not deleted."
canon-expressions,I:\MonkeyZoo Comic Strip\Fusion Squad\MonkeyZoo_Comic_Factory\03_APPROVED_CANON\approved_expressions\neonblue\neonblue_11_armscrossed.png,source_material/imported_canon/approved_expressions/neonblue/neonblue_11_armscrossed.png,neonblue_11_armscrossed.png,png,578820,eeb943361129b6961df6f8cfdb4c12ab8b3e807c932e75df83b20f2a706bea8c,2026-07-28T13:24:03+00:00,expression-art,authoritative,MZ-CHAR-005,,no,,none (byte-for-byte copy),"Approved expression library. Substantially overlaps approved_characters; duplicates are detected by hash and reported, not deleted."
canon-expressions,I:\MonkeyZoo Comic Strip\Fusion Squad\MonkeyZoo_Comic_Factory\03_APPROVED_CANON\approved_expressions\neonblue\neonblue_12_sitting.png,source_material/imported_canon/approved_expressions/neonblue/neonblue_12_sitting.png,neonblue_12_sitting.png,png,607826,a16d6e34aefd74f2115a33b0253a8d4a210bdfabe1108f09bb9fdce7768521a8,2026-07-28T13:24:03+00:00,expression-art,authoritative,MZ-CHAR-005,,no,,none (byte-for-byte copy),"Approved expression library. Substantially overlaps approved_characters; duplicates are detected by hash and reported, not deleted."
canon-expressions,I:\MonkeyZoo Comic Strip\Fusion Squad\MonkeyZoo_Comic_Factory\03_APPROVED_CANON\approved_expressions\neonblue\neonblue_13_pointing.png,source_material/imported_canon/approved_expressions/neonblue/neonblue_13_pointing.png,neonblue_13_pointing.png,png,637537,a4caf1b7ce98d5fa0b83e0b2ede9264c6e0ddbbf402e8fc5e1fb455154e5fae0,2026-07-28T13:24:03+00:00,expression-art,authoritative,MZ-CHAR-005,,no,,none (byte-for-byte copy),"Approved expression library. Substantially overlaps approved_characters; duplicates are detected by hash and reported, not deleted."
canon-expressions,I:\MonkeyZoo Comic Strip\Fusion Squad\MonkeyZoo_Comic_Factory\03_APPROVED_CANON\approved_expressions\neonblue\neonblue_14_shout.png,source_material/imported_canon/approved_expressions/neonblue/neonblue_14_shout.png,neonblue_14_shout.png,png,634928,59feeaac8af3c0792778965db7026bab755c63eb452a764c2c17b1f0c14581b2,2026-07-28T13:24:03+00:00,expression-art,authoritative,MZ-CHAR-005,,no,,none (byte-for-byte copy),"Approved expression library. Substantially overlaps approved_characters; duplicates are detected by hash and reported, not deleted."
canon-expressions,I:\MonkeyZoo Comic Strip\Fusion Squad\MonkeyZoo_Comic_Factory\03_APPROVED_CANON\approved_expressions\neonblue\neonblue_15_laughing.png,source_material/imported_canon/approved_expressions/neonblue/neonblue_15_laughing.png,neonblue_15_laughing.png,png,616428,c64b6b71b75ada7b65584e1e3c59b9c477d0ed9cc6c22941c345d83c02f1ef08,2026-07-28T13:24:03+00:00,expression-art,authoritative,MZ-CHAR-005,,no,source_material/imported_canon/approved_characters/neonblue/neonblue_15_laughing.png,none (byte-for-byte copy),"Approved expression library. Substantially overlaps approved_characters; duplicates are detected by hash and reported, not deleted."
canon-expressions,I:\MonkeyZoo Comic Strip\Fusion Squad\MonkeyZoo_Comic_Factory\03_APPROVED_CANON\approved_expressions\neonblue\neonblue_16_worried.png,source_material/imported_canon/approved_expressions/neonblue/neonblue_16_worried.png,neonblue_16_worried.png,png,587312,3f413efa5e3215409cd7c766853e218a09e267d02807f3ac2e5332d54e6cfc0e,2026-07-28T13:24:03+00:00,expression-art,authoritative,MZ-CHAR-005,,no,source_material/imported_canon/approved_characters/neonblue/neonblue_16_worried.png,none (byte-for-byte copy),"Approved expression library. Substantially overlaps approved_characters; duplicates are detected by hash and reported, not deleted."
canon-expressions,I:\MonkeyZoo Comic Strip\Fusion Squad\MonkeyZoo_Comic_Factory\03_APPROVED_CANON\approved_expressions\neonblue\neonblue_17_disgusted.png,source_material/imported_canon/approved_expressions/neonblue/neonblue_17_disgusted.png,neonblue_17_disgusted.png,png,618834,b586e21dd7150898f72b512ccd90d251fcc3e443c44f880711d4a5e83e382a72,2026-07-28T13:24:03+00:00,expression-art,authoritative,MZ-CHAR-005,,no,source_material/imported_canon/approved_characters/neonblue/neonblue_17_disgusted.png,none (byte-for-byte copy),"Approved expression library. Substantially overlaps approved_characters; duplicates are detected by hash and reported, not deleted."
canon-expressions,I:\MonkeyZoo Comic Strip\Fusion Squad\MonkeyZoo_Comic_Factory\03_APPROVED_CANON\approved_expressions\neonblue\neonblue_18_sleepy.png,source_material/imported_canon/approved_expressions/neonblue/neonblue_18_sleepy.png,neonblue_18_sleepy.png,png,584976,a56d31ca875ade6df328293ff95229b07fb8e8601faff6d4d0d5c0981e0c3326,2026-07-28T13:24:03+00:00,expression-art,authoritative,MZ-CHAR-005,,no,source_material/imported_canon/approved_characters/neonblue/neonblue_18_sleepy.png,none (byte-for-byte copy),"Approved expression library. Substantially overlaps approved_characters; duplicates are detected by hash and reported, not deleted."
canon-expressions,I:\MonkeyZoo Comic Strip\Fusion Squad\MonkeyZoo_Comic_Factory\03_APPROVED_CANON\approved_expressions\neonblue\neonblue_19_determined.png,source_material/imported_canon/approved_expressions/neonblue/neonblue_19_determined.png,neonblue_19_determined.png,png,650817,46778e13b045cddf08851d01523e3c49ea5844f3dcafac5f5b826814e873f264,2026-07-28T13:24:03+00:00,expression-art,authoritative,MZ-CHAR-005,,no,source_material/imported_canon/approved_characters/neonblue/neonblue_19_determined.png,none (byte-for-byte copy),"Approved expression library. Substantially overlaps approved_characters; duplicates are detected by hash and reported, not deleted."
canon-expressions,I:\MonkeyZoo Comic Strip\Fusion Squad\MonkeyZoo_Comic_Factory\03_APPROVED_CANON\approved_expressions\neonblue\neonblue_20_confused.png,source_material/imported_canon/approved_expressions/neonblue/neonblue_20_confused.png,neonblue_20_confused.png,png,560238,73ddcb21d2b4ea8e5eee619c1a95a9236392c50b4b76606c6d465260d51143f8,2026-07-28T13:24:03+00:00,expression-art,authoritative,MZ-CHAR-005,,no,source_material/imported_canon/approved_characters/neonblue/neonblue_20_confused.png,none (byte-for-byte copy),"Approved expression library. Substantially overlaps approved_characters; duplicates are detected by hash and reported, not deleted."
canon-expressions,I:\MonkeyZoo Comic Strip\Fusion Squad\MonkeyZoo_Comic_Factory\03_APPROVED_CANON\approved_expressions\neonblue\neonblue_21_running.png,source_material/imported_canon/approved_expressions/neonblue/neonblue_21_running.png,neonblue_21_running.png,png,585416,07919dc0be03cf6c20cdc8e42e87f1a179298046895c35d413f964c09380ebc7,2026-07-28T13:24:03+00:00,expression-art,authoritative,MZ-CHAR-005,,no,source_material/imported_canon/approved_characters/neonblue/neonblue_21_running.png,none (byte-for-byte copy),"Approved expression library. Substantially overlaps approved_characters; duplicates are detected by hash and reported, not deleted."
canon-expressions,I:\MonkeyZoo Comic Strip\Fusion Squad\MonkeyZoo_Comic_Factory\03_APPROVED_CANON\approved_expressions\neonblue\neonblue_22_jumping.png,source_material/imported_canon/approved_expressions/neonblue/neonblue_22_jumping.png,neonblue_22_jumping.png,png,629487,7bb5caaada9b0cf1257a0f0cb5c137772504fa19d04de80c4bf0e1ff4714f539,2026-07-28T13:24:03+00:00,expression-art,authoritative,MZ-CHAR-005,,no,source_material/imported_canon/approved_characters/neonblue/neonblue_22_jumping.png,none (byte-for-byte copy),"Approved expression library. Substantially overlaps approved_characters; duplicates are detected by hash and reported, not deleted."
canon-expressions,I:\MonkeyZoo Comic Strip\Fusion Squad\MonkeyZoo_Comic_Factory\03_APPROVED_CANON\approved_expressions\neonblue\neonblue_23_waving.png,source_material/imported_canon/approved_expressions/neonblue/neonblue_23_waving.png,neonblue_23_waving.png,png,653059,af65272bcbaa809f897b124f5946671402b9aecba8592add5581dd45bef29c5d,2026-07-28T13:24:03+00:00,expression-art,authoritative,MZ-CHAR-005,,no,source_material/imported_canon/approved_characters/neonblue/neonblue_23_waving.png,none (byte-for-byte copy),"Approved expression library. Substantially overlaps approved_characters; duplicates are detected by hash and reported, not deleted."
canon-expressions,I:\MonkeyZoo Comic Strip\Fusion Squad\MonkeyZoo_Comic_Factory\03_APPROVED_CANON\approved_expressions\neonblue\neonblue_24_thinking.png,source_material/imported_canon/approved_expressions/neonblue/neonblue_24_thinking.png,neonblue_24_thinking.png,png,631674,a050497e74ada61dc642a7e8a7e9916dd1ccef8131af3d26651d0a610db56b4d,2026-07-28T13:24:03+00:00,expression-art,authoritative,MZ-CHAR-005,,no,source_material/imported_canon/approved_characters/neonblue/neonblue_24_thinking.png,none (byte-for-byte copy),"Approved expression library. Substantially overlaps approved_characters; duplicates are detected by hash and reported, not deleted."
canon-expressions,I:\MonkeyZoo Comic Strip\Fusion Squad\MonkeyZoo_Comic_Factory\03_APPROVED_CANON\approved_expressions\neonblue\neonblue_25_crouching.png,source_material/imported_canon/approved_expressions/neonblue/neonblue_25_crouching.png,neonblue_25_crouching.png,png,612340,aa322309852287a17d65d0061756bbb786efa7fd98137591a9d2d8da747bfa26,2026-07-28T13:24:03+00:00,expression-art,authoritative,MZ-CHAR-005,,no,source_material/imported_canon/approved_characters/neonblue/neonblue_25_crouching.png,none (byte-for-byte copy),"Approved expression library. Substantially overlaps approved_characters; duplicates are detected by hash and reported, not deleted."
canon-expressions,I:\MonkeyZoo Comic Strip\Fusion Squad\MonkeyZoo_Comic_Factory\03_APPROVED_CANON\approved_expressions\neonblue\neonblue_26_reaching.png,source_material/imported_canon/approved_expressions/neonblue/neonblue_26_reaching.png,neonblue_26_reaching.png,png,538866,50159ceefb57fd258aad3fbfeba7ec01c09f09400d6cf7fc1379dd301e527c04,2026-07-28T13:24:03+00:00,expression-art,authoritative,MZ-CHAR-005,,no,source_material/imported_canon/approved_characters/neonblue/neonblue_26_reaching.png,none (byte-for-byte copy),"Approved expression library. Substantially overlaps approved_characters; duplicates are detected by hash and reported, not deleted."
canon-expressions,I:\MonkeyZoo Comic Strip\Fusion Squad\MonkeyZoo_Comic_Factory\03_APPROVED_CANON\approved_expressions\neonblue\neonblue_27_defeated.png,source_material/imported_canon/approved_expressions/neonblue/neonblue_27_defeated.png,neonblue_27_defeated.png,png,598949,3859281bb307f3f78d1d6b4dc8f40f4d42b65c0667718c8defcca7fe95e9c5dd,2026-07-28T13:24:03+00:00,expression-art,authoritative,MZ-CHAR-005,,no,source_material/imported_canon/approved_characters/neonblue/neonblue_27_defeated.png,none (byte-for-byte copy),"Approved expression library. Substantially overlaps approved_characters; duplicates are detected by hash and reported, not deleted."
canon-expressions,I:\MonkeyZoo Comic Strip\Fusion Squad\MonkeyZoo_Comic_Factory\03_APPROVED_CANON\approved_expressions\neonblue\neonblue_28_celebrating.png,source_material/imported_canon/approved_expressions/neonblue/neonblue_28_celebrating.png,neonblue_28_celebrating.png,png,544460,e12fd34a54add31e8326bbf84f07f97c84e7eadf0f1a1447c5a4bea751233e6d,2026-07-28T13:24:03+00:00,expression-art,authoritative,MZ-CHAR-005,,no,source_material/imported_canon/approved_characters/neonblue/neonblue_28_celebrating.png,none (byte-for-byte copy),"Approved expression library. Substantially overlaps approved_characters; duplicates are detected by hash and reported, not deleted."
canon-expressions,I:\MonkeyZoo Comic Strip\Fusion Squad\MonkeyZoo_Comic_Factory\03_APPROVED_CANON\approved_expressions\neonblue\neonblue_29_lookingup.png,source_material/imported_canon/approved_expressions/neonblue/neonblue_29_lookingup.png,neonblue_29_lookingup.png,png,596412,48fb9ecc4fce72dfa62e3b50cfa24f0f2920c9059bea9fc6b51af86bd775bf7f,2026-07-28T13:24:03+00:00,expression-art,authoritative,MZ-CHAR-005,,no,source_material/imported_canon/approved_characters/neonblue/neonblue_29_lookingup.png,none (byte-for-byte copy),"Approved expression library. Substantially overlaps approved_characters; duplicates are detected by hash and reported, not deleted."
canon-expressions,I:\MonkeyZoo Comic Strip\Fusion Squad\MonkeyZoo_Comic_Factory\03_APPROVED_CANON\approved_expressions\neonblue\neonblue_30_backview.png,source_material/imported_canon/approved_expressions/neonblue/neonblue_30_backview.png,neonblue_30_backview.png,png,617399,555f07d0f8ab29fc77d48d94cb5eba078729543c9c42d1771d733adefc99aac5,2026-07-28T13:24:03+00:00,expression-art,authoritative,MZ-CHAR-005,,no,source_material/imported_canon/approved_characters/neonblue/neonblue_30_backview.png,none (byte-for-byte copy),"Approved expression library. Substantially overlaps approved_characters; duplicates are detected by hash and reported, not deleted."
canon-expressions,I:\MonkeyZoo Comic Strip\Fusion Squad\MonkeyZoo_Comic_Factory\03_APPROVED_CANON\approved_expressions\scarline\scarline_00_clean_base.png,source_material/imported_canon/approved_expressions/scarline/scarline_00_clean_base.png,scarline_00_clean_base.png,png,282359,fdf59ee35220b869a3e3072c132bfc368874a1f3d0dbb6497a164d67677cb97c,2026-07-28T13:24:03+00:00,expression-art,authoritative,MZ-CHAR-006,,no,source_material/imported_canon/approved_characters/scarline/scarline_00_clean_base.png,none (byte-for-byte copy),"Approved expression library. Substantially overlaps approved_characters; duplicates are detected by hash and reported, not deleted."
canon-expressions,I:\MonkeyZoo Comic Strip\Fusion Squad\MonkeyZoo_Comic_Factory\03_APPROVED_CANON\approved_expressions\scarline\scarline_01_neutral.png,source_material/imported_canon/approved_expressions/scarline/scarline_01_neutral.png,scarline_01_neutral.png,png,282359,fdf59ee35220b869a3e3072c132bfc368874a1f3d0dbb6497a164d67677cb97c,2026-07-28T13:24:03+00:00,expression-art,authoritative,MZ-CHAR-006,,no,source_material/imported_canon/approved_characters/scarline/scarline_00_clean_base.png,none (byte-for-byte copy),"Approved expression library. Substantially overlaps approved_characters; duplicates are detected by hash and reported, not deleted."
canon-expressions,I:\MonkeyZoo Comic Strip\Fusion Squad\MonkeyZoo_Comic_Factory\03_APPROVED_CANON\approved_expressions\scarline\scarline_02_threeqtr.png,source_material/imported_canon/approved_expressions/scarline/scarline_02_threeqtr.png,scarline_02_threeqtr.png,png,305108,0a5cd08b60ae00d24d061906ce04cddbcc3ced0a275d5f2e0e2c0c5349f04431,2026-07-28T13:24:03+00:00,expression-art,authoritative,MZ-CHAR-006,,no,,none (byte-for-byte copy),"Approved expression library. Substantially overlaps approved_characters; duplicates are detected by hash and reported, not deleted."
canon-expressions,I:\MonkeyZoo Comic Strip\Fusion Squad\MonkeyZoo_Comic_Factory\03_APPROVED_CANON\approved_expressions\scarline\scarline_03_profile.png,source_material/imported_canon/approved_expressions/scarline/scarline_03_profile.png,scarline_03_profile.png,png,327157,b5f23e5d83d798b1da6ee05ff7fe8a64dab9eca73035c426fe9a86df07a66cae,2026-07-28T13:24:03+00:00,expression-art,authoritative,MZ-CHAR-006,,no,,none (byte-for-byte copy),"Approved expression library. Substantially overlaps approved_characters; duplicates are detected by hash and reported, not deleted."
canon-expressions,I:\MonkeyZoo Comic Strip\Fusion Squad\MonkeyZoo_Comic_Factory\03_APPROVED_CANON\approved_expressions\scarline\scarline_04_overshoulder.png,source_material/imported_canon/approved_expressions/scarline/scarline_04_overshoulder.png,scarline_04_overshoulder.png,png,345317,4db82a90b4d3b8f3722a8d71b1cb493eecdf1a1776b17c26cf9ef47d736ca415,2026-07-28T13:24:03+00:00,expression-art,authoritative,MZ-CHAR-006,,no,,none (byte-for-byte copy),"Approved expression library. Substantially overlaps approved_characters; duplicates are detected by hash and reported, not deleted."
canon-expressions,I:\MonkeyZoo Comic Strip\Fusion Squad\MonkeyZoo_Comic_Factory\03_APPROVED_CANON\approved_expressions\scarline\scarline_05_portrait.png,source_material/imported_canon/approved_expressions/scarline/scarline_05_portrait.png,scarline_05_portrait.png,png,339337,6d3ff5e7c7c42d1c8cdb3b5ee5e1ba13e31e31d4ae9d51d204b0afbba7dbab53,2026-07-28T13:24:03+00:00,expression-art,authoritative,MZ-CHAR-006,,no,,none (byte-for-byte copy),"Approved expression library. Substantially overlaps approved_characters; duplicates are detected by hash and reported, not deleted."
canon-expressions,I:\MonkeyZoo Comic Strip\Fusion Squad\MonkeyZoo_Comic_Factory\03_APPROVED_CANON\approved_expressions\scarline\scarline_06_angry.png,source_material/imported_canon/approved_expressions/scarline/scarline_06_angry.png,scarline_06_angry.png,png,377970,161dc1ee32459131ccbb323b5dd2e35262479149fd5448459a19c722fb8333a7,2026-07-28T13:24:03+00:00,expression-art,authoritative,MZ-CHAR-006,,no,,none (byte-for-byte copy),"Approved expression library. Substantially overlaps approved_characters; duplicates are detected by hash and reported, not deleted."
canon-expressions,I:\MonkeyZoo Comic Strip\Fusion Squad\MonkeyZoo_Comic_Factory\03_APPROVED_CANON\approved_expressions\scarline\scarline_07_sad.png,source_material/imported_canon/approved_expressions/scarline/scarline_07_sad.png,scarline_07_sad.png,png,328295,138acd48e45b828efd64a68e7a9df82d410692a8d76c33628401bf808561c503,2026-07-28T13:24:03+00:00,expression-art,authoritative,MZ-CHAR-006,,no,,none (byte-for-byte copy),"Approved expression library. Substantially overlaps approved_characters; duplicates are detected by hash and reported, not deleted."
canon-expressions,I:\MonkeyZoo Comic Strip\Fusion Squad\MonkeyZoo_Comic_Factory\03_APPROVED_CANON\approved_expressions\scarline\scarline_08_shocked.png,source_material/imported_canon/approved_expressions/scarline/scarline_08_shocked.png,scarline_08_shocked.png,png,347079,bfbe791257b0a4ee5177e27347160b01eb49f08dd9672b0811c42019a188ca87,2026-07-28T13:24:03+00:00,expression-art,authoritative,MZ-CHAR-006,,no,,none (byte-for-byte copy),"Approved expression library. Substantially overlaps approved_characters; duplicates are detected by hash and reported, not deleted."
canon-expressions,I:\MonkeyZoo Comic Strip\Fusion Squad\MonkeyZoo_Comic_Factory\03_APPROVED_CANON\approved_expressions\scarline\scarline_09_smile.png,source_material/imported_canon/approved_expressions/scarline/scarline_09_smile.png,scarline_09_smile.png,png,388100,9edeef9cce5accfe566dc8f7c9d80a6fa459e5d5866c48cb82fda8d8f7d0a9f6,2026-07-28T13:24:03+00:00,expression-art,authoritative,MZ-CHAR-006,,no,,none (byte-for-byte copy),"Approved expression library. Substantially overlaps approved_characters; duplicates are detected by hash and reported, not deleted."
canon-expressions,I:\MonkeyZoo Comic Strip\Fusion Squad\MonkeyZoo_Comic_Factory\03_APPROVED_CANON\approved_expressions\scarline\scarline_10_walking.png,source_material/imported_canon/approved_expressions/scarline/scarline_10_walking.png,scarline_10_walking.png,png,340446,65d9b47d40ce6b23a60c0bb982f51d4700a49ac816e7230b412e827cc2a70549,2026-07-28T13:24:03+00:00,expression-art,authoritative,MZ-CHAR-006,,no,,none (byte-for-byte copy),"Approved expression library. Substantially overlaps approved_characters; duplicates are detected by hash and reported, not deleted."
canon-expressions,I:\MonkeyZoo Comic Strip\Fusion Squad\MonkeyZoo_Comic_Factory\03_APPROVED_CANON\approved_expressions\scarline\scarline_11_armscrossed.png,source_material/imported_canon/approved_expressions/scarline/scarline_11_armscrossed.png,scarline_11_armscrossed.png,png,338200,e745765f479bf176177e677b624aa5a92dec3ba2fdc3d1dad8716a665180994a,2026-07-28T13:24:03+00:00,expression-art,authoritative,MZ-CHAR-006,,no,,none (byte-for-byte copy),"Approved expression library. Substantially overlaps approved_characters; duplicates are detected by hash and reported, not deleted."
canon-expressions,I:\MonkeyZoo Comic Strip\Fusion Squad\MonkeyZoo_Comic_Factory\03_APPROVED_CANON\approved_expressions\scarline\scarline_12_sitting.png,source_material/imported_canon/approved_expressions/scarline/scarline_12_sitting.png,scarline_12_sitting.png,png,322797,21f50abc6377070dc96a06495a6b7a4dcc10f43e08034d67603e43c00886e6e1,2026-07-28T13:24:03+00:00,expression-art,authoritative,MZ-CHAR-006,,no,,none (byte-for-byte copy),"Approved expression library. Substantially overlaps approved_characters; duplicates are detected by hash and reported, not deleted."
canon-expressions,I:\MonkeyZoo Comic Strip\Fusion Squad\MonkeyZoo_Comic_Factory\03_APPROVED_CANON\approved_expressions\scarline\scarline_13_pointing.png,source_material/imported_canon/approved_expressions/scarline/scarline_13_pointing.png,scarline_13_pointing.png,png,325887,57f51ebe2356998816bc0ec49bcd06634615723f015607f2cea4a709f9845bc2,2026-07-28T13:24:03+00:00,expression-art,authoritative,MZ-CHAR-006,,no,,none (byte-for-byte copy),"Approved expression library. Substantially overlaps approved_characters; duplicates are detected by hash and reported, not deleted."
canon-expressions,I:\MonkeyZoo Comic Strip\Fusion Squad\MonkeyZoo_Comic_Factory\03_APPROVED_CANON\approved_expressions\scarline\scarline_14_shout.png,source_material/imported_canon/approved_expressions/scarline/scarline_14_shout.png,scarline_14_shout.png,png,349688,2f8b8bd3c04e2a61db614e4f0d128f512ab48523c6518d929df31728b52dafd2,2026-07-28T13:24:03+00:00,expression-art,authoritative,MZ-CHAR-006,,no,,none (byte-for-byte copy),"Approved expression library. Substantially overlaps approved_characters; duplicates are detected by hash and reported, not deleted."
canon-expressions,I:\MonkeyZoo Comic Strip\Fusion Squad\MonkeyZoo_Comic_Factory\03_APPROVED_CANON\approved_expressions\scarline\scarline_15_laughing.png,source_material/imported_canon/approved_expressions/scarline/scarline_15_laughing.png,scarline_15_laughing.png,png,369350,d28c14c5f113a79d07d3bf656a3ee69d395bed603f9554e713c6c70c8a582cd7,2026-07-28T13:24:03+00:00,expression-art,authoritative,MZ-CHAR-006,,no,source_material/imported_canon/approved_characters/scarline/scarline_15_laughing.png,none (byte-for-byte copy),"Approved expression library. Substantially overlaps approved_characters; duplicates are detected by hash and reported, not deleted."
canon-expressions,I:\MonkeyZoo Comic Strip\Fusion Squad\MonkeyZoo_Comic_Factory\03_APPROVED_CANON\approved_expressions\scarline\scarline_16_worried.png,source_material/imported_canon/approved_expressions/scarline/scarline_16_worried.png,scarline_16_worried.png,png,335262,2b57c58ed95c23f7a8d93ad54bfdf8f59f973ebee403fd97225a79769d7fdfd0,2026-07-28T13:24:03+00:00,expression-art,authoritative,MZ-CHAR-006,,no,source_material/imported_canon/approved_characters/scarline/scarline_16_worried.png,none (byte-for-byte copy),"Approved expression library. Substantially overlaps approved_characters; duplicates are detected by hash and reported, not deleted."
canon-expressions,I:\MonkeyZoo Comic Strip\Fusion Squad\MonkeyZoo_Comic_Factory\03_APPROVED_CANON\approved_expressions\scarline\scarline_17_disgusted.png,source_material/imported_canon/approved_expressions/scarline/scarline_17_disgusted.png,scarline_17_disgusted.png,png,350853,6ebc1883ed6f9fd940addb119f21ec275dc7bc6f205c3501e73eb6f67f8ff880,2026-07-28T13:24:03+00:00,expression-art,authoritative,MZ-CHAR-006,,no,source_material/imported_canon/approved_characters/scarline/scarline_17_disgusted.png,none (byte-for-byte copy),"Approved expression library. Substantially overlaps approved_characters; duplicates are detected by hash and reported, not deleted."
canon-expressions,I:\MonkeyZoo Comic Strip\Fusion Squad\MonkeyZoo_Comic_Factory\03_APPROVED_CANON\approved_expressions\scarline\scarline_18_sleepy.png,source_material/imported_canon/approved_expressions/scarline/scarline_18_sleepy.png,scarline_18_sleepy.png,png,317764,124a0655ea5f6e0c357c51478611ccfa795e07271fe20bb54e1ec29af39d2064,2026-07-28T13:24:03+00:00,expression-art,authoritative,MZ-CHAR-006,,no,source_material/imported_canon/approved_characters/scarline/scarline_18_sleepy.png,none (byte-for-byte copy),"Approved expression library. Substantially overlaps approved_characters; duplicates are detected by hash and reported, not deleted."
canon-expressions,I:\MonkeyZoo Comic Strip\Fusion Squad\MonkeyZoo_Comic_Factory\03_APPROVED_CANON\approved_expressions\scarline\scarline_19_determined.png,source_material/imported_canon/approved_expressions/scarline/scarline_19_determined.png,scarline_19_determined.png,png,353497,0318905924503a8a6d8b2a68291a25be6f1ce374413af66e94d2ae47c149df1f,2026-07-28T13:24:03+00:00,expression-art,authoritative,MZ-CHAR-006,,no,source_material/imported_canon/approved_characters/scarline/scarline_19_determined.png,none (byte-for-byte copy),"Approved expression library. Substantially overlaps approved_characters; duplicates are detected by hash and reported, not deleted."
canon-expressions,I:\MonkeyZoo Comic Strip\Fusion Squad\MonkeyZoo_Comic_Factory\03_APPROVED_CANON\approved_expressions\scarline\scarline_20_confused.png,source_material/imported_canon/approved_expressions/scarline/scarline_20_confused.png,scarline_20_confused.png,png,327207,4cc500abac74ed73f3dcf3e0b84fdb8e2d4d4b259e02e896936077c0e8c10cc4,2026-07-28T13:24:03+00:00,expression-art,authoritative,MZ-CHAR-006,,no,source_material/imported_canon/approved_characters/scarline/scarline_20_confused.png,none (byte-for-byte copy),"Approved expression library. Substantially overlaps approved_characters; duplicates are detected by hash and reported, not deleted."
canon-expressions,I:\MonkeyZoo Comic Strip\Fusion Squad\MonkeyZoo_Comic_Factory\03_APPROVED_CANON\approved_expressions\scarline\scarline_21_running.png,source_material/imported_canon/approved_expressions/scarline/scarline_21_running.png,scarline_21_running.png,png,319424,6d7874406136103bb6f279ccce3e3ccb0da34657852303bd6142dca9c4f2b7c3,2026-07-28T13:24:03+00:00,expression-art,authoritative,MZ-CHAR-006,,no,source_material/imported_canon/approved_characters/scarline/scarline_21_running.png,none (byte-for-byte copy),"Approved expression library. Substantially overlaps approved_characters; duplicates are detected by hash and reported, not deleted."
canon-expressions,I:\MonkeyZoo Comic Strip\Fusion Squad\MonkeyZoo_Comic_Factory\03_APPROVED_CANON\approved_expressions\scarline\scarline_22_jumping.png,source_material/imported_canon/approved_expressions/scarline/scarline_22_jumping.png,scarline_22_jumping.png,png,324784,d0ba801903d5024934d0c6dab0cfb10f5e48aa569c2010c717b7e91b21666bb8,2026-07-28T13:24:03+00:00,expression-art,authoritative,MZ-CHAR-006,,no,source_material/imported_canon/approved_characters/scarline/scarline_22_jumping.png,none (byte-for-byte copy),"Approved expression library. Substantially overlaps approved_characters; duplicates are detected by hash and reported, not deleted."
canon-expressions,I:\MonkeyZoo Comic Strip\Fusion Squad\MonkeyZoo_Comic_Factory\03_APPROVED_CANON\approved_expressions\scarline\scarline_23_waving.png,source_material/imported_canon/approved_expressions/scarline/scarline_23_waving.png,scarline_23_waving.png,png,333818,57f92b18f8daa0a1c777dbbc6d9bfed08b3e6cefda899b3b049b6a6208d0ca9b,2026-07-28T13:24:03+00:00,expression-art,authoritative,MZ-CHAR-006,,no,source_material/imported_canon/approved_characters/scarline/scarline_23_waving.png,none (byte-for-byte copy),"Approved expression library. Substantially overlaps approved_characters; duplicates are detected by hash and reported, not deleted."
canon-expressions,I:\MonkeyZoo Comic Strip\Fusion Squad\MonkeyZoo_Comic_Factory\03_APPROVED_CANON\approved_expressions\scarline\scarline_24_thinking.png,source_material/imported_canon/approved_expressions/scarline/scarline_24_thinking.png,scarline_24_thinking.png,png,343509,ffb13320384b972adcd9ed50a789f84699e142ca4061969e16a5e0ed05e47b07,2026-07-28T13:24:03+00:00,expression-art,authoritative,MZ-CHAR-006,,no,source_material/imported_canon/approved_characters/scarline/scarline_24_thinking.png,none (byte-for-byte copy),"Approved expression library. Substantially overlaps approved_characters; duplicates are detected by hash and reported, not deleted."
canon-expressions,I:\MonkeyZoo Comic Strip\Fusion Squad\MonkeyZoo_Comic_Factory\03_APPROVED_CANON\approved_expressions\scarline\scarline_25_crouching.png,source_material/imported_canon/approved_expressions/scarline/scarline_25_crouching.png,scarline_25_crouching.png,png,324148,51050ac389502c4bb97d49366b8b005fdc4dd2321906983a48000344e8c24f5a,2026-07-28T13:24:03+00:00,expression-art,authoritative,MZ-CHAR-006,,no,source_material/imported_canon/approved_characters/scarline/scarline_25_crouching.png,none (byte-for-byte copy),"Approved expression library. Substantially overlaps approved_characters; duplicates are detected by hash and reported, not deleted."
canon-expressions,I:\MonkeyZoo Comic Strip\Fusion Squad\MonkeyZoo_Comic_Factory\03_APPROVED_CANON\approved_expressions\scarline\scarline_26_reaching.png,source_material/imported_canon/approved_expressions/scarline/scarline_26_reaching.png,scarline_26_reaching.png,png,328955,483b7e11d508ae0080f0a309f0bbea55701175196bda89a8a73e02566cf5aed8,2026-07-28T13:24:03+00:00,expression-art,authoritative,MZ-CHAR-006,,no,source_material/imported_canon/approved_characters/scarline/scarline_26_reaching.png,none (byte-for-byte copy),"Approved expression library. Substantially overlaps approved_characters; duplicates are detected by hash and reported, not deleted."
canon-expressions,I:\MonkeyZoo Comic Strip\Fusion Squad\MonkeyZoo_Comic_Factory\03_APPROVED_CANON\approved_expressions\scarline\scarline_27_defeated.png,source_material/imported_canon/approved_expressions/scarline/scarline_27_defeated.png,scarline_27_defeated.png,png,321196,24818f23f15e759561f19259aaaf405df94c802f2f743c6de8b28394d8fa7aa7,2026-07-28T13:24:03+00:00,expression-art,authoritative,MZ-CHAR-006,,no,source_material/imported_canon/approved_characters/scarline/scarline_27_defeated.png,none (byte-for-byte copy),"Approved expression library. Substantially overlaps approved_characters; duplicates are detected by hash and reported, not deleted."
canon-expressions,I:\MonkeyZoo Comic Strip\Fusion Squad\MonkeyZoo_Comic_Factory\03_APPROVED_CANON\approved_expressions\scarline\scarline_28_celebrating.png,source_material/imported_canon/approved_expressions/scarline/scarline_28_celebrating.png,scarline_28_celebrating.png,png,351769,71af28dc5c249e6688335d0c7c9ee686e335fe9f2016655abc89dbdfa9404a42,2026-07-28T13:24:03+00:00,expression-art,authoritative,MZ-CHAR-006,,no,source_material/imported_canon/approved_characters/scarline/scarline_28_celebrating.png,none (byte-for-byte copy),"Approved expression library. Substantially overlaps approved_characters; duplicates are detected by hash and reported, not deleted."
canon-expressions,I:\MonkeyZoo Comic Strip\Fusion Squad\MonkeyZoo_Comic_Factory\03_APPROVED_CANON\approved_expressions\scarline\scarline_29_lookingup.png,source_material/imported_canon/approved_expressions/scarline/scarline_29_lookingup.png,scarline_29_lookingup.png,png,368643,7d0a7eafc576fb3caae6345a3112ec75db22af28274bd86c1d5f8ab6aa05fdac,2026-07-28T13:24:03+00:00,expression-art,authoritative,MZ-CHAR-006,,no,source_material/imported_canon/approved_characters/scarline/scarline_29_lookingup.png,none (byte-for-byte copy),"Approved expression library. Substantially overlaps approved_characters; duplicates are detected by hash and reported, not deleted."
canon-expressions,I:\MonkeyZoo Comic Strip\Fusion Squad\MonkeyZoo_Comic_Factory\03_APPROVED_CANON\approved_expressions\scarline\scarline_30_backview.png,source_material/imported_canon/approved_expressions/scarline/scarline_30_backview.png,scarline_30_backview.png,png,319582,555b316a7d5af8d61334de2d25ba8d02725f7a24d66355d9a2679cb8122de438,2026-07-28T13:24:03+00:00,expression-art,authoritative,MZ-CHAR-006,,no,source_material/imported_canon/approved_characters/scarline/scarline_30_backview.png,none (byte-for-byte copy),"Approved expression library. Substantially overlaps approved_characters; duplicates are detected by hash and reported, not deleted."
canon-expressions,I:\MonkeyZoo Comic Strip\Fusion Squad\MonkeyZoo_Comic_Factory\03_APPROVED_CANON\approved_expressions\static\static_00_clean_base.png,source_material/imported_canon/approved_expressions/static/static_00_clean_base.png,static_00_clean_base.png,png,519853,be693cbf7bd69844dfde86049291416951bf93ef5c966d1d4bc0e9d861f19373,2026-07-28T13:24:03+00:00,expression-art,authoritative,MZ-CHAR-003,,no,source_material/imported_canon/approved_characters/static/static_00_clean_base.png,none (byte-for-byte copy),"Approved expression library. Substantially overlaps approved_characters; duplicates are detected by hash and reported, not deleted."
canon-expressions,I:\MonkeyZoo Comic Strip\Fusion Squad\MonkeyZoo_Comic_Factory\03_APPROVED_CANON\approved_expressions\static\static_01_neutral.png,source_material/imported_canon/approved_expressions/static/static_01_neutral.png,static_01_neutral.png,png,519853,be693cbf7bd69844dfde86049291416951bf93ef5c966d1d4bc0e9d861f19373,2026-07-28T13:24:03+00:00,expression-art,authoritative,MZ-CHAR-003,,no,source_material/imported_canon/approved_characters/static/static_00_clean_base.png,none (byte-for-byte copy),"Approved expression library. Substantially overlaps approved_characters; duplicates are detected by hash and reported, not deleted."
canon-expressions,I:\MonkeyZoo Comic Strip\Fusion Squad\MonkeyZoo_Comic_Factory\03_APPROVED_CANON\approved_expressions\static\static_02_threeqtr.png,source_material/imported_canon/approved_expressions/static/static_02_threeqtr.png,static_02_threeqtr.png,png,561386,ade9744b36968a2eb56de7b6aaf98eaf9ac16cc3e9f170b8504ad56b99375118,2026-07-28T13:24:03+00:00,expression-art,authoritative,MZ-CHAR-003,,no,,none (byte-for-byte copy),"Approved expression library. Substantially overlaps approved_characters; duplicates are detected by hash and reported, not deleted."
canon-expressions,I:\MonkeyZoo Comic Strip\Fusion Squad\MonkeyZoo_Comic_Factory\03_APPROVED_CANON\approved_expressions\static\static_03_profile.png,source_material/imported_canon/approved_expressions/static/static_03_profile.png,static_03_profile.png,png,498991,457f2fbdf8918e4d6d5920179d7ff04932cff61a9c91fa3020f2e7bf32108b8e,2026-07-28T13:24:03+00:00,expression-art,authoritative,MZ-CHAR-003,,no,,none (byte-for-byte copy),"Approved expression library. Substantially overlaps approved_characters; duplicates are detected by hash and reported, not deleted."
canon-expressions,I:\MonkeyZoo Comic Strip\Fusion Squad\MonkeyZoo_Comic_Factory\03_APPROVED_CANON\approved_expressions\static\static_04_overshoulder.png,source_material/imported_canon/approved_expressions/static/static_04_overshoulder.png,static_04_overshoulder.png,png,507018,6b80105295c355853a827aee4de0fb6d732e7fcb781139938e88d5250330ebdc,2026-07-28T13:24:03+00:00,expression-art,authoritative,MZ-CHAR-003,,no,,none (byte-for-byte copy),"Approved expression library. Substantially overlaps approved_characters; duplicates are detected by hash and reported, not deleted."
canon-expressions,I:\MonkeyZoo Comic Strip\Fusion Squad\MonkeyZoo_Comic_Factory\03_APPROVED_CANON\approved_expressions\static\static_05_portrait.png,source_material/imported_canon/approved_expressions/static/static_05_portrait.png,static_05_portrait.png,png,503853,46fb50574454350455dccbeb86947631a952757cb31976f33ca66b68cbf796dc,2026-07-28T13:24:03+00:00,expression-art,authoritative,MZ-CHAR-003,,no,,none (byte-for-byte copy),"Approved expression library. Substantially overlaps approved_characters; duplicates are detected by hash and reported, not deleted."
canon-expressions,I:\MonkeyZoo Comic Strip\Fusion Squad\MonkeyZoo_Comic_Factory\03_APPROVED_CANON\approved_expressions\static\static_06_angry.png,source_material/imported_canon/approved_expressions/static/static_06_angry.png,static_06_angry.png,png,601105,71fa6703e1b28fa75837c75a17adafdb39e441472be491fb693c9d4800e08a27,2026-07-28T13:24:03+00:00,expression-art,authoritative,MZ-CHAR-003,,no,,none (byte-for-byte copy),"Approved expression library. Substantially overlaps approved_characters; duplicates are detected by hash and reported, not deleted."
canon-expressions,I:\MonkeyZoo Comic Strip\Fusion Squad\MonkeyZoo_Comic_Factory\03_APPROVED_CANON\approved_expressions\static\static_07_sad.png,source_material/imported_canon/approved_expressions/static/static_07_sad.png,static_07_sad.png,png,563353,f67b155712da285da0eaaa25d19f7e4193abce57d5847068b18e2cbb87397bee,2026-07-28T13:24:03+00:00,expression-art,authoritative,MZ-CHAR-003,,no,,none (byte-for-byte copy),"Approved expression library. Substantially overlaps approved_characters; duplicates are detected by hash and reported, not deleted."
canon-expressions,I:\MonkeyZoo Comic Strip\Fusion Squad\MonkeyZoo_Comic_Factory\03_APPROVED_CANON\approved_expressions\static\static_08_shocked.png,source_material/imported_canon/approved_expressions/static/static_08_shocked.png,static_08_shocked.png,png,537475,70e84887640855c3cde912099d39874604d4f383638a0de46c9af97387c947b7,2026-07-28T13:24:03+00:00,expression-art,authoritative,MZ-CHAR-003,,no,,none (byte-for-byte copy),"Approved expression library. Substantially overlaps approved_characters; duplicates are detected by hash and reported, not deleted."
canon-expressions,I:\MonkeyZoo Comic Strip\Fusion Squad\MonkeyZoo_Comic_Factory\03_APPROVED_CANON\approved_expressions\static\static_09_smile.png,source_material/imported_canon/approved_expressions/static/static_09_smile.png,static_09_smile.png,png,525625,edfd1ed3520a43344945242b39b637967eee68c8ac038ddf52b531946f23e2c8,2026-07-28T13:24:03+00:00,expression-art,authoritative,MZ-CHAR-003,,no,,none (byte-for-byte copy),"Approved expression library. Substantially overlaps approved_characters; duplicates are detected by hash and reported, not deleted."
canon-expressions,I:\MonkeyZoo Comic Strip\Fusion Squad\MonkeyZoo_Comic_Factory\03_APPROVED_CANON\approved_expressions\static\static_10_walking.png,source_material/imported_canon/approved_expressions/static/static_10_walking.png,static_10_walking.png,png,535807,05ab9fbf553d1ad4fef2233f25caa257313f64796f9f3f4748ecc873cb20a4d2,2026-07-28T13:24:03+00:00,expression-art,authoritative,MZ-CHAR-003,,no,,none (byte-for-byte copy),"Approved expression library. Substantially overlaps approved_characters; duplicates are detected by hash and reported, not deleted."
canon-expressions,I:\MonkeyZoo Comic Strip\Fusion Squad\MonkeyZoo_Comic_Factory\03_APPROVED_CANON\approved_expressions\static\static_11_armscrossed.png,source_material/imported_canon/approved_expressions/static/static_11_armscrossed.png,static_11_armscrossed.png,png,507887,cc8e246531d42ade0b587089567b62dc837f2ed1941bf27d92a7cda2fb9c7e02,2026-07-28T13:24:03+00:00,expression-art,authoritative,MZ-CHAR-003,,no,,none (byte-for-byte copy),"Approved expression library. Substantially overlaps approved_characters; duplicates are detected by hash and reported, not deleted."
canon-expressions,I:\MonkeyZoo Comic Strip\Fusion Squad\MonkeyZoo_Comic_Factory\03_APPROVED_CANON\approved_expressions\static\static_12_sitting.png,source_material/imported_canon/approved_expressions/static/static_12_sitting.png,static_12_sitting.png,png,522413,bf242a56c8a67d6bfdbac263e39a678aae70be9658314c8af347e62a49c8cf1d,2026-07-28T13:24:03+00:00,expression-art,authoritative,MZ-CHAR-003,,no,,none (byte-for-byte copy),"Approved expression library. Substantially overlaps approved_characters; duplicates are detected by hash and reported, not deleted."
canon-expressions,I:\MonkeyZoo Comic Strip\Fusion Squad\MonkeyZoo_Comic_Factory\03_APPROVED_CANON\approved_expressions\static\static_13_pointing.png,source_material/imported_canon/approved_expressions/static/static_13_pointing.png,static_13_pointing.png,png,523637,d3b772199f5aa80414316e57a22b22f06bf4021884c8317983e52b98a62380b8,2026-07-28T13:24:03+00:00,expression-art,authoritative,MZ-CHAR-003,,no,,none (byte-for-byte copy),"Approved expression library. Substantially overlaps approved_characters; duplicates are detected by hash and reported, not deleted."
canon-expressions,I:\MonkeyZoo Comic Strip\Fusion Squad\MonkeyZoo_Comic_Factory\03_APPROVED_CANON\approved_expressions\static\static_14_shout.png,source_material/imported_canon/approved_expressions/static/static_14_shout.png,static_14_shout.png,png,590827,184fe828171a64b7bdac01bfec18979981f226235f6b2e6496997d043465ea5d,2026-07-28T13:24:03+00:00,expression-art,authoritative,MZ-CHAR-003,,no,source_material/imported_canon/approved_characters/static/static_14_shout.png,none (byte-for-byte copy),"Approved expression library. Substantially overlaps approved_characters; duplicates are detected by hash and reported, not deleted."
canon-expressions,I:\MonkeyZoo Comic Strip\Fusion Squad\MonkeyZoo_Comic_Factory\03_APPROVED_CANON\approved_expressions\static\static_15_laughing.png,source_material/imported_canon/approved_expressions/static/static_15_laughing.png,static_15_laughing.png,png,546546,2bbacc4db03d840be70d242e715b2c093956ad7d6b9aeafbb0bfa40202227198,2026-07-28T13:24:03+00:00,expression-art,authoritative,MZ-CHAR-003,,no,source_material/imported_canon/approved_characters/static/static_15_laughing.png,none (byte-for-byte copy),"Approved expression library. Substantially overlaps approved_characters; duplicates are detected by hash and reported, not deleted."
canon-expressions,I:\MonkeyZoo Comic Strip\Fusion Squad\MonkeyZoo_Comic_Factory\03_APPROVED_CANON\approved_expressions\static\static_16_worried.png,source_material/imported_canon/approved_expressions/static/static_16_worried.png,static_16_worried.png,png,522646,c7b5ed7cf4161dc8ebfa4c32b4fd765866a429f57acabecca2b83418c262af20,2026-07-28T13:24:03+00:00,expression-art,authoritative,MZ-CHAR-003,,no,source_material/imported_canon/approved_characters/static/static_16_worried.png,none (byte-for-byte copy),"Approved expression library. Substantially overlaps approved_characters; duplicates are detected by hash and reported, not deleted."
canon-expressions,I:\MonkeyZoo Comic Strip\Fusion Squad\MonkeyZoo_Comic_Factory\03_APPROVED_CANON\approved_expressions\static\static_17_disgusted.png,source_material/imported_canon/approved_expressions/static/static_17_disgusted.png,static_17_disgusted.png,png,566121,9406d7977c6efa9cae74cf22540819d3507ba5deed343262ca9237124eff8193,2026-07-28T13:24:03+00:00,expression-art,authoritative,MZ-CHAR-003,,no,source_material/imported_canon/approved_characters/static/static_17_disgusted.png,none (byte-for-byte copy),"Approved expression library. Substantially overlaps approved_characters; duplicates are detected by hash and reported, not deleted."
canon-expressions,I:\MonkeyZoo Comic Strip\Fusion Squad\MonkeyZoo_Comic_Factory\03_APPROVED_CANON\approved_expressions\static\static_18_sleepy.png,source_material/imported_canon/approved_expressions/static/static_18_sleepy.png,static_18_sleepy.png,png,563531,168d24cf68d1211f13ce810c089114fb003932fb707bccaeca2291af08a54144,2026-07-28T13:24:03+00:00,expression-art,authoritative,MZ-CHAR-003,,no,source_material/imported_canon/approved_characters/static/static_18_sleepy.png,none (byte-for-byte copy),"Approved expression library. Substantially overlaps approved_characters; duplicates are detected by hash and reported, not deleted."
canon-expressions,I:\MonkeyZoo Comic Strip\Fusion Squad\MonkeyZoo_Comic_Factory\03_APPROVED_CANON\approved_expressions\static\static_19_determined.png,source_material/imported_canon/approved_expressions/static/static_19_determined.png,static_19_determined.png,png,534906,2a76ae52f74c6fdd395b4970aaa9810602f151fc5e969bb9e913a6e610635b8a,2026-07-28T13:24:03+00:00,expression-art,authoritative,MZ-CHAR-003,,no,source_material/imported_canon/approved_characters/static/static_19_determined.png,none (byte-for-byte copy),"Approved expression library. Substantially overlaps approved_characters; duplicates are detected by hash and reported, not deleted."
canon-expressions,I:\MonkeyZoo Comic Strip\Fusion Squad\MonkeyZoo_Comic_Factory\03_APPROVED_CANON\approved_expressions\static\static_20_confused.png,source_material/imported_canon/approved_expressions/static/static_20_confused.png,static_20_confused.png,png,525125,e69f66320bf8bba4dba50bb12eabc22d71e595221cf7216bdcc63200f17bc457,2026-07-28T13:24:03+00:00,expression-art,authoritative,MZ-CHAR-003,,no,source_material/imported_canon/approved_characters/static/static_20_confused.png,none (byte-for-byte copy),"Approved expression library. Substantially overlaps approved_characters; duplicates are detected by hash and reported, not deleted."
canon-expressions,I:\MonkeyZoo Comic Strip\Fusion Squad\MonkeyZoo_Comic_Factory\03_APPROVED_CANON\approved_expressions\static\static_21_running.png,source_material/imported_canon/approved_expressions/static/static_21_running.png,static_21_running.png,png,568799,da585bda0d371dcd4e53e3668dea2eed386e1b06e0bfe82b04ff1a3d915c5011,2026-07-28T13:24:03+00:00,expression-art,authoritative,MZ-CHAR-003,,no,source_material/imported_canon/approved_characters/static/static_21_running.png,none (byte-for-byte copy),"Approved expression library. Substantially overlaps approved_characters; duplicates are detected by hash and reported, not deleted."
canon-expressions,I:\MonkeyZoo Comic Strip\Fusion Squad\MonkeyZoo_Comic_Factory\03_APPROVED_CANON\approved_expressions\static\static_22_jumping.png,source_material/imported_canon/approved_expressions/static/static_22_jumping.png,static_22_jumping.png,png,587867,6d5485c4a25823b7550b95d506749871b86705abb5f18fac0542087cf86780a6,2026-07-28T13:24:03+00:00,expression-art,authoritative,MZ-CHAR-003,,no,source_material/imported_canon/approved_characters/static/static_22_jumping.png,none (byte-for-byte copy),"Approved expression library. Substantially overlaps approved_characters; duplicates are detected by hash and reported, not deleted."
canon-expressions,I:\MonkeyZoo Comic Strip\Fusion Squad\MonkeyZoo_Comic_Factory\03_APPROVED_CANON\approved_expressions\static\static_23_waving.png,source_material/imported_canon/approved_expressions/static/static_23_waving.png,static_23_waving.png,png,630552,7e1a2a87cc7416e89d5aeb370cc1d4d32ebd1165bc5127091f274b92f184686d,2026-07-28T13:24:03+00:00,expression-art,authoritative,MZ-CHAR-003,,no,source_material/imported_canon/approved_characters/static/static_23_waving.png,none (byte-for-byte copy),"Approved expression library. Substantially overlaps approved_characters; duplicates are detected by hash and reported, not deleted."
canon-expressions,I:\MonkeyZoo Comic Strip\Fusion Squad\MonkeyZoo_Comic_Factory\03_APPROVED_CANON\approved_expressions\static\static_24_thinking.png,source_material/imported_canon/approved_expressions/static/static_24_thinking.png,static_24_thinking.png,png,543102,fa39519bf120b8641901a4f25e335d5f04844fa58f0be3a136578d7db6ff4f84,2026-07-28T13:24:03+00:00,expression-art,authoritative,MZ-CHAR-003,,no,source_material/imported_canon/approved_characters/static/static_24_thinking.png,none (byte-for-byte copy),"Approved expression library. Substantially overlaps approved_characters; duplicates are detected by hash and reported, not deleted."
canon-expressions,I:\MonkeyZoo Comic Strip\Fusion Squad\MonkeyZoo_Comic_Factory\03_APPROVED_CANON\approved_expressions\static\static_25_crouching.png,source_material/imported_canon/approved_expressions/static/static_25_crouching.png,static_25_crouching.png,png,535313,72a2b9e7fa36b8fffd54d40581ad16b045c63d450edc661375c683947951331d,2026-07-28T13:24:03+00:00,expression-art,authoritative,MZ-CHAR-003,,no,source_material/imported_canon/approved_characters/static/static_25_crouching.png,none (byte-for-byte copy),"Approved expression library. Substantially overlaps approved_characters; duplicates are detected by hash and reported, not deleted."
canon-expressions,I:\MonkeyZoo Comic Strip\Fusion Squad\MonkeyZoo_Comic_Factory\03_APPROVED_CANON\approved_expressions\static\static_26_reaching.png,source_material/imported_canon/approved_expressions/static/static_26_reaching.png,static_26_reaching.png,png,588946,a9c4183d1077172690e1e6bb798e421608d4a864fb001ac40db109cd2ece41ca,2026-07-28T13:24:03+00:00,expression-art,authoritative,MZ-CHAR-003,,no,source_material/imported_canon/approved_characters/static/static_26_reaching.png,none (byte-for-byte copy),"Approved expression library. Substantially overlaps approved_characters; duplicates are detected by hash and reported, not deleted."
canon-expressions,I:\MonkeyZoo Comic Strip\Fusion Squad\MonkeyZoo_Comic_Factory\03_APPROVED_CANON\approved_expressions\static\static_27_defeated.png,source_material/imported_canon/approved_expressions/static/static_27_defeated.png,static_27_defeated.png,png,514995,3c2eb2eed9d3b66ca0784e6ec6e546fe7e35403d3276af517ea73e38d3d92504,2026-07-28T13:24:03+00:00,expression-art,authoritative,MZ-CHAR-003,,no,source_material/imported_canon/approved_characters/static/static_27_defeated.png,none (byte-for-byte copy),"Approved expression library. Substantially overlaps approved_characters; duplicates are detected by hash and reported, not deleted."
canon-expressions,I:\MonkeyZoo Comic Strip\Fusion Squad\MonkeyZoo_Comic_Factory\03_APPROVED_CANON\approved_expressions\static\static_28_celebrating.png,source_material/imported_canon/approved_expressions/static/static_28_celebrating.png,static_28_celebrating.png,png,649382,c46596d3f733f3123067c98c43d81a9a7d625c1a626f2a2279bf5f5ef0ea7a72,2026-07-28T13:24:03+00:00,expression-art,authoritative,MZ-CHAR-003,,no,source_material/imported_canon/approved_characters/static/static_28_celebrating.png,none (byte-for-byte copy),"Approved expression library. Substantially overlaps approved_characters; duplicates are detected by hash and reported, not deleted."
canon-expressions,I:\MonkeyZoo Comic Strip\Fusion Squad\MonkeyZoo_Comic_Factory\03_APPROVED_CANON\approved_expressions\static\static_29_lookingup.png,source_material/imported_canon/approved_expressions/static/static_29_lookingup.png,static_29_lookingup.png,png,551689,8ce8f3509eaa255416ad92b49bd56195f09f8331a3999c428e0610c834952d06,2026-07-28T13:24:03+00:00,expression-art,authoritative,MZ-CHAR-003,,no,source_material/imported_canon/approved_characters/static/static_29_lookingup.png,none (byte-for-byte copy),"Approved expression library. Substantially overlaps approved_characters; duplicates are detected by hash and reported, not deleted."
canon-expressions,I:\MonkeyZoo Comic Strip\Fusion Squad\MonkeyZoo_Comic_Factory\03_APPROVED_CANON\approved_expressions\static\static_30_backview.png,source_material/imported_canon/approved_expressions/static/static_30_backview.png,static_30_backview.png,png,503444,f9cb0ca493de18eacd226146c28a178d871e0c641d58890c221720e3965344a6,2026-07-28T13:24:03+00:00,expression-art,authoritative,MZ-CHAR-003,,no,source_material/imported_canon/approved_characters/static/static_30_backview.png,none (byte-for-byte copy),"Approved expression library. Substantially overlaps approved_characters; duplicates are detected by hash and reported, not deleted."
canon-expressions,I:\MonkeyZoo Comic Strip\Fusion Squad\MonkeyZoo_Comic_Factory\03_APPROVED_CANON\approved_expressions\super\super_00_clean_base.png,source_material/imported_canon/approved_expressions/super/super_00_clean_base.png,super_00_clean_base.png,png,386238,255dd9a9a43af34cd8cb361c8bcbd672fc7f5cdaab38028b5579e51e956cb62f,2026-07-28T13:24:03+00:00,expression-art,authoritative,MZ-CHAR-SUPER,,no,source_material/imported_canon/approved_characters/super/super_00_clean_base.png,none (byte-for-byte copy),"Approved expression library. Substantially overlaps approved_characters; duplicates are detected by hash and reported, not deleted."
canon-expressions,I:\MonkeyZoo Comic Strip\Fusion Squad\MonkeyZoo_Comic_Factory\03_APPROVED_CANON\approved_expressions\super\super_01_neutral.png,source_material/imported_canon/approved_expressions/super/super_01_neutral.png,super_01_neutral.png,png,386238,255dd9a9a43af34cd8cb361c8bcbd672fc7f5cdaab38028b5579e51e956cb62f,2026-07-28T13:24:03+00:00,expression-art,authoritative,MZ-CHAR-SUPER,,no,source_material/imported_canon/approved_characters/super/super_00_clean_base.png,none (byte-for-byte copy),"Approved expression library. Substantially overlaps approved_characters; duplicates are detected by hash and reported, not deleted."
canon-expressions,I:\MonkeyZoo Comic Strip\Fusion Squad\MonkeyZoo_Comic_Factory\03_APPROVED_CANON\approved_expressions\super\super_02_threeqtr.png,source_material/imported_canon/approved_expressions/super/super_02_threeqtr.png,super_02_threeqtr.png,png,444873,35a408857c42595f8c8c6557b6265b85412bff8571a6ee4f5d5d4a32794dac70,2026-07-28T13:24:03+00:00,expression-art,authoritative,MZ-CHAR-SUPER,,no,source_material/imported_canon/approved_characters/super/super_02_threeqtr.png,none (byte-for-byte copy),"Approved expression library. Substantially overlaps approved_characters; duplicates are detected by hash and reported, not deleted."
canon-expressions,I:\MonkeyZoo Comic Strip\Fusion Squad\MonkeyZoo_Comic_Factory\03_APPROVED_CANON\approved_expressions\super\super_03_profile.png,source_material/imported_canon/approved_expressions/super/super_03_profile.png,super_03_profile.png,png,394223,59f356f2e3bade7361a4d5d08ff8eefbf66c07648b392b76b5c8bdfe4ce0796c,2026-07-28T13:24:03+00:00,expression-art,authoritative,MZ-CHAR-SUPER,,no,source_material/imported_canon/approved_characters/super/super_03_profile.png,none (byte-for-byte copy),"Approved expression library. Substantially overlaps approved_characters; duplicates are detected by hash and reported, not deleted."
canon-expressions,I:\MonkeyZoo Comic Strip\Fusion Squad\MonkeyZoo_Comic_Factory\03_APPROVED_CANON\approved_expressions\super\super_04_overshoulder.png,source_material/imported_canon/approved_expressions/super/super_04_overshoulder.png,super_04_overshoulder.png,png,441395,5157665b4a9fdc6612ffd52b5aa9c4fc102623e6cb7b36fb7b3954731c36dde0,2026-07-28T13:24:03+00:00,expression-art,authoritative,MZ-CHAR-SUPER,,no,source_material/imported_canon/approved_characters/super/super_04_overshoulder.png,none (byte-for-byte copy),"Approved expression library. Substantially overlaps approved_characters; duplicates are detected by hash and reported, not deleted."
canon-expressions,I:\MonkeyZoo Comic Strip\Fusion Squad\MonkeyZoo_Comic_Factory\03_APPROVED_CANON\approved_expressions\super\super_05_portrait.png,source_material/imported_canon/approved_expressions/super/super_05_portrait.png,super_05_portrait.png,png,520190,1a249406e9f9ecb320b63b973f8f4e096bdeda6ffa7c2577dda42b957627e3f1,2026-07-28T13:24:03+00:00,expression-art,authoritative,MZ-CHAR-SUPER,,no,source_material/imported_canon/approved_characters/super/super_05_portrait.png,none (byte-for-byte copy),"Approved expression library. Substantially overlaps approved_characters; duplicates are detected by hash and reported, not deleted."
canon-expressions,I:\MonkeyZoo Comic Strip\Fusion Squad\MonkeyZoo_Comic_Factory\03_APPROVED_CANON\approved_expressions\super\super_06_angry.png,source_material/imported_canon/approved_expressions/super/super_06_angry.png,super_06_angry.png,png,520611,78c45fe9a87385b2f8c592a1b33394d1e1e970adea6b1000739c017004920f34,2026-07-28T13:24:03+00:00,expression-art,authoritative,MZ-CHAR-SUPER,,no,source_material/imported_canon/approved_characters/super/super_06_angry.png,none (byte-for-byte copy),"Approved expression library. Substantially overlaps approved_characters; duplicates are detected by hash and reported, not deleted."
canon-expressions,I:\MonkeyZoo Comic Strip\Fusion Squad\MonkeyZoo_Comic_Factory\03_APPROVED_CANON\approved_expressions\super\super_07_sad.png,source_material/imported_canon/approved_expressions/super/super_07_sad.png,super_07_sad.png,png,450345,3c95701dc74598f6c232fe769372bcafe0ffe55e1ed0b097b4d89fd8890130b1,2026-07-28T13:24:03+00:00,expression-art,authoritative,MZ-CHAR-SUPER,,no,source_material/imported_canon/approved_characters/super/super_07_sad.png,none (byte-for-byte copy),"Approved expression library. Substantially overlaps approved_characters; duplicates are detected by hash and reported, not deleted."
canon-expressions,I:\MonkeyZoo Comic Strip\Fusion Squad\MonkeyZoo_Comic_Factory\03_APPROVED_CANON\approved_expressions\super\super_08_shocked.png,source_material/imported_canon/approved_expressions/super/super_08_shocked.png,super_08_shocked.png,png,495543,5011365107a142ca950cb9046de88e00f3879fc3111fc5289899f254fd4ad665,2026-07-28T13:24:03+00:00,expression-art,authoritative,MZ-CHAR-SUPER,,no,source_material/imported_canon/approved_characters/super/super_08_shocked.png,none (byte-for-byte copy),"Approved expression library. Substantially overlaps approved_characters; duplicates are detected by hash and reported, not deleted."
canon-expressions,I:\MonkeyZoo Comic Strip\Fusion Squad\MonkeyZoo_Comic_Factory\03_APPROVED_CANON\approved_expressions\super\super_09_smile.png,source_material/imported_canon/approved_expressions/super/super_09_smile.png,super_09_smile.png,png,467147,a9e4a511bd30e59dadb5345953df701fe38da0967a7e980ca8f1a96bee0c6863,2026-07-28T13:24:03+00:00,expression-art,authoritative,MZ-CHAR-SUPER,,no,source_material/imported_canon/approved_characters/super/super_09_smile.png,none (byte-for-byte copy),"Approved expression library. Substantially overlaps approved_characters; duplicates are detected by hash and reported, not deleted."
canon-expressions,I:\MonkeyZoo Comic Strip\Fusion Squad\MonkeyZoo_Comic_Factory\03_APPROVED_CANON\approved_expressions\super\super_10_walking.png,source_material/imported_canon/approved_expressions/super/super_10_walking.png,super_10_walking.png,png,464931,ed2a3ee6a156d7c7966ed858369f3700dcc8dc076ab4e17f5f0e2a01ba271787,2026-07-28T13:24:03+00:00,expression-art,authoritative,MZ-CHAR-SUPER,,no,source_material/imported_canon/approved_characters/super/super_10_walking.png,none (byte-for-byte copy),"Approved expression library. Substantially overlaps approved_characters; duplicates are detected by hash and reported, not deleted."
canon-expressions,I:\MonkeyZoo Comic Strip\Fusion Squad\MonkeyZoo_Comic_Factory\03_APPROVED_CANON\approved_expressions\super\super_11_armscrossed.png,source_material/imported_canon/approved_expressions/super/super_11_armscrossed.png,super_11_armscrossed.png,png,420532,2e7ffafd52758c2c967a911889f86a38caf9c3356fb3e34cf819be89268368ec,2026-07-28T13:24:03+00:00,expression-art,authoritative,MZ-CHAR-SUPER,,no,source_material/imported_canon/approved_characters/super/super_11_armscrossed.png,none (byte-for-byte copy),"Approved expression library. Substantially overlaps approved_characters; duplicates are detected by hash and reported, not deleted."
canon-expressions,I:\MonkeyZoo Comic Strip\Fusion Squad\MonkeyZoo_Comic_Factory\03_APPROVED_CANON\approved_expressions\super\super_12_sitting.png,source_material/imported_canon/approved_expressions/super/super_12_sitting.png,super_12_sitting.png,png,446295,4b0104a8ea8d4e9f006faed488b09525cbc359cfbf3153e77e0ff00642dab6eb,2026-07-28T13:24:03+00:00,expression-art,authoritative,MZ-CHAR-SUPER,,no,source_material/imported_canon/approved_characters/super/super_12_sitting.png,none (byte-for-byte copy),"Approved expression library. Substantially overlaps approved_characters; duplicates are detected by hash and reported, not deleted."
canon-expressions,I:\MonkeyZoo Comic Strip\Fusion Squad\MonkeyZoo_Comic_Factory\03_APPROVED_CANON\approved_expressions\super\super_13_pointing.png,source_material/imported_canon/approved_expressions/super/super_13_pointing.png,super_13_pointing.png,png,471205,238d5ca408eebceb8b3006069eb976036961cc669ca49cbb87328988cd82545b,2026-07-28T13:24:03+00:00,expression-art,authoritative,MZ-CHAR-SUPER,,no,source_material/imported_canon/approved_characters/super/super_13_pointing.png,none (byte-for-byte copy),"Approved expression library. Substantially overlaps approved_characters; duplicates are detected by hash and reported, not deleted."
canon-expressions,I:\MonkeyZoo Comic Strip\Fusion Squad\MonkeyZoo_Comic_Factory\03_APPROVED_CANON\approved_expressions\super\super_14_shout.png,source_material/imported_canon/approved_expressions/super/super_14_shout.png,super_14_shout.png,png,493406,a331dc6d20c7bf6d8cc687eb0f4bccb8e05e4dc971d7619ffb5d436b5c5bee4d,2026-07-28T13:24:03+00:00,expression-art,authoritative,MZ-CHAR-SUPER,,no,source_material/imported_canon/approved_characters/super/super_14_shout.png,none (byte-for-byte copy),"Approved expression library. Substantially overlaps approved_characters; duplicates are detected by hash and reported, not deleted."
canon-expressions,I:\MonkeyZoo Comic Strip\Fusion Squad\MonkeyZoo_Comic_Factory\03_APPROVED_CANON\approved_expressions\super\super_15_laughing.png,source_material/imported_canon/approved_expressions/super/super_15_laughing.png,super_15_laughing.png,png,498218,0ad0afad48757cadce49ee714916133161484318b1b3cf76c0469a18b28d4898,2026-07-28T13:24:03+00:00,expression-art,authoritative,MZ-CHAR-SUPER,,no,source_material/imported_canon/approved_characters/super/super_15_laughing.png,none (byte-for-byte copy),"Approved expression library. Substantially overlaps approved_characters; duplicates are detected by hash and reported, not deleted."
canon-expressions,I:\MonkeyZoo Comic Strip\Fusion Squad\MonkeyZoo_Comic_Factory\03_APPROVED_CANON\approved_expressions\super\super_16_worried.png,source_material/imported_canon/approved_expressions/super/super_16_worried.png,super_16_worried.png,png,440461,d3ac173b61ff683f053c32bed719cad2e8d4c9cebcac9e6d07fdc3f3f926a5a4,2026-07-28T13:24:03+00:00,expression-art,authoritative,MZ-CHAR-SUPER,,no,source_material/imported_canon/approved_characters/super/super_16_worried.png,none (byte-for-byte copy),"Approved expression library. Substantially overlaps approved_characters; duplicates are detected by hash and reported, not deleted."
canon-expressions,I:\MonkeyZoo Comic Strip\Fusion Squad\MonkeyZoo_Comic_Factory\03_APPROVED_CANON\approved_expressions\super\super_17_disgusted.png,source_material/imported_canon/approved_expressions/super/super_17_disgusted.png,super_17_disgusted.png,png,491735,dbbbdf45e74e86515f0e0a50d6bdd3ef1f5fa1afa1f788bb48f4ccc201891764,2026-07-28T13:24:03+00:00,expression-art,authoritative,MZ-CHAR-SUPER,,no,source_material/imported_canon/approved_characters/super/super_17_disgusted.png,none (byte-for-byte copy),"Approved expression library. Substantially overlaps approved_characters; duplicates are detected by hash and reported, not deleted."
canon-expressions,I:\MonkeyZoo Comic Strip\Fusion Squad\MonkeyZoo_Comic_Factory\03_APPROVED_CANON\approved_expressions\super\super_18_sleepy.png,source_material/imported_canon/approved_expressions/super/super_18_sleepy.png,super_18_sleepy.png,png,427822,1ec84c8086c65e68ce831a8805db5992a6be117ff70a795c8df0e2ecc59d5ae6,2026-07-28T13:24:03+00:00,expression-art,authoritative,MZ-CHAR-SUPER,,no,source_material/imported_canon/approved_characters/super/super_18_sleepy.png,none (byte-for-byte copy),"Approved expression library. Substantially overlaps approved_characters; duplicates are detected by hash and reported, not deleted."
canon-expressions,I:\MonkeyZoo Comic Strip\Fusion Squad\MonkeyZoo_Comic_Factory\03_APPROVED_CANON\approved_expressions\super\super_19_determined.png,source_material/imported_canon/approved_expressions/super/super_19_determined.png,super_19_determined.png,png,510270,dc4dec87450b49c91babd6fd1264fd38ebdc9c87d10eeef3e528c16ec2d9ff57,2026-07-28T13:24:03+00:00,expression-art,authoritative,MZ-CHAR-SUPER,,no,source_material/imported_canon/approved_characters/super/super_19_determined.png,none (byte-for-byte copy),"Approved expression library. Substantially overlaps approved_characters; duplicates are detected by hash and reported, not deleted."
canon-expressions,I:\MonkeyZoo Comic Strip\Fusion Squad\MonkeyZoo_Comic_Factory\03_APPROVED_CANON\approved_expressions\super\super_20_confused.png,source_material/imported_canon/approved_expressions/super/super_20_confused.png,super_20_confused.png,png,459536,3d1bb82a1eb6ef3ddd67563d43e66be8dffb63b5834e4f560beb36bbbd246e79,2026-07-28T13:24:03+00:00,expression-art,authoritative,MZ-CHAR-SUPER,,no,source_material/imported_canon/approved_characters/super/super_20_confused.png,none (byte-for-byte copy),"Approved expression library. Substantially overlaps approved_characters; duplicates are detected by hash and reported, not deleted."
canon-expressions,I:\MonkeyZoo Comic Strip\Fusion Squad\MonkeyZoo_Comic_Factory\03_APPROVED_CANON\approved_expressions\super\super_21_running.png,source_material/imported_canon/approved_expressions/super/super_21_running.png,super_21_running.png,png,476024,68aa398138e1ce03478f55cdb67eb27fbe8da207f9bce95876a47f1abf1dc791,2026-07-28T13:24:03+00:00,expression-art,authoritative,MZ-CHAR-SUPER,,no,source_material/imported_canon/approved_characters/super/super_21_running.png,none (byte-for-byte copy),"Approved expression library. Substantially overlaps approved_characters; duplicates are detected by hash and reported, not deleted."
canon-expressions,I:\MonkeyZoo Comic Strip\Fusion Squad\MonkeyZoo_Comic_Factory\03_APPROVED_CANON\approved_expressions\super\super_22_jumping.png,source_material/imported_canon/approved_expressions/super/super_22_jumping.png,super_22_jumping.png,png,455083,69e2f63dc078747d1925ee43da85491edad274dae4a393d64efffab9b22513b3,2026-07-28T13:24:03+00:00,expression-art,authoritative,MZ-CHAR-SUPER,,no,source_material/imported_canon/approved_characters/super/super_22_jumping.png,none (byte-for-byte copy),"Approved expression library. Substantially overlaps approved_characters; duplicates are detected by hash and reported, not deleted."
canon-expressions,I:\MonkeyZoo Comic Strip\Fusion Squad\MonkeyZoo_Comic_Factory\03_APPROVED_CANON\approved_expressions\super\super_23_waving.png,source_material/imported_canon/approved_expressions/super/super_23_waving.png,super_23_waving.png,png,509519,1ef06fc5f0e1ea599e454e50066a593f19e43fe5e75f3987d46f91e878770f9b,2026-07-28T13:24:03+00:00,expression-art,authoritative,MZ-CHAR-SUPER,,no,source_material/imported_canon/approved_characters/super/super_23_waving.png,none (byte-for-byte copy),"Approved expression library. Substantially overlaps approved_characters; duplicates are detected by hash and reported, not deleted."
canon-expressions,I:\MonkeyZoo Comic Strip\Fusion Squad\MonkeyZoo_Comic_Factory\03_APPROVED_CANON\approved_expressions\super\super_24_thinking.png,source_material/imported_canon/approved_expressions/super/super_24_thinking.png,super_24_thinking.png,png,431391,b9aea0442a11de1ec0aee31a202f5ff79d78c8ad5fd4bbe87eb24b2a523f83e9,2026-07-28T13:24:03+00:00,expression-art,authoritative,MZ-CHAR-SUPER,,no,source_material/imported_canon/approved_characters/super/super_24_thinking.png,none (byte-for-byte copy),"Approved expression library. Substantially overlaps approved_characters; duplicates are detected by hash and reported, not deleted."
canon-expressions,I:\MonkeyZoo Comic Strip\Fusion Squad\MonkeyZoo_Comic_Factory\03_APPROVED_CANON\approved_expressions\super\super_25_crouching.png,source_material/imported_canon/approved_expressions/super/super_25_crouching.png,super_25_crouching.png,png,500869,91822da3a84568623284c3e869bdd769d600e6df9eb80c0f73ca349ccfe249e7,2026-07-28T13:24:03+00:00,expression-art,authoritative,MZ-CHAR-SUPER,,no,source_material/imported_canon/approved_characters/super/super_25_crouching.png,none (byte-for-byte copy),"Approved expression library. Substantially overlaps approved_characters; duplicates are detected by hash and reported, not deleted."
canon-expressions,I:\MonkeyZoo Comic Strip\Fusion Squad\MonkeyZoo_Comic_Factory\03_APPROVED_CANON\approved_expressions\super\super_26_reaching.png,source_material/imported_canon/approved_expressions/super/super_26_reaching.png,super_26_reaching.png,png,467724,394db8c6f0248ff72b00df719aa54824b19f443ef6a6ac45b69b8a6e46314412,2026-07-28T13:24:03+00:00,expression-art,authoritative,MZ-CHAR-SUPER,,no,source_material/imported_canon/approved_characters/super/super_26_reaching.png,none (byte-for-byte copy),"Approved expression library. Substantially overlaps approved_characters; duplicates are detected by hash and reported, not deleted."
canon-expressions,I:\MonkeyZoo Comic Strip\Fusion Squad\MonkeyZoo_Comic_Factory\03_APPROVED_CANON\approved_expressions\super\super_27_defeated.png,source_material/imported_canon/approved_expressions/super/super_27_defeated.png,super_27_defeated.png,png,503597,d0904fcca5cb547b2b270fb18babe3c3255d1828c963f97dc6a91f6de32b3186,2026-07-28T13:24:03+00:00,expression-art,authoritative,MZ-CHAR-SUPER,,no,source_material/imported_canon/approved_characters/super/super_27_defeated.png,none (byte-for-byte copy),"Approved expression library. Substantially overlaps approved_characters; duplicates are detected by hash and reported, not deleted."
canon-expressions,I:\MonkeyZoo Comic Strip\Fusion Squad\MonkeyZoo_Comic_Factory\03_APPROVED_CANON\approved_expressions\super\super_28_celebrating.png,source_material/imported_canon/approved_expressions/super/super_28_celebrating.png,super_28_celebrating.png,png,501301,b0eb013b5d1a9bde950de4cad0c4021559d66f496d2945b05abfea74daae4b1e,2026-07-28T13:24:03+00:00,expression-art,authoritative,MZ-CHAR-SUPER,,no,source_material/imported_canon/approved_characters/super/super_28_celebrating.png,none (byte-for-byte copy),"Approved expression library. Substantially overlaps approved_characters; duplicates are detected by hash and reported, not deleted."
canon-expressions,I:\MonkeyZoo Comic Strip\Fusion Squad\MonkeyZoo_Comic_Factory\03_APPROVED_CANON\approved_expressions\super\super_29_lookingup.png,source_material/imported_canon/approved_expressions/super/super_29_lookingup.png,super_29_lookingup.png,png,453687,e92c6d9ef4a10eb303d264bcecbc225488cf1f0521e3a8c6a1ac67c5f9acac54,2026-07-28T13:24:03+00:00,expression-art,authoritative,MZ-CHAR-SUPER,,no,source_material/imported_canon/approved_characters/super/super_29_lookingup.png,none (byte-for-byte copy),"Approved expression library. Substantially overlaps approved_characters; duplicates are detected by hash and reported, not deleted."
canon-expressions,I:\MonkeyZoo Comic Strip\Fusion Squad\MonkeyZoo_Comic_Factory\03_APPROVED_CANON\approved_expressions\super\super_30_backview.png,source_material/imported_canon/approved_expressions/super/super_30_backview.png,super_30_backview.png,png,415550,1470c1f88e0fa13052ada64bec01b62c6c999bca392936c99f969db8ad354582,2026-07-28T13:24:03+00:00,expression-art,authoritative,MZ-CHAR-SUPER,,no,source_material/imported_canon/approved_characters/super/super_30_backview.png,none (byte-for-byte copy),"Approved expression library. Substantially overlaps approved_characters; duplicates are detected by hash and reported, not deleted."
canon-expressions,I:\MonkeyZoo Comic Strip\Fusion Squad\MonkeyZoo_Comic_Factory\03_APPROVED_CANON\approved_expressions\twotone\twotone_00_clean_base.png,source_material/imported_canon/approved_expressions/twotone/twotone_00_clean_base.png,twotone_00_clean_base.png,png,475704,7d9267f3cdc663e1a56ef2c697c3e4803ecf2f0526da051f15fbfa3e8a834fe0,2026-07-28T13:24:03+00:00,expression-art,authoritative,MZ-CHAR-002,,no,source_material/imported_canon/approved_characters/twotone/twotone_00_clean_base.png,none (byte-for-byte copy),"Approved expression library. Substantially overlaps approved_characters; duplicates are detected by hash and reported, not deleted."
canon-expressions,I:\MonkeyZoo Comic Strip\Fusion Squad\MonkeyZoo_Comic_Factory\03_APPROVED_CANON\approved_expressions\twotone\twotone_01_neutral.png,source_material/imported_canon/approved_expressions/twotone/twotone_01_neutral.png,twotone_01_neutral.png,png,475704,7d9267f3cdc663e1a56ef2c697c3e4803ecf2f0526da051f15fbfa3e8a834fe0,2026-07-28T13:24:03+00:00,expression-art,authoritative,MZ-CHAR-002,,no,source_material/imported_canon/approved_characters/twotone/twotone_00_clean_base.png,none (byte-for-byte copy),"Approved expression library. Substantially overlaps approved_characters; duplicates are detected by hash and reported, not deleted."
canon-expressions,I:\MonkeyZoo Comic Strip\Fusion Squad\MonkeyZoo_Comic_Factory\03_APPROVED_CANON\approved_expressions\twotone\twotone_02_threeqtr.png,source_material/imported_canon/approved_expressions/twotone/twotone_02_threeqtr.png,twotone_02_threeqtr.png,png,525596,7e2a2e88a0ec918478cd763b48eea9c8bf34a3931507523e825422f6586d960f,2026-07-28T13:24:03+00:00,expression-art,authoritative,MZ-CHAR-002,,no,,none (byte-for-byte copy),"Approved expression library. Substantially overlaps approved_characters; duplicates are detected by hash and reported, not deleted."
canon-expressions,I:\MonkeyZoo Comic Strip\Fusion Squad\MonkeyZoo_Comic_Factory\03_APPROVED_CANON\approved_expressions\twotone\twotone_03_profile.png,source_material/imported_canon/approved_expressions/twotone/twotone_03_profile.png,twotone_03_profile.png,png,499156,48844b713bdeb78a0cf02f141da1e9e4f01a0a1d25388493347624031b0db35a,2026-07-28T13:24:03+00:00,expression-art,authoritative,MZ-CHAR-002,,no,,none (byte-for-byte copy),"Approved expression library. Substantially overlaps approved_characters; duplicates are detected by hash and reported, not deleted."
canon-expressions,I:\MonkeyZoo Comic Strip\Fusion Squad\MonkeyZoo_Comic_Factory\03_APPROVED_CANON\approved_expressions\twotone\twotone_04_overshoulder.png,source_material/imported_canon/approved_expressions/twotone/twotone_04_overshoulder.png,twotone_04_overshoulder.png,png,541581,30c79d967eecb875eec891985c4245ce52463418632f68823fdbedc9bfa93e6a,2026-07-28T13:24:03+00:00,expression-art,authoritative,MZ-CHAR-002,,no,,none (byte-for-byte copy),"Approved expression library. Substantially overlaps approved_characters; duplicates are detected by hash and reported, not deleted."
canon-expressions,I:\MonkeyZoo Comic Strip\Fusion Squad\MonkeyZoo_Comic_Factory\03_APPROVED_CANON\approved_expressions\twotone\twotone_05_portrait.png,source_material/imported_canon/approved_expressions/twotone/twotone_05_portrait.png,twotone_05_portrait.png,png,490339,8073da9c0b3c8e9b153c32b6fd98214e5f638976b1e00e523e37399d40d97328,2026-07-28T13:24:03+00:00,expression-art,authoritative,MZ-CHAR-002,,no,,none (byte-for-byte copy),"Approved expression library. Substantially overlaps approved_characters; duplicates are detected by hash and reported, not deleted."
canon-expressions,I:\MonkeyZoo Comic Strip\Fusion Squad\MonkeyZoo_Comic_Factory\03_APPROVED_CANON\approved_expressions\twotone\twotone_06_angry.png,source_material/imported_canon/approved_expressions/twotone/twotone_06_angry.png,twotone_06_angry.png,png,581439,1bcf6558351fb15520b6f44b07223a29d124422075c3e1d1ab05e940c2455372,2026-07-28T13:24:03+00:00,expression-art,authoritative,MZ-CHAR-002,,no,,none (byte-for-byte copy),"Approved expression library. Substantially overlaps approved_characters; duplicates are detected by hash and reported, not deleted."
canon-expressions,I:\MonkeyZoo Comic Strip\Fusion Squad\MonkeyZoo_Comic_Factory\03_APPROVED_CANON\approved_expressions\twotone\twotone_07_sad.png,source_material/imported_canon/approved_expressions/twotone/twotone_07_sad.png,twotone_07_sad.png,png,525238,ce6177606d7d7aae3f90dd200d9954a6f43a0d2b9f5535130a24b09c7290f892,2026-07-28T13:24:03+00:00,expression-art,authoritative,MZ-CHAR-002,,no,,none (byte-for-byte copy),"Approved expression library. Substantially overlaps approved_characters; duplicates are detected by hash and reported, not deleted."
canon-expressions,I:\MonkeyZoo Comic Strip\Fusion Squad\MonkeyZoo_Comic_Factory\03_APPROVED_CANON\approved_expressions\twotone\twotone_08_shocked.png,source_material/imported_canon/approved_expressions/twotone/twotone_08_shocked.png,twotone_08_shocked.png,png,544573,19e4272967fd809c4c93ea79ead5a449bf904856318ee14e00df860c57f73c7a,2026-07-28T13:24:03+00:00,expression-art,authoritative,MZ-CHAR-002,,no,,none (byte-for-byte copy),"Approved expression library. Substantially overlaps approved_characters; duplicates are detected by hash and reported, not deleted."
canon-expressions,I:\MonkeyZoo Comic Strip\Fusion Squad\MonkeyZoo_Comic_Factory\03_APPROVED_CANON\approved_expressions\twotone\twotone_09_smile.png,source_material/imported_canon/approved_expressions/twotone/twotone_09_smile.png,twotone_09_smile.png,png,563789,7f6f008e794782219ce4e4435e11f838f6201b0ce017af8fe56f0c8d8ba2a530,2026-07-28T13:24:03+00:00,expression-art,authoritative,MZ-CHAR-002,,no,,none (byte-for-byte copy),"Approved expression library. Substantially overlaps approved_characters; duplicates are detected by hash and reported, not deleted."
canon-expressions,I:\MonkeyZoo Comic Strip\Fusion Squad\MonkeyZoo_Comic_Factory\03_APPROVED_CANON\approved_expressions\twotone\twotone_10_walking.png,source_material/imported_canon/approved_expressions/twotone/twotone_10_walking.png,twotone_10_walking.png,png,517052,43c5ebb922ce96800a6e57af8e20583d98ccacb312416f08d00f1582dff74830,2026-07-28T13:24:03+00:00,expression-art,authoritative,MZ-CHAR-002,,no,source_material/imported_canon/approved_characters/twotone/twotone_10_walking.png,none (byte-for-byte copy),"Approved expression library. Substantially overlaps approved_characters; duplicates are detected by hash and reported, not deleted."
canon-expressions,I:\MonkeyZoo Comic Strip\Fusion Squad\MonkeyZoo_Comic_Factory\03_APPROVED_CANON\approved_expressions\twotone\twotone_11_armscrossed.png,source_material/imported_canon/approved_expressions/twotone/twotone_11_armscrossed.png,twotone_11_armscrossed.png,png,527008,211fdbfc13cd8e01c69b9227f817b5f007b6ac70bdf393d2e7f6aef08189eb72,2026-07-28T13:24:03+00:00,expression-art,authoritative,MZ-CHAR-002,,no,,none (byte-for-byte copy),"Approved expression library. Substantially overlaps approved_characters; duplicates are detected by hash and reported, not deleted."
canon-expressions,I:\MonkeyZoo Comic Strip\Fusion Squad\MonkeyZoo_Comic_Factory\03_APPROVED_CANON\approved_expressions\twotone\twotone_12_sitting.png,source_material/imported_canon/approved_expressions/twotone/twotone_12_sitting.png,twotone_12_sitting.png,png,517497,11d87ef6a31d0305dcc3bde4aca891376b0c930b67af1b9bc7109ee0ed5cf192,2026-07-28T13:24:03+00:00,expression-art,authoritative,MZ-CHAR-002,,no,,none (byte-for-byte copy),"Approved expression library. Substantially overlaps approved_characters; duplicates are detected by hash and reported, not deleted."
canon-expressions,I:\MonkeyZoo Comic Strip\Fusion Squad\MonkeyZoo_Comic_Factory\03_APPROVED_CANON\approved_expressions\twotone\twotone_13_pointing.png,source_material/imported_canon/approved_expressions/twotone/twotone_13_pointing.png,twotone_13_pointing.png,png,529106,daa490a93d51b3dbf687b822856822555bd8673005593aac62b2432990206b78,2026-07-28T13:24:03+00:00,expression-art,authoritative,MZ-CHAR-002,,no,,none (byte-for-byte copy),"Approved expression library. Substantially overlaps approved_characters; duplicates are detected by hash and reported, not deleted."
canon-expressions,I:\MonkeyZoo Comic Strip\Fusion Squad\MonkeyZoo_Comic_Factory\03_APPROVED_CANON\approved_expressions\twotone\twotone_14_shout.png,source_material/imported_canon/approved_expressions/twotone/twotone_14_shout.png,twotone_14_shout.png,png,573173,353733ff265ba7bd592c08b53025ce50ef039e850c1b884fa0dd3b9ab79a1f36,2026-07-28T13:24:03+00:00,expression-art,authoritative,MZ-CHAR-002,,no,,none (byte-for-byte copy),"Approved expression library. Substantially overlaps approved_characters; duplicates are detected by hash and reported, not deleted."
canon-expressions,I:\MonkeyZoo Comic Strip\Fusion Squad\MonkeyZoo_Comic_Factory\03_APPROVED_CANON\approved_expressions\twotone\twotone_15_laughing.png,source_material/imported_canon/approved_expressions/twotone/twotone_15_laughing.png,twotone_15_laughing.png,png,559987,4c45338753535c36ce518df495b9d117cc56fac07dd5a1df07b7e6209647a689,2026-07-28T13:24:03+00:00,expression-art,authoritative,MZ-CHAR-002,,no,source_material/imported_canon/approved_characters/twotone/twotone_15_laughing.png,none (byte-for-byte copy),"Approved expression library. Substantially overlaps approved_characters; duplicates are detected by hash and reported, not deleted."
canon-expressions,I:\MonkeyZoo Comic Strip\Fusion Squad\MonkeyZoo_Comic_Factory\03_APPROVED_CANON\approved_expressions\twotone\twotone_16_worried.png,source_material/imported_canon/approved_expressions/twotone/twotone_16_worried.png,twotone_16_worried.png,png,519589,8e9f618fbd0ed7289d1512516ff0348b868be5f122860f03da60be4a1295f781,2026-07-28T13:24:03+00:00,expression-art,authoritative,MZ-CHAR-002,,no,source_material/imported_canon/approved_characters/twotone/twotone_16_worried.png,none (byte-for-byte copy),"Approved expression library. Substantially overlaps approved_characters; duplicates are detected by hash and reported, not deleted."
canon-expressions,I:\MonkeyZoo Comic Strip\Fusion Squad\MonkeyZoo_Comic_Factory\03_APPROVED_CANON\approved_expressions\twotone\twotone_17_disgusted.png,source_material/imported_canon/approved_expressions/twotone/twotone_17_disgusted.png,twotone_17_disgusted.png,png,541844,b7a63aa253eb74225ea2b3f5544c8fb6ff0c7174e489762a2bcffe58ce345a9d,2026-07-28T13:24:03+00:00,expression-art,authoritative,MZ-CHAR-002,,no,source_material/imported_canon/approved_characters/twotone/twotone_17_disgusted.png,none (byte-for-byte copy),"Approved expression library. Substantially overlaps approved_characters; duplicates are detected by hash and reported, not deleted."
canon-expressions,I:\MonkeyZoo Comic Strip\Fusion Squad\MonkeyZoo_Comic_Factory\03_APPROVED_CANON\approved_expressions\twotone\twotone_18_sleepy.png,source_material/imported_canon/approved_expressions/twotone/twotone_18_sleepy.png,twotone_18_sleepy.png,png,522268,e47d7533cfed8fc3f12876d395e6cdd65c4f6935070b472f96566dc43b62c042,2026-07-28T13:24:03+00:00,expression-art,authoritative,MZ-CHAR-002,,no,source_material/imported_canon/approved_characters/twotone/twotone_18_sleepy.png,none (byte-for-byte copy),"Approved expression library. Substantially overlaps approved_characters; duplicates are detected by hash and reported, not deleted."
canon-expressions,I:\MonkeyZoo Comic Strip\Fusion Squad\MonkeyZoo_Comic_Factory\03_APPROVED_CANON\approved_expressions\twotone\twotone_19_determined.png,source_material/imported_canon/approved_expressions/twotone/twotone_19_determined.png,twotone_19_determined.png,png,538178,8b3fe7567f9e4d125865a5173b1e00c718d1b919bdce35c134c98fbd300b82a6,2026-07-28T13:24:03+00:00,expression-art,authoritative,MZ-CHAR-002,,no,source_material/imported_canon/approved_characters/twotone/twotone_19_determined.png,none (byte-for-byte copy),"Approved expression library. Substantially overlaps approved_characters; duplicates are detected by hash and reported, not deleted."
canon-expressions,I:\MonkeyZoo Comic Strip\Fusion Squad\MonkeyZoo_Comic_Factory\03_APPROVED_CANON\approved_expressions\twotone\twotone_20_confused.png,source_material/imported_canon/approved_expressions/twotone/twotone_20_confused.png,twotone_20_confused.png,png,537598,ad13c297fed073da71560bd18ae5b2928aeeaec10b8df7a9a6b349c86a472d8c,2026-07-28T13:24:03+00:00,expression-art,authoritative,MZ-CHAR-002,,no,source_material/imported_canon/approved_characters/twotone/twotone_20_confused.png,none (byte-for-byte copy),"Approved expression library. Substantially overlaps approved_characters; duplicates are detected by hash and reported, not deleted."
canon-expressions,I:\MonkeyZoo Comic Strip\Fusion Squad\MonkeyZoo_Comic_Factory\03_APPROVED_CANON\approved_expressions\twotone\twotone_21_running.png,source_material/imported_canon/approved_expressions/twotone/twotone_21_running.png,twotone_21_running.png,png,537142,0415386d32b0ba72a8b5b7bd80d4c0f744b9cc81ef4dfbc8f3859c05911cec7c,2026-07-28T13:24:03+00:00,expression-art,authoritative,MZ-CHAR-002,,no,source_material/imported_canon/approved_characters/twotone/twotone_21_running.png,none (byte-for-byte copy),"Approved expression library. Substantially overlaps approved_characters; duplicates are detected by hash and reported, not deleted."
canon-expressions,I:\MonkeyZoo Comic Strip\Fusion Squad\MonkeyZoo_Comic_Factory\03_APPROVED_CANON\approved_expressions\twotone\twotone_22_jumping.png,source_material/imported_canon/approved_expressions/twotone/twotone_22_jumping.png,twotone_22_jumping.png,png,517339,c6b629ef1d943a0e826a47b1091b457a2399116d685ddc553829ba629941950a,2026-07-28T13:24:03+00:00,expression-art,authoritative,MZ-CHAR-002,,no,source_material/imported_canon/approved_characters/twotone/twotone_22_jumping.png,none (byte-for-byte copy),"Approved expression library. Substantially overlaps approved_characters; duplicates are detected by hash and reported, not deleted."
canon-expressions,I:\MonkeyZoo Comic Strip\Fusion Squad\MonkeyZoo_Comic_Factory\03_APPROVED_CANON\approved_expressions\twotone\twotone_23_waving.png,source_material/imported_canon/approved_expressions/twotone/twotone_23_waving.png,twotone_23_waving.png,png,558650,0192392b02d2dc6e9312aa9235994198ede9dc66e549bdae951f8e58d99a8a83,2026-07-28T13:24:03+00:00,expression-art,authoritative,MZ-CHAR-002,,no,source_material/imported_canon/approved_characters/twotone/twotone_23_waving.png,none (byte-for-byte copy),"Approved expression library. Substantially overlaps approved_characters; duplicates are detected by hash and reported, not deleted."
canon-expressions,I:\MonkeyZoo Comic Strip\Fusion Squad\MonkeyZoo_Comic_Factory\03_APPROVED_CANON\approved_expressions\twotone\twotone_24_thinking.png,source_material/imported_canon/approved_expressions/twotone/twotone_24_thinking.png,twotone_24_thinking.png,png,540302,52df3148e542876dbcf172b1684353fc8fded38f6915c951aaab683ce1d17cfa,2026-07-28T13:24:03+00:00,expression-art,authoritative,MZ-CHAR-002,,no,source_material/imported_canon/approved_characters/twotone/twotone_24_thinking.png,none (byte-for-byte copy),"Approved expression library. Substantially overlaps approved_characters; duplicates are detected by hash and reported, not deleted."
canon-expressions,I:\MonkeyZoo Comic Strip\Fusion Squad\MonkeyZoo_Comic_Factory\03_APPROVED_CANON\approved_expressions\twotone\twotone_25_crouching.png,source_material/imported_canon/approved_expressions/twotone/twotone_25_crouching.png,twotone_25_crouching.png,png,532091,d5ba20865fd46b10bd33de55811662f344accae1705da6114141b9aff4cc3235,2026-07-28T13:24:03+00:00,expression-art,authoritative,MZ-CHAR-002,,no,source_material/imported_canon/approved_characters/twotone/twotone_25_crouching.png,none (byte-for-byte copy),"Approved expression library. Substantially overlaps approved_characters; duplicates are detected by hash and reported, not deleted."
canon-expressions,I:\MonkeyZoo Comic Strip\Fusion Squad\MonkeyZoo_Comic_Factory\03_APPROVED_CANON\approved_expressions\twotone\twotone_26_reaching.png,source_material/imported_canon/approved_expressions/twotone/twotone_26_reaching.png,twotone_26_reaching.png,png,530960,6ecb5e8b577d9b5580e269eef02c67ce3104f5c1e8872ffe1e4bf56a1d66fa43,2026-07-28T13:24:03+00:00,expression-art,authoritative,MZ-CHAR-002,,no,source_material/imported_canon/approved_characters/twotone/twotone_26_reaching.png,none (byte-for-byte copy),"Approved expression library. Substantially overlaps approved_characters; duplicates are detected by hash and reported, not deleted."
canon-expressions,I:\MonkeyZoo Comic Strip\Fusion Squad\MonkeyZoo_Comic_Factory\03_APPROVED_CANON\approved_expressions\twotone\twotone_27_defeated.png,source_material/imported_canon/approved_expressions/twotone/twotone_27_defeated.png,twotone_27_defeated.png,png,464903,dc8d1a5f8301d1915de8d1a6061dd265705c581437acb0493ba54bc2c96e746c,2026-07-28T13:24:03+00:00,expression-art,authoritative,MZ-CHAR-002,,no,source_material/imported_canon/approved_characters/twotone/twotone_27_defeated.png,none (byte-for-byte copy),"Approved expression library. Substantially overlaps approved_characters; duplicates are detected by hash and reported, not deleted."
canon-expressions,I:\MonkeyZoo Comic Strip\Fusion Squad\MonkeyZoo_Comic_Factory\03_APPROVED_CANON\approved_expressions\twotone\twotone_28_celebrating.png,source_material/imported_canon/approved_expressions/twotone/twotone_28_celebrating.png,twotone_28_celebrating.png,png,571218,42d41996ce753c279f04e7e8944aa5186589b7b1ddda6793eb416c5d22be806a,2026-07-28T13:24:03+00:00,expression-art,authoritative,MZ-CHAR-002,,no,source_material/imported_canon/approved_characters/twotone/twotone_28_celebrating.png,none (byte-for-byte copy),"Approved expression library. Substantially overlaps approved_characters; duplicates are detected by hash and reported, not deleted."
canon-expressions,I:\MonkeyZoo Comic Strip\Fusion Squad\MonkeyZoo_Comic_Factory\03_APPROVED_CANON\approved_expressions\twotone\twotone_29_lookingup.png,source_material/imported_canon/approved_expressions/twotone/twotone_29_lookingup.png,twotone_29_lookingup.png,png,561063,f6cf31b2c73ea535e140c98453b86a86997fe3045e29da27acd18b4fdfff505d,2026-07-28T13:24:03+00:00,expression-art,authoritative,MZ-CHAR-002,,no,source_material/imported_canon/approved_characters/twotone/twotone_29_lookingup.png,none (byte-for-byte copy),"Approved expression library. Substantially overlaps approved_characters; duplicates are detected by hash and reported, not deleted."
canon-expressions,I:\MonkeyZoo Comic Strip\Fusion Squad\MonkeyZoo_Comic_Factory\03_APPROVED_CANON\approved_expressions\twotone\twotone_30_backview.png,source_material/imported_canon/approved_expressions/twotone/twotone_30_backview.png,twotone_30_backview.png,png,478861,4d0d6a8b8608680976884a1abd9a4818ea7c192ce5c1a5413eaa7485a4a32b36,2026-07-28T13:24:03+00:00,expression-art,authoritative,MZ-CHAR-002,,no,source_material/imported_canon/approved_characters/twotone/twotone_30_backview.png,none (byte-for-byte copy),"Approved expression library. Substantially overlaps approved_characters; duplicates are detected by hash and reported, not deleted."
canon-expressions,I:\MonkeyZoo Comic Strip\Fusion Squad\MonkeyZoo_Comic_Factory\03_APPROVED_CANON\approved_expressions\zombie\zombie_00_clean_base.png,source_material/imported_canon/approved_expressions/zombie/zombie_00_clean_base.png,zombie_00_clean_base.png,png,464110,9d7863975074085a8458b621a60d116e9802850fecd70446f620db0b413aca0f,2026-07-28T13:24:03+00:00,expression-art,authoritative,MZ-CHAR-ZOMBIE,,no,source_material/imported_canon/approved_characters/zombie/zombie_00_clean_base.png,none (byte-for-byte copy),"Approved expression library. Substantially overlaps approved_characters; duplicates are detected by hash and reported, not deleted."
canon-expressions,I:\MonkeyZoo Comic Strip\Fusion Squad\MonkeyZoo_Comic_Factory\03_APPROVED_CANON\approved_expressions\zombie\zombie_01_neutral.png,source_material/imported_canon/approved_expressions/zombie/zombie_01_neutral.png,zombie_01_neutral.png,png,464110,9d7863975074085a8458b621a60d116e9802850fecd70446f620db0b413aca0f,2026-07-28T13:24:03+00:00,expression-art,authoritative,MZ-CHAR-ZOMBIE,,no,source_material/imported_canon/approved_characters/zombie/zombie_00_clean_base.png,none (byte-for-byte copy),"Approved expression library. Substantially overlaps approved_characters; duplicates are detected by hash and reported, not deleted."
canon-expressions,I:\MonkeyZoo Comic Strip\Fusion Squad\MonkeyZoo_Comic_Factory\03_APPROVED_CANON\approved_expressions\zombie\zombie_02_threeqtr.png,source_material/imported_canon/approved_expressions/zombie/zombie_02_threeqtr.png,zombie_02_threeqtr.png,png,578155,14a77aeaf88e5df1f1b5f260b9c305865b1e93635af94507ff4026a6421308d8,2026-07-28T13:24:03+00:00,expression-art,authoritative,MZ-CHAR-ZOMBIE,,no,source_material/imported_canon/approved_characters/zombie/zombie_02_threeqtr.png,none (byte-for-byte copy),"Approved expression library. Substantially overlaps approved_characters; duplicates are detected by hash and reported, not deleted."
canon-expressions,I:\MonkeyZoo Comic Strip\Fusion Squad\MonkeyZoo_Comic_Factory\03_APPROVED_CANON\approved_expressions\zombie\zombie_03_profile.png,source_material/imported_canon/approved_expressions/zombie/zombie_03_profile.png,zombie_03_profile.png,png,546717,68c202a4f42fd82138d16bc60339c926e61a55e935c48d9ff1ecbe107af618b7,2026-07-28T13:24:03+00:00,expression-art,authoritative,MZ-CHAR-ZOMBIE,,no,source_material/imported_canon/approved_characters/zombie/zombie_03_profile.png,none (byte-for-byte copy),"Approved expression library. Substantially overlaps approved_characters; duplicates are detected by hash and reported, not deleted."
canon-expressions,I:\MonkeyZoo Comic Strip\Fusion Squad\MonkeyZoo_Comic_Factory\03_APPROVED_CANON\approved_expressions\zombie\zombie_04_overshoulder.png,source_material/imported_canon/approved_expressions/zombie/zombie_04_overshoulder.png,zombie_04_overshoulder.png,png,593136,4fa7905baa573d8f1192c9a2ac8cce2554d1a7751141284eeb35732e5b6855e3,2026-07-28T13:24:03+00:00,expression-art,authoritative,MZ-CHAR-ZOMBIE,,no,source_material/imported_canon/approved_characters/zombie/zombie_04_overshoulder.png,none (byte-for-byte copy),"Approved expression library. Substantially overlaps approved_characters; duplicates are detected by hash and reported, not deleted."
canon-expressions,I:\MonkeyZoo Comic Strip\Fusion Squad\MonkeyZoo_Comic_Factory\03_APPROVED_CANON\approved_expressions\zombie\zombie_05_portrait.png,source_material/imported_canon/approved_expressions/zombie/zombie_05_portrait.png,zombie_05_portrait.png,png,694259,3487d9aa4e396656ce0d4142d16326da85371abe97ff8e4e7d03788752ea5267,2026-07-28T13:24:03+00:00,expression-art,authoritative,MZ-CHAR-ZOMBIE,,no,source_material/imported_canon/approved_characters/zombie/zombie_05_portrait.png,none (byte-for-byte copy),"Approved expression library. Substantially overlaps approved_characters; duplicates are detected by hash and reported, not deleted."
canon-expressions,I:\MonkeyZoo Comic Strip\Fusion Squad\MonkeyZoo_Comic_Factory\03_APPROVED_CANON\approved_expressions\zombie\zombie_06_angry.png,source_material/imported_canon/approved_expressions/zombie/zombie_06_angry.png,zombie_06_angry.png,png,630682,10956bc193b01c7be8d05d475fd54f555431a0072bd615715d002ec95f884369,2026-07-28T13:24:03+00:00,expression-art,authoritative,MZ-CHAR-ZOMBIE,,no,source_material/imported_canon/approved_characters/zombie/zombie_06_angry.png,none (byte-for-byte copy),"Approved expression library. Substantially overlaps approved_characters; duplicates are detected by hash and reported, not deleted."
canon-expressions,I:\MonkeyZoo Comic Strip\Fusion Squad\MonkeyZoo_Comic_Factory\03_APPROVED_CANON\approved_expressions\zombie\zombie_07_sad.png,source_material/imported_canon/approved_expressions/zombie/zombie_07_sad.png,zombie_07_sad.png,png,544494,3cd8670f170e75d8923882d240689f735bd446619bcd4b128eab54269dcee08d,2026-07-28T13:24:03+00:00,expression-art,authoritative,MZ-CHAR-ZOMBIE,,no,source_material/imported_canon/approved_characters/zombie/zombie_07_sad.png,none (byte-for-byte copy),"Approved expression library. Substantially overlaps approved_characters; duplicates are detected by hash and reported, not deleted."
canon-expressions,I:\MonkeyZoo Comic Strip\Fusion Squad\MonkeyZoo_Comic_Factory\03_APPROVED_CANON\approved_expressions\zombie\zombie_08_shocked.png,source_material/imported_canon/approved_expressions/zombie/zombie_08_shocked.png,zombie_08_shocked.png,png,613957,47c62db38d247d07425e5ad7682844a21a872e412637a057f5cc2ae3e082cd7a,2026-07-28T13:24:03+00:00,expression-art,authoritative,MZ-CHAR-ZOMBIE,,no,source_material/imported_canon/approved_characters/zombie/zombie_08_shocked.png,none (byte-for-byte copy),"Approved expression library. Substantially overlaps approved_characters; duplicates are detected by hash and reported, not deleted."
canon-expressions,I:\MonkeyZoo Comic Strip\Fusion Squad\MonkeyZoo_Comic_Factory\03_APPROVED_CANON\approved_expressions\zombie\zombie_09_smile.png,source_material/imported_canon/approved_expressions/zombie/zombie_09_smile.png,zombie_09_smile.png,png,541482,7996a36b96d1b748b838c174ffa9c714fd13cb576a4b744c493c9203f1097fed,2026-07-28T13:24:03+00:00,expression-art,authoritative,MZ-CHAR-ZOMBIE,,no,source_material/imported_canon/approved_characters/zombie/zombie_09_smile.png,none (byte-for-byte copy),"Approved expression library. Substantially overlaps approved_characters; duplicates are detected by hash and reported, not deleted."
canon-expressions,I:\MonkeyZoo Comic Strip\Fusion Squad\MonkeyZoo_Comic_Factory\03_APPROVED_CANON\approved_expressions\zombie\zombie_10_walking.png,source_material/imported_canon/approved_expressions/zombie/zombie_10_walking.png,zombie_10_walking.png,png,550375,241fd1ea1b336400866ef56d5e23196a86fff2503108f63ef6bdd109e085e41c,2026-07-28T13:24:03+00:00,expression-art,authoritative,MZ-CHAR-ZOMBIE,,no,source_material/imported_canon/approved_characters/zombie/zombie_10_walking.png,none (byte-for-byte copy),"Approved expression library. Substantially overlaps approved_characters; duplicates are detected by hash and reported, not deleted."
canon-expressions,I:\MonkeyZoo Comic Strip\Fusion Squad\MonkeyZoo_Comic_Factory\03_APPROVED_CANON\approved_expressions\zombie\zombie_11_armscrossed.png,source_material/imported_canon/approved_expressions/zombie/zombie_11_armscrossed.png,zombie_11_armscrossed.png,png,534047,2e7f5241f09c89baaf47a7857e52e63ba25e385417b42413fefa6fb526fec49e,2026-07-28T13:24:03+00:00,expression-art,authoritative,MZ-CHAR-ZOMBIE,,no,source_material/imported_canon/approved_characters/zombie/zombie_11_armscrossed.png,none (byte-for-byte copy),"Approved expression library. Substantially overlaps approved_characters; duplicates are detected by hash and reported, not deleted."
canon-expressions,I:\MonkeyZoo Comic Strip\Fusion Squad\MonkeyZoo_Comic_Factory\03_APPROVED_CANON\approved_expressions\zombie\zombie_12_sitting.png,source_material/imported_canon/approved_expressions/zombie/zombie_12_sitting.png,zombie_12_sitting.png,png,575664,03be32decef7e98ee148b4117bf2b061a98c0614fb78b63e4e98f37f888241ac,2026-07-28T13:24:03+00:00,expression-art,authoritative,MZ-CHAR-ZOMBIE,,no,source_material/imported_canon/approved_characters/zombie/zombie_12_sitting.png,none (byte-for-byte copy),"Approved expression library. Substantially overlaps approved_characters; duplicates are detected by hash and reported, not deleted."
canon-expressions,I:\MonkeyZoo Comic Strip\Fusion Squad\MonkeyZoo_Comic_Factory\03_APPROVED_CANON\approved_expressions\zombie\zombie_13_pointing.png,source_material/imported_canon/approved_expressions/zombie/zombie_13_pointing.png,zombie_13_pointing.png,png,589580,61a0c62f77ebbe0fdf6d2cbb6e3889ff409b6544588f6444bc1aa20f76c0c4c7,2026-07-28T13:24:03+00:00,expression-art,authoritative,MZ-CHAR-ZOMBIE,,no,source_material/imported_canon/approved_characters/zombie/zombie_13_pointing.png,none (byte-for-byte copy),"Approved expression library. Substantially overlaps approved_characters; duplicates are detected by hash and reported, not deleted."
canon-expressions,I:\MonkeyZoo Comic Strip\Fusion Squad\MonkeyZoo_Comic_Factory\03_APPROVED_CANON\approved_expressions\zombie\zombie_14_shout.png,source_material/imported_canon/approved_expressions/zombie/zombie_14_shout.png,zombie_14_shout.png,png,596453,ca24b8c59693b6db8f08704fffb9855b0040ca6a3cc183c854c90a48785a4428,2026-07-28T13:24:03+00:00,expression-art,authoritative,MZ-CHAR-ZOMBIE,,no,source_material/imported_canon/approved_characters/zombie/zombie_14_shout.png,none (byte-for-byte copy),"Approved expression library. Substantially overlaps approved_characters; duplicates are detected by hash and reported, not deleted."
canon-expressions,I:\MonkeyZoo Comic Strip\Fusion Squad\MonkeyZoo_Comic_Factory\03_APPROVED_CANON\approved_expressions\zombie\zombie_15_laughing.png,source_material/imported_canon/approved_expressions/zombie/zombie_15_laughing.png,zombie_15_laughing.png,png,587828,5ac86a9967bfe52441cc0dd84f453341ae68948740bd8d454e2ef73776180fda,2026-07-28T13:24:03+00:00,expression-art,authoritative,MZ-CHAR-ZOMBIE,,no,source_material/imported_canon/approved_characters/zombie/zombie_15_laughing.png,none (byte-for-byte copy),"Approved expression library. Substantially overlaps approved_characters; duplicates are detected by hash and reported, not deleted."
canon-expressions,I:\MonkeyZoo Comic Strip\Fusion Squad\MonkeyZoo_Comic_Factory\03_APPROVED_CANON\approved_expressions\zombie\zombie_16_worried.png,source_material/imported_canon/approved_expressions/zombie/zombie_16_worried.png,zombie_16_worried.png,png,546846,526a6a3bdc8722441b4542389614a0c31c34f213abe0c196c49b456a10d5f3be,2026-07-28T13:24:03+00:00,expression-art,authoritative,MZ-CHAR-ZOMBIE,,no,source_material/imported_canon/approved_characters/zombie/zombie_16_worried.png,none (byte-for-byte copy),"Approved expression library. Substantially overlaps approved_characters; duplicates are detected by hash and reported, not deleted."
canon-expressions,I:\MonkeyZoo Comic Strip\Fusion Squad\MonkeyZoo_Comic_Factory\03_APPROVED_CANON\approved_expressions\zombie\zombie_17_disgusted.png,source_material/imported_canon/approved_expressions/zombie/zombie_17_disgusted.png,zombie_17_disgusted.png,png,573022,5ad32d9bedc033f05b2212bb7bd3325b904529a946d4bd34cdd3872f4102e43f,2026-07-28T13:24:03+00:00,expression-art,authoritative,MZ-CHAR-ZOMBIE,,no,source_material/imported_canon/approved_characters/zombie/zombie_17_disgusted.png,none (byte-for-byte copy),"Approved expression library. Substantially overlaps approved_characters; duplicates are detected by hash and reported, not deleted."
canon-expressions,I:\MonkeyZoo Comic Strip\Fusion Squad\MonkeyZoo_Comic_Factory\03_APPROVED_CANON\approved_expressions\zombie\zombie_18_sleepy.png,source_material/imported_canon/approved_expressions/zombie/zombie_18_sleepy.png,zombie_18_sleepy.png,png,569693,358864be47d72929a236bc96319603b4bf68a120760f6ef044229227b194ad63,2026-07-28T13:24:03+00:00,expression-art,authoritative,MZ-CHAR-ZOMBIE,,no,source_material/imported_canon/approved_characters/zombie/zombie_18_sleepy.png,none (byte-for-byte copy),"Approved expression library. Substantially overlaps approved_characters; duplicates are detected by hash and reported, not deleted."
canon-expressions,I:\MonkeyZoo Comic Strip\Fusion Squad\MonkeyZoo_Comic_Factory\03_APPROVED_CANON\approved_expressions\zombie\zombie_19_determined.png,source_material/imported_canon/approved_expressions/zombie/zombie_19_determined.png,zombie_19_determined.png,png,601022,7d2c822047b197bc75a84d34d83815bcef7b4f6569662d53f7d5ee2059f3e9d8,2026-07-28T13:24:03+00:00,expression-art,authoritative,MZ-CHAR-ZOMBIE,,no,source_material/imported_canon/approved_characters/zombie/zombie_19_determined.png,none (byte-for-byte copy),"Approved expression library. Substantially overlaps approved_characters; duplicates are detected by hash and reported, not deleted."
canon-expressions,I:\MonkeyZoo Comic Strip\Fusion Squad\MonkeyZoo_Comic_Factory\03_APPROVED_CANON\approved_expressions\zombie\zombie_20_confused.png,source_material/imported_canon/approved_expressions/zombie/zombie_20_confused.png,zombie_20_confused.png,png,566473,c680bdbb7063cfa3040c75b0118c906cf702b395a8d93b368e3ac936b2d21f29,2026-07-28T13:24:03+00:00,expression-art,authoritative,MZ-CHAR-ZOMBIE,,no,source_material/imported_canon/approved_characters/zombie/zombie_20_confused.png,none (byte-for-byte copy),"Approved expression library. Substantially overlaps approved_characters; duplicates are detected by hash and reported, not deleted."
canon-expressions,I:\MonkeyZoo Comic Strip\Fusion Squad\MonkeyZoo_Comic_Factory\03_APPROVED_CANON\approved_expressions\zombie\zombie_21_running.png,source_material/imported_canon/approved_expressions/zombie/zombie_21_running.png,zombie_21_running.png,png,638859,7a1751cd39c8eb3789c139c877f1f67df35cdb1cd4e4dbb672616dfda332c16e,2026-07-28T13:24:03+00:00,expression-art,authoritative,MZ-CHAR-ZOMBIE,,no,source_material/imported_canon/approved_characters/zombie/zombie_21_running.png,none (byte-for-byte copy),"Approved expression library. Substantially overlaps approved_characters; duplicates are detected by hash and reported, not deleted."
canon-expressions,I:\MonkeyZoo Comic Strip\Fusion Squad\MonkeyZoo_Comic_Factory\03_APPROVED_CANON\approved_expressions\zombie\zombie_22_jumping.png,source_material/imported_canon/approved_expressions/zombie/zombie_22_jumping.png,zombie_22_jumping.png,png,634440,388693ed995d626ded12eaa7598a6247ce44ba91fb5976029287997de4e36f31,2026-07-28T13:24:03+00:00,expression-art,authoritative,MZ-CHAR-ZOMBIE,,no,source_material/imported_canon/approved_characters/zombie/zombie_22_jumping.png,none (byte-for-byte copy),"Approved expression library. Substantially overlaps approved_characters; duplicates are detected by hash and reported, not deleted."
canon-expressions,I:\MonkeyZoo Comic Strip\Fusion Squad\MonkeyZoo_Comic_Factory\03_APPROVED_CANON\approved_expressions\zombie\zombie_23_waving.png,source_material/imported_canon/approved_expressions/zombie/zombie_23_waving.png,zombie_23_waving.png,png,586562,1ecfc49cc27b3a28234d85d296c8ccaf5c14ecf709e62bb22c1d799f283c716e,2026-07-28T13:24:03+00:00,expression-art,authoritative,MZ-CHAR-ZOMBIE,,no,source_material/imported_canon/approved_characters/zombie/zombie_23_waving.png,none (byte-for-byte copy),"Approved expression library. Substantially overlaps approved_characters; duplicates are detected by hash and reported, not deleted."
canon-expressions,I:\MonkeyZoo Comic Strip\Fusion Squad\MonkeyZoo_Comic_Factory\03_APPROVED_CANON\approved_expressions\zombie\zombie_24_thinking.png,source_material/imported_canon/approved_expressions/zombie/zombie_24_thinking.png,zombie_24_thinking.png,png,560797,43b14c1e5317f25c60b75920a39b52f1592db21d7bc035e8ec57398146ca4d52,2026-07-28T13:24:03+00:00,expression-art,authoritative,MZ-CHAR-ZOMBIE,,no,source_material/imported_canon/approved_characters/zombie/zombie_24_thinking.png,none (byte-for-byte copy),"Approved expression library. Substantially overlaps approved_characters; duplicates are detected by hash and reported, not deleted."
canon-expressions,I:\MonkeyZoo Comic Strip\Fusion Squad\MonkeyZoo_Comic_Factory\03_APPROVED_CANON\approved_expressions\zombie\zombie_25_crouching.png,source_material/imported_canon/approved_expressions/zombie/zombie_25_crouching.png,zombie_25_crouching.png,png,600647,66bfcf3dcbf91efdf3d061614e46cce555833fb6e2cd8a116238c27b4012a8d2,2026-07-28T13:24:03+00:00,expression-art,authoritative,MZ-CHAR-ZOMBIE,,no,source_material/imported_canon/approved_characters/zombie/zombie_25_crouching.png,none (byte-for-byte copy),"Approved expression library. Substantially overlaps approved_characters; duplicates are detected by hash and reported, not deleted."
canon-expressions,I:\MonkeyZoo Comic Strip\Fusion Squad\MonkeyZoo_Comic_Factory\03_APPROVED_CANON\approved_expressions\zombie\zombie_26_reaching.png,source_material/imported_canon/approved_expressions/zombie/zombie_26_reaching.png,zombie_26_reaching.png,png,628542,315a1a125df29c62d6319c57bb31042596d190996ef133cf7119acf365b8c424,2026-07-28T13:24:03+00:00,expression-art,authoritative,MZ-CHAR-ZOMBIE,,no,source_material/imported_canon/approved_characters/zombie/zombie_26_reaching.png,none (byte-for-byte copy),"Approved expression library. Substantially overlaps approved_characters; duplicates are detected by hash and reported, not deleted."
canon-expressions,I:\MonkeyZoo Comic Strip\Fusion Squad\MonkeyZoo_Comic_Factory\03_APPROVED_CANON\approved_expressions\zombie\zombie_27_defeated.png,source_material/imported_canon/approved_expressions/zombie/zombie_27_defeated.png,zombie_27_defeated.png,png,546876,21a9008247c6a111f762d4f04a65f17207b787ed238741f6741fe8a8922b3a8e,2026-07-28T13:24:03+00:00,expression-art,authoritative,MZ-CHAR-ZOMBIE,,no,source_material/imported_canon/approved_characters/zombie/zombie_27_defeated.png,none (byte-for-byte copy),"Approved expression library. Substantially overlaps approved_characters; duplicates are detected by hash and reported, not deleted."
canon-expressions,I:\MonkeyZoo Comic Strip\Fusion Squad\MonkeyZoo_Comic_Factory\03_APPROVED_CANON\approved_expressions\zombie\zombie_28_celebrating.png,source_material/imported_canon/approved_expressions/zombie/zombie_28_celebrating.png,zombie_28_celebrating.png,png,622157,db9229b3a5cf5f21da4725d1c865bf1ca64831e35210706bf91e457052d4fb8b,2026-07-28T13:24:03+00:00,expression-art,authoritative,MZ-CHAR-ZOMBIE,,no,source_material/imported_canon/approved_characters/zombie/zombie_28_celebrating.png,none (byte-for-byte copy),"Approved expression library. Substantially overlaps approved_characters; duplicates are detected by hash and reported, not deleted."
canon-expressions,I:\MonkeyZoo Comic Strip\Fusion Squad\MonkeyZoo_Comic_Factory\03_APPROVED_CANON\approved_expressions\zombie\zombie_29_lookingup.png,source_material/imported_canon/approved_expressions/zombie/zombie_29_lookingup.png,zombie_29_lookingup.png,png,553869,b74ede9e3349915f96069d9e71fc49746ad3ae2987bb08671dfd5785c229fa9d,2026-07-28T13:24:03+00:00,expression-art,authoritative,MZ-CHAR-ZOMBIE,,no,source_material/imported_canon/approved_characters/zombie/zombie_29_lookingup.png,none (byte-for-byte copy),"Approved expression library. Substantially overlaps approved_characters; duplicates are detected by hash and reported, not deleted."
canon-expressions,I:\MonkeyZoo Comic Strip\Fusion Squad\MonkeyZoo_Comic_Factory\03_APPROVED_CANON\approved_expressions\zombie\zombie_30_backview.png,source_material/imported_canon/approved_expressions/zombie/zombie_30_backview.png,zombie_30_backview.png,png,577761,bc8e0e16bf2e81e8e5fe967982928e5462fb3e3c5dcf62028f276cd2a477e933,2026-07-28T13:24:03+00:00,expression-art,authoritative,MZ-CHAR-ZOMBIE,,no,source_material/imported_canon/approved_characters/zombie/zombie_30_backview.png,none (byte-for-byte copy),"Approved expression library. Substantially overlaps approved_characters; duplicates are detected by hash and reported, not deleted."
canon-locations,I:\MonkeyZoo Comic Strip\Fusion Squad\MonkeyZoo_Comic_Factory\03_APPROVED_CANON\approved_locations\auto-harmony-seating\bible.md,source_material/imported_canon/approved_locations/auto-harmony-seating/bible.md,bible.md,md,983,70355d692e68b69044d56888565394053f8aa868c288f32626e7ef6d127848b2,2026-07-28T13:24:03+00:00,location-plate,authoritative,,,yes,,none (byte-for-byte copy),"Approved location plates at 1280x720. Only four festival plates exist, which is the primary background bottleneck for Issue 001."
canon-locations,I:\MonkeyZoo Comic Strip\Fusion Squad\MonkeyZoo_Comic_Factory\03_APPROVED_CANON\approved_locations\auto-harmony-seating\primary-reference.png,source_material/imported_canon/approved_locations/auto-harmony-seating/primary-reference.png,primary-reference.png,png,1224712,4583cce021d957da21adeda3982b45ab3610b1e17f300b12c73d0b598f8955a2,2026-07-28T13:24:03+00:00,location-plate,authoritative,,,no,,none (byte-for-byte copy),"Approved location plates at 1280x720. Only four festival plates exist, which is the primary background bottleneck for Issue 001."
canon-locations,I:\MonkeyZoo Comic Strip\Fusion Squad\MonkeyZoo_Comic_Factory\03_APPROVED_CANON\approved_locations\central-echo-relay\bible.md,source_material/imported_canon/approved_locations/central-echo-relay/bible.md,bible.md,md,982,7dab45cd5aa58c3ad0ce8b436f5c53f6c97bbe239017c4f19bf0a460f5c5a61c,2026-07-28T13:24:03+00:00,location-plate,authoritative,,,yes,,none (byte-for-byte copy),"Approved location plates at 1280x720. Only four festival plates exist, which is the primary background bottleneck for Issue 001."
canon-locations,I:\MonkeyZoo Comic Strip\Fusion Squad\MonkeyZoo_Comic_Factory\03_APPROVED_CANON\approved_locations\central-echo-relay\primary-reference.png,source_material/imported_canon/approved_locations/central-echo-relay/primary-reference.png,primary-reference.png,png,1294934,d531e55a4f097d375d6f3a865069bac9d40e2e800ec70bebdbe3e0128a71b3fd,2026-07-28T13:24:03+00:00,location-plate,authoritative,,,no,,none (byte-for-byte copy),"Approved location plates at 1280x720. Only four festival plates exist, which is the primary background bottleneck for Issue 001."
canon-locations,I:\MonkeyZoo Comic Strip\Fusion Squad\MonkeyZoo_Comic_Factory\03_APPROVED_CANON\approved_locations\community-meal-hall\bible.md,source_material/imported_canon/approved_locations/community-meal-hall/bible.md,bible.md,md,963,ed4a76ab3f3cd89f80e489fd1dcec3c14224dc6528abbe68bc15450f8dedbe14,2026-07-28T13:24:03+00:00,location-plate,authoritative,,,yes,,none (byte-for-byte copy),"Approved location plates at 1280x720. Only four festival plates exist, which is the primary background bottleneck for Issue 001."
canon-locations,I:\MonkeyZoo Comic Strip\Fusion Squad\MonkeyZoo_Comic_Factory\03_APPROVED_CANON\approved_locations\community-meal-hall\primary-reference.png,source_material/imported_canon/approved_locations/community-meal-hall/primary-reference.png,primary-reference.png,png,1498792,f1c55d1ef8f833dee14b034bd225c8abc12665a4733e12800eaa08d6f0b2ba50,2026-07-28T13:24:03+00:00,location-plate,authoritative,,,no,,none (byte-for-byte copy),"Approved location plates at 1280x720. Only four festival plates exist, which is the primary background bottleneck for Issue 001."
canon-locations,I:\MonkeyZoo Comic Strip\Fusion Squad\MonkeyZoo_Comic_Factory\03_APPROVED_CANON\approved_locations\false-choice-gallery\bible.md,source_material/imported_canon/approved_locations/false-choice-gallery/bible.md,bible.md,md,970,a59a4a0acd96bbb3ffbe93f2ee5c0611d00979bfb648bc6b25d27e730a4f732a,2026-07-28T13:24:03+00:00,location-plate,authoritative,,,yes,,none (byte-for-byte copy),"Approved location plates at 1280x720. Only four festival plates exist, which is the primary background bottleneck for Issue 001."
canon-locations,I:\MonkeyZoo Comic Strip\Fusion Squad\MonkeyZoo_Comic_Factory\03_APPROVED_CANON\approved_locations\false-choice-gallery\primary-reference.png,source_material/imported_canon/approved_locations/false-choice-gallery/primary-reference.png,primary-reference.png,png,907374,368d218e7c96e618753867ab701981082b10c1af5bf62798bd2aae02ac3b2283,2026-07-28T13:24:03+00:00,location-plate,authoritative,,,no,,none (byte-for-byte copy),"Approved location plates at 1280x720. Only four festival plates exist, which is the primary background bottleneck for Issue 001."
canon-locations,I:\MonkeyZoo Comic Strip\Fusion Squad\MonkeyZoo_Comic_Factory\03_APPROVED_CANON\approved_locations\festival-control-node\bible.md,source_material/imported_canon/approved_locations/festival-control-node/bible.md,bible.md,md,1003,e6ceba04aa5a46884f5d1d72e288f7ea64b3bab25d29355c9199e886f730ea05,2026-07-28T13:24:03+00:00,location-plate,authoritative,,,yes,,none (byte-for-byte copy),"Approved location plates at 1280x720. Only four festival plates exist, which is the primary background bottleneck for Issue 001."
canon-locations,I:\MonkeyZoo Comic Strip\Fusion Squad\MonkeyZoo_Comic_Factory\03_APPROVED_CANON\approved_locations\festival-control-node\primary-reference.png,source_material/imported_canon/approved_locations/festival-control-node/primary-reference.png,primary-reference.png,png,1103575,b095a40e578cdfcc32a9d1b567f45b4626e651ec37f996fea0899916a861a168,2026-07-28T13:24:03+00:00,location-plate,authoritative,,,no,,none (byte-for-byte copy),"Approved location plates at 1280x720. Only four festival plates exist, which is the primary background bottleneck for Issue 001."
canon-locations,I:\MonkeyZoo Comic Strip\Fusion Squad\MonkeyZoo_Comic_Factory\03_APPROVED_CANON\approved_locations\festival-grounds\bible.md,source_material/imported_canon/approved_locations/festival-grounds/bible.md,bible.md,md,1005,defc0f04bf42963e03f970c45ea3d91900a192d8172ee8f43f41656e531c158e,2026-07-28T13:24:03+00:00,location-plate,authoritative,,,yes,,none (byte-for-byte copy),"Approved location plates at 1280x720. Only four festival plates exist, which is the primary background bottleneck for Issue 001."
canon-locations,I:\MonkeyZoo Comic Strip\Fusion Squad\MonkeyZoo_Comic_Factory\03_APPROVED_CANON\approved_locations\festival-grounds\primary-reference.png,source_material/imported_canon/approved_locations/festival-grounds/primary-reference.png,primary-reference.png,png,1024870,4bfdfc111b1ea012829a44cdcc4c765eeb5e3e6166c76450693b6fec0a5f8245,2026-07-28T13:24:03+00:00,location-plate,authoritative,,,no,,none (byte-for-byte copy),"Approved location plates at 1280x720. Only four festival plates exist, which is the primary background bottleneck for Issue 001."
canon-locations,I:\MonkeyZoo Comic Strip\Fusion Squad\MonkeyZoo_Comic_Factory\03_APPROVED_CANON\approved_locations\festival-main-stage\bible.md,source_material/imported_canon/approved_locations/festival-main-stage/bible.md,bible.md,md,980,d0e2b2027c1fcd03c1c891603bd0b633c968ccba757dfaefa838fcf060b3ac59,2026-07-28T13:24:03+00:00,location-plate,authoritative,,,yes,,none (byte-for-byte copy),"Approved location plates at 1280x720. Only four festival plates exist, which is the primary background bottleneck for Issue 001."
canon-locations,I:\MonkeyZoo Comic Strip\Fusion Squad\MonkeyZoo_Comic_Factory\03_APPROVED_CANON\approved_locations\festival-main-stage\primary-reference.png,source_material/imported_canon/approved_locations/festival-main-stage/primary-reference.png,primary-reference.png,png,951213,f1f05d666c5aa439801eb4c739bbc9640f938b17cace728c54fe472a1f7706e4,2026-07-28T13:24:03+00:00,location-plate,authoritative,,,no,,none (byte-for-byte copy),"Approved location plates at 1280x720. Only four festival plates exist, which is the primary background bottleneck for Issue 001."
canon-locations,I:\MonkeyZoo Comic Strip\Fusion Squad\MonkeyZoo_Comic_Factory\03_APPROVED_CANON\approved_locations\festival-service-corridor\bible.md,source_material/imported_canon/approved_locations/festival-service-corridor/bible.md,bible.md,md,988,884c109e2de9c77cd7f284c6b8c2186a32eecc5325a5100429c8b481284be299,2026-07-28T13:24:03+00:00,location-plate,authoritative,,,yes,,none (byte-for-byte copy),"Approved location plates at 1280x720. Only four festival plates exist, which is the primary background bottleneck for Issue 001."
canon-locations,I:\MonkeyZoo Comic Strip\Fusion Squad\MonkeyZoo_Comic_Factory\03_APPROVED_CANON\approved_locations\festival-service-corridor\primary-reference.png,source_material/imported_canon/approved_locations/festival-service-corridor/primary-reference.png,primary-reference.png,png,1083500,445a243fb3dad6c7e53468a1ee2f47b0f6f132e5c5fcc0afd65e39042806de36,2026-07-28T13:24:03+00:00,location-plate,authoritative,,,no,,none (byte-for-byte copy),"Approved location plates at 1280x720. Only four festival plates exist, which is the primary background bottleneck for Issue 001."
canon-locations,I:\MonkeyZoo Comic Strip\Fusion Squad\MonkeyZoo_Comic_Factory\03_APPROVED_CANON\approved_locations\fusion-annex\bible.md,source_material/imported_canon/approved_locations/fusion-annex/bible.md,bible.md,md,1018,c9317396b2faff4365e08d69b5f06c4c750aab8fc0bef52d623a01f19440fb2e,2026-07-28T13:24:03+00:00,location-plate,authoritative,,,yes,,none (byte-for-byte copy),"Approved location plates at 1280x720. Only four festival plates exist, which is the primary background bottleneck for Issue 001."
canon-locations,I:\MonkeyZoo Comic Strip\Fusion Squad\MonkeyZoo_Comic_Factory\03_APPROVED_CANON\approved_locations\fusion-annex\primary-reference.png,source_material/imported_canon/approved_locations/fusion-annex/primary-reference.png,primary-reference.png,png,1195151,8cd0cc29e249767e162100dfd994524460697888f0b84ca35fc1ef1cf3a93e47,2026-07-28T13:24:03+00:00,location-plate,authoritative,,,no,,none (byte-for-byte copy),"Approved location plates at 1280x720. Only four festival plates exist, which is the primary background bottleneck for Issue 001."
canon-locations,I:\MonkeyZoo Comic Strip\Fusion Squad\MonkeyZoo_Comic_Factory\03_APPROVED_CANON\approved_locations\fusionzoo-public\bible.md,source_material/imported_canon/approved_locations/fusionzoo-public/bible.md,bible.md,md,1006,127eed2b4f271b0a4aad963e653ed106ed0680a04f27d4b91105607383eb03f2,2026-07-28T13:24:03+00:00,location-plate,authoritative,,,yes,,none (byte-for-byte copy),"Approved location plates at 1280x720. Only four festival plates exist, which is the primary background bottleneck for Issue 001."
canon-locations,I:\MonkeyZoo Comic Strip\Fusion Squad\MonkeyZoo_Comic_Factory\03_APPROVED_CANON\approved_locations\fusionzoo-public\primary-reference.png,source_material/imported_canon/approved_locations/fusionzoo-public/primary-reference.png,primary-reference.png,png,1313432,1db9f3e2a040e2283573b274067c442737929f39ea8c941b31626894b365668f,2026-07-28T13:24:03+00:00,location-plate,authoritative,,,no,,none (byte-for-byte copy),"Approved location plates at 1280x720. Only four festival plates exist, which is the primary background bottleneck for Issue 001."
canon-locations,I:\MonkeyZoo Comic Strip\Fusion Squad\MonkeyZoo_Comic_Factory\03_APPROVED_CANON\approved_locations\haunted-attraction\bible.md,source_material/imported_canon/approved_locations/haunted-attraction/bible.md,bible.md,md,992,f4072ff1ea9169a3ab3df3004f9fe13a5813176dd1a04f94d538bd3dd9515442,2026-07-28T13:24:03+00:00,location-plate,authoritative,,,yes,,none (byte-for-byte copy),"Approved location plates at 1280x720. Only four festival plates exist, which is the primary background bottleneck for Issue 001."
canon-locations,I:\MonkeyZoo Comic Strip\Fusion Squad\MonkeyZoo_Comic_Factory\03_APPROVED_CANON\approved_locations\haunted-attraction\primary-reference.png,source_material/imported_canon/approved_locations/haunted-attraction/primary-reference.png,primary-reference.png,png,1381456,568fdb90846e79c12ccd16757320b1c4382c571172fcb7ca0e8e71681e8f1c13,2026-07-28T13:24:03+00:00,location-plate,authoritative,,,no,,none (byte-for-byte copy),"Approved location plates at 1280x720. Only four festival plates exist, which is the primary background bottleneck for Issue 001."
canon-locations,I:\MonkeyZoo Comic Strip\Fusion Squad\MonkeyZoo_Comic_Factory\03_APPROVED_CANON\approved_locations\heating-infrastructure\bible.md,source_material/imported_canon/approved_locations/heating-infrastructure/bible.md,bible.md,md,1008,9dc3ace7d889d76ece04a47ba5dfc1e19caaf79d65da6f789bad8c945d182fc1,2026-07-28T13:24:03+00:00,location-plate,authoritative,,,yes,,none (byte-for-byte copy),"Approved location plates at 1280x720. Only four festival plates exist, which is the primary background bottleneck for Issue 001."
canon-locations,I:\MonkeyZoo Comic Strip\Fusion Squad\MonkeyZoo_Comic_Factory\03_APPROVED_CANON\approved_locations\heating-infrastructure\primary-reference.png,source_material/imported_canon/approved_locations/heating-infrastructure/primary-reference.png,primary-reference.png,png,1238255,52db62de5d5415f2a69154f20a563e7238432426bade2a893e7e0e7cce96d16a,2026-07-28T13:24:03+00:00,location-plate,authoritative,,,no,,none (byte-for-byte copy),"Approved location plates at 1280x720. Only four festival plates exist, which is the primary background bottleneck for Issue 001."
canon-locations,I:\MonkeyZoo Comic Strip\Fusion Squad\MonkeyZoo_Comic_Factory\03_APPROVED_CANON\approved_locations\LOCATION_INDEX.md,source_material/imported_canon/approved_locations/LOCATION_INDEX.md,LOCATION_INDEX.md,md,4319,f55836ab68889b9203b06565b8112dba576a823675de1ab8c2aac8a3e0ea115f,2026-07-28T13:24:03+00:00,location-plate,authoritative,,,yes,,none (byte-for-byte copy),"Approved location plates at 1280x720. Only four festival plates exist, which is the primary background bottleneck for Issue 001."
canon-locations,I:\MonkeyZoo Comic Strip\Fusion Squad\MonkeyZoo_Comic_Factory\03_APPROVED_CANON\approved_locations\new-year-civic-prep\bible.md,source_material/imported_canon/approved_locations/new-year-civic-prep/bible.md,bible.md,md,972,856d1eacfa519edbc831154a926ab9b13f2efbf8606014e87853c0b663c4bd0e,2026-07-28T13:24:03+00:00,location-plate,authoritative,,,yes,,none (byte-for-byte copy),"Approved location plates at 1280x720. Only four festival plates exist, which is the primary background bottleneck for Issue 001."
canon-locations,I:\MonkeyZoo Comic Strip\Fusion Squad\MonkeyZoo_Comic_Factory\03_APPROVED_CANON\approved_locations\new-year-civic-prep\primary-reference.png,source_material/imported_canon/approved_locations/new-year-civic-prep/primary-reference.png,primary-reference.png,png,1265286,4d67bb126fa7e742693aa55ef476ebc24c48095d6667d93c7b5b2442c1856abf,2026-07-28T13:24:03+00:00,location-plate,authoritative,,,no,,none (byte-for-byte copy),"Approved location plates at 1280x720. Only four festival plates exist, which is the primary background bottleneck for Issue 001."
canon-locations,I:\MonkeyZoo Comic Strip\Fusion Squad\MonkeyZoo_Comic_Factory\03_APPROVED_CANON\approved_locations\old-access-path\bible.md,source_material/imported_canon/approved_locations/old-access-path/bible.md,bible.md,md,988,84cbf9d8ca704c10035ecfbe53aaf35cf5d2ceefb3c58d906f9449ab236007ab,2026-07-28T13:24:03+00:00,location-plate,authoritative,,,yes,,none (byte-for-byte copy),"Approved location plates at 1280x720. Only four festival plates exist, which is the primary background bottleneck for Issue 001."
canon-locations,I:\MonkeyZoo Comic Strip\Fusion Squad\MonkeyZoo_Comic_Factory\03_APPROVED_CANON\approved_locations\old-access-path\primary-reference.png,source_material/imported_canon/approved_locations/old-access-path/primary-reference.png,primary-reference.png,png,1220470,1de6b46ca6bd5cd68c116225a46e8f67e0f5145fe25ea6b578366abfd94d1780,2026-07-28T13:24:03+00:00,location-plate,authoritative,,,no,,none (byte-for-byte copy),"Approved location plates at 1280x720. Only four festival plates exist, which is the primary background bottleneck for Issue 001."
canon-locations,I:\MonkeyZoo Comic Strip\Fusion Squad\MonkeyZoo_Comic_Factory\03_APPROVED_CANON\approved_locations\old-relay-junction\bible.md,source_material/imported_canon/approved_locations/old-relay-junction/bible.md,bible.md,md,1004,9615c7795d0dbc801c30b5f1dad1b2f5f77e3eef985ff6b681ede39a5bcaa6bf,2026-07-28T13:24:03+00:00,location-plate,authoritative,,,yes,,none (byte-for-byte copy),"Approved location plates at 1280x720. Only four festival plates exist, which is the primary background bottleneck for Issue 001."
canon-locations,I:\MonkeyZoo Comic Strip\Fusion Squad\MonkeyZoo_Comic_Factory\03_APPROVED_CANON\approved_locations\old-relay-junction\primary-reference.png,source_material/imported_canon/approved_locations/old-relay-junction/primary-reference.png,primary-reference.png,png,1363766,85c43d7e8da280d2a6ec21ee21f1b6bd8895d949cbc9c9524a22d0a1c977096b,2026-07-28T13:24:03+00:00,location-plate,authoritative,,,no,,none (byte-for-byte copy),"Approved location plates at 1280x720. Only four festival plates exist, which is the primary background bottleneck for Issue 001."
canon-locations,I:\MonkeyZoo Comic Strip\Fusion Squad\MonkeyZoo_Comic_Factory\03_APPROVED_CANON\approved_locations\school-pa-zone\bible.md,source_material/imported_canon/approved_locations/school-pa-zone/bible.md,bible.md,md,978,da484c5c9f4adad486b11e787c76c99c62d26ab12290edd3097be2d4dd9846f0,2026-07-28T13:24:03+00:00,location-plate,authoritative,,,yes,,none (byte-for-byte copy),"Approved location plates at 1280x720. Only four festival plates exist, which is the primary background bottleneck for Issue 001."
canon-locations,I:\MonkeyZoo Comic Strip\Fusion Squad\MonkeyZoo_Comic_Factory\03_APPROVED_CANON\approved_locations\school-pa-zone\primary-reference.png,source_material/imported_canon/approved_locations/school-pa-zone/primary-reference.png,primary-reference.png,png,1210097,fd65f77d3c4b1f416695cecb7a70e4a382f333995f66435384bfbca4368ef9f9,2026-07-28T13:24:03+00:00,location-plate,authoritative,,,no,,none (byte-for-byte copy),"Approved location plates at 1280x720. Only four festival plates exist, which is the primary background bottleneck for Issue 001."
canon-locations,I:\MonkeyZoo Comic Strip\Fusion Squad\MonkeyZoo_Comic_Factory\03_APPROVED_CANON\approved_locations\storm-routines\bible.md,source_material/imported_canon/approved_locations/storm-routines/bible.md,bible.md,md,999,402f54073c50359aef666dbcf1ae8aacb4682421cb5fb3ca30c14543c66ec631,2026-07-28T13:24:03+00:00,location-plate,authoritative,,,yes,,none (byte-for-byte copy),"Approved location plates at 1280x720. Only four festival plates exist, which is the primary background bottleneck for Issue 001."
canon-locations,I:\MonkeyZoo Comic Strip\Fusion Squad\MonkeyZoo_Comic_Factory\03_APPROVED_CANON\approved_locations\storm-routines\primary-reference.png,source_material/imported_canon/approved_locations/storm-routines/primary-reference.png,primary-reference.png,png,776401,00ff30e7c8d82a9eab509102ebf6ceb2c8a2ef0f0a7d648109d45d8344696be9,2026-07-28T13:24:03+00:00,location-plate,authoritative,,,no,,none (byte-for-byte copy),"Approved location plates at 1280x720. Only four festival plates exist, which is the primary background bottleneck for Issue 001."
canon-locations,I:\MonkeyZoo Comic Strip\Fusion Squad\MonkeyZoo_Comic_Factory\03_APPROVED_CANON\approved_locations\transit-announcement-hub\bible.md,source_material/imported_canon/approved_locations/transit-announcement-hub/bible.md,bible.md,md,980,3d559da671bcf7e7ad8646440f3e0405e510998fada62bc904930e2fc8e27dd9,2026-07-28T13:24:03+00:00,location-plate,authoritative,,,yes,,none (byte-for-byte copy),"Approved location plates at 1280x720. Only four festival plates exist, which is the primary background bottleneck for Issue 001."
canon-locations,I:\MonkeyZoo Comic Strip\Fusion Squad\MonkeyZoo_Comic_Factory\03_APPROVED_CANON\approved_locations\transit-announcement-hub\primary-reference.png,source_material/imported_canon/approved_locations/transit-announcement-hub/primary-reference.png,primary-reference.png,png,1187130,63f4aa1cec1ba7509217d367e1412a1367b57a00e79d0e82a20fc4bf56cb89bf,2026-07-28T13:24:03+00:00,location-plate,authoritative,,,no,,none (byte-for-byte copy),"Approved location plates at 1280x720. Only four festival plates exist, which is the primary background bottleneck for Issue 001."
canon-locations,I:\MonkeyZoo Comic Strip\Fusion Squad\MonkeyZoo_Comic_Factory\03_APPROVED_CANON\approved_locations\winter-emergency-shelter\bible.md,source_material/imported_canon/approved_locations/winter-emergency-shelter/bible.md,bible.md,md,991,2a05a78dce8f51b887ffe6b8b2b37e829a49879dbff40c9f7cdc03888e54affe,2026-07-28T13:24:03+00:00,location-plate,authoritative,,,yes,,none (byte-for-byte copy),"Approved location plates at 1280x720. Only four festival plates exist, which is the primary background bottleneck for Issue 001."
canon-locations,I:\MonkeyZoo Comic Strip\Fusion Squad\MonkeyZoo_Comic_Factory\03_APPROVED_CANON\approved_locations\winter-emergency-shelter\primary-reference.png,source_material/imported_canon/approved_locations/winter-emergency-shelter/primary-reference.png,primary-reference.png,png,1326391,91bee0fdade6963f28498c7f3dfb94fa221fdae2823e2a90b5e17e65ec2138c8,2026-07-28T13:24:03+00:00,location-plate,authoritative,,,no,,none (byte-for-byte copy),"Approved location plates at 1280x720. Only four festival plates exist, which is the primary background bottleneck for Issue 001."
canon-locations,I:\MonkeyZoo Comic Strip\Fusion Squad\MonkeyZoo_Comic_Factory\03_APPROVED_CANON\approved_locations\zoo-city-streets\bible.md,source_material/imported_canon/approved_locations/zoo-city-streets/bible.md,bible.md,md,998,56e34ca9d0a2ee83960657dcfbdab6995165e083f08f2c19e8eec5f5ec700795,2026-07-28T13:24:03+00:00,location-plate,authoritative,,,yes,,none (byte-for-byte copy),"Approved location plates at 1280x720. Only four festival plates exist, which is the primary background bottleneck for Issue 001."
canon-locations,I:\MonkeyZoo Comic Strip\Fusion Squad\MonkeyZoo_Comic_Factory\03_APPROVED_CANON\approved_locations\zoo-city-streets\primary-reference.png,source_material/imported_canon/approved_locations/zoo-city-streets/primary-reference.png,primary-reference.png,png,1239203,62963b51062de048b83e92329b12be8470114836c2ee8ee7bc0156ca233cc9d4,2026-07-28T13:24:03+00:00,location-plate,authoritative,,,no,,none (byte-for-byte copy),"Approved location plates at 1280x720. Only four festival plates exist, which is the primary background bottleneck for Issue 001."
canon-props,I:\MonkeyZoo Comic Strip\Fusion Squad\MonkeyZoo_Comic_Factory\03_APPROVED_CANON\approved_props\central-relay-console\bible.md,source_material/imported_canon/approved_props/central-relay-console/bible.md,bible.md,md,827,be615d7c84a2ad8b92fa50eb6450c708d85d8523199a9b3babc76bce7e753f0a,2026-07-28T13:24:03+00:00,prop-art,authoritative,,,yes,,none (byte-for-byte copy),"Approved prop references, one primary view each."
canon-props,I:\MonkeyZoo Comic Strip\Fusion Squad\MonkeyZoo_Comic_Factory\03_APPROVED_CANON\approved_props\central-relay-console\primary-reference.png,source_material/imported_canon/approved_props/central-relay-console/primary-reference.png,primary-reference.png,png,832293,89234fc66b2bd44c14909860e81233593054edc9d09743dc000c1867cd3d4464,2026-07-28T13:24:03+00:00,prop-art,authoritative,,,no,,none (byte-for-byte copy),"Approved prop references, one primary view each."
canon-props,I:\MonkeyZoo Comic Strip\Fusion Squad\MonkeyZoo_Comic_Factory\03_APPROVED_CANON\approved_props\community-table\bible.md,source_material/imported_canon/approved_props/community-table/bible.md,bible.md,md,818,dd1ae1628647880c20cc8b5c2aebbcc9ba7e449df9be704c7ca3837a0fa366d6,2026-07-28T13:24:03+00:00,prop-art,authoritative,,,yes,,none (byte-for-byte copy),"Approved prop references, one primary view each."
canon-props,I:\MonkeyZoo Comic Strip\Fusion Squad\MonkeyZoo_Comic_Factory\03_APPROVED_CANON\approved_props\community-table\primary-reference.png,source_material/imported_canon/approved_props/community-table/primary-reference.png,primary-reference.png,png,1105759,a6d7e0ed86dd7d7c0060e2cbc797c8b0166a34ba81fe39106b67c19a9dd165be,2026-07-28T13:24:03+00:00,prop-art,authoritative,,,no,,none (byte-for-byte copy),"Approved prop references, one primary view each."
canon-props,I:\MonkeyZoo Comic Strip\Fusion Squad\MonkeyZoo_Comic_Factory\03_APPROVED_CANON\approved_props\complete-echo-emblem\bible.md,source_material/imported_canon/approved_props/complete-echo-emblem/bible.md,bible.md,md,862,5cc5a8d93f917308756416d1d03a5b3823565e8494ef1feaa2fcd285edd9b232,2026-07-28T13:24:03+00:00,prop-art,authoritative,,,yes,,none (byte-for-byte copy),"Approved prop references, one primary view each."
canon-props,I:\MonkeyZoo Comic Strip\Fusion Squad\MonkeyZoo_Comic_Factory\03_APPROVED_CANON\approved_props\complete-echo-emblem\primary-reference.png,source_material/imported_canon/approved_props/complete-echo-emblem/primary-reference.png,primary-reference.png,png,920355,4896bcf1f8906995738a5c33bbcdd93a30cb75a027281091f5c033076097fc43,2026-07-28T13:24:03+00:00,prop-art,authoritative,,,no,,none (byte-for-byte copy),"Approved prop references, one primary view each."
canon-props,I:\MonkeyZoo Comic Strip\Fusion Squad\MonkeyZoo_Comic_Factory\03_APPROVED_CANON\approved_props\control-box\bible.md,source_material/imported_canon/approved_props/control-box/bible.md,bible.md,md,828,b723bd63875fb354d1cbae19aab5cd6799a8729acc66a8777b7d634050b23fef,2026-07-28T13:24:03+00:00,prop-art,authoritative,,,yes,,none (byte-for-byte copy),"Approved prop references, one primary view each."
canon-props,I:\MonkeyZoo Comic Strip\Fusion Squad\MonkeyZoo_Comic_Factory\03_APPROVED_CANON\approved_props\control-box\primary-reference.png,source_material/imported_canon/approved_props/control-box/primary-reference.png,primary-reference.png,png,840262,e5d14adf52a8f6b7bf421f1cc52b95322c5e2813f2cbd02621809e82a87789f7,2026-07-28T13:24:03+00:00,prop-art,authoritative,,,no,,none (byte-for-byte copy),"Approved prop references, one primary view each."
canon-props,I:\MonkeyZoo Comic Strip\Fusion Squad\MonkeyZoo_Comic_Factory\03_APPROVED_CANON\approved_props\cyan-relay-marker\bible.md,source_material/imported_canon/approved_props/cyan-relay-marker/bible.md,bible.md,md,905,661c7fb77d50fd91200a21e630a2ac38b68103c16db75f4a9c1356223257ba76,2026-07-28T13:24:03+00:00,prop-art,authoritative,,,yes,,none (byte-for-byte copy),"Approved prop references, one primary view each."
canon-props,I:\MonkeyZoo Comic Strip\Fusion Squad\MonkeyZoo_Comic_Factory\03_APPROVED_CANON\approved_props\cyan-relay-marker\primary-reference.png,source_material/imported_canon/approved_props/cyan-relay-marker/primary-reference.png,primary-reference.png,png,911881,2ce9a69a77fbffd488b7ad861febebded7da46c733d85a40bc52cbfd46b6fd20,2026-07-28T13:24:03+00:00,prop-art,authoritative,,,no,,none (byte-for-byte copy),"Approved prop references, one primary view each."
canon-props,I:\MonkeyZoo Comic Strip\Fusion Squad\MonkeyZoo_Comic_Factory\03_APPROVED_CANON\approved_props\debris-brace\bible.md,source_material/imported_canon/approved_props/debris-brace/bible.md,bible.md,md,853,00b3d28542938b7b8e2707811794c4f021fe4c4badca1534d869a0efdc06c3eb,2026-07-28T13:24:03+00:00,prop-art,authoritative,,,yes,,none (byte-for-byte copy),"Approved prop references, one primary view each."
canon-props,I:\MonkeyZoo Comic Strip\Fusion Squad\MonkeyZoo_Comic_Factory\03_APPROVED_CANON\approved_props\debris-brace\primary-reference.png,source_material/imported_canon/approved_props/debris-brace/primary-reference.png,primary-reference.png,png,986692,ca764c73c656147a7c39e8bf60c64dab247e8d2ebc41ee6954529de5d9f1c080,2026-07-28T13:24:03+00:00,prop-art,authoritative,,,no,,none (byte-for-byte copy),"Approved prop references, one primary view each."
canon-props,I:\MonkeyZoo Comic Strip\Fusion Squad\MonkeyZoo_Comic_Factory\03_APPROVED_CANON\approved_props\echo-symbol\bible.md,source_material/imported_canon/approved_props/echo-symbol/bible.md,bible.md,md,917,8c08c8fba23ae35e9a3003b0d5ce41ec94f90be419752ed316d4783f1dbff580,2026-07-28T13:24:03+00:00,prop-art,authoritative,,,yes,,none (byte-for-byte copy),"Approved prop references, one primary view each."
canon-props,I:\MonkeyZoo Comic Strip\Fusion Squad\MonkeyZoo_Comic_Factory\03_APPROVED_CANON\approved_props\echo-symbol\primary-reference.png,source_material/imported_canon/approved_props/echo-symbol/primary-reference.png,primary-reference.png,png,816795,82f27d41154b7ce6565f0f1801b699a61d4c666ff014ae3ee7a1e634ce25d314,2026-07-28T13:24:03+00:00,prop-art,authoritative,,,no,,none (byte-for-byte copy),"Approved prop references, one primary view each."
canon-props,I:\MonkeyZoo Comic Strip\Fusion Squad\MonkeyZoo_Comic_Factory\03_APPROVED_CANON\approved_props\emergency-supply-board\bible.md,source_material/imported_canon/approved_props/emergency-supply-board/bible.md,bible.md,md,875,d50a3c741facd505875a370cc19ef71116efc98a7a2f7df306ffb2514af1e4a0,2026-07-28T13:24:03+00:00,prop-art,authoritative,,,yes,,none (byte-for-byte copy),"Approved prop references, one primary view each."
canon-props,I:\MonkeyZoo Comic Strip\Fusion Squad\MonkeyZoo_Comic_Factory\03_APPROVED_CANON\approved_props\emergency-supply-board\primary-reference.png,source_material/imported_canon/approved_props/emergency-supply-board/primary-reference.png,primary-reference.png,png,542812,a4690d7550ac93e2f8a82a3202e92773bf56410c4f8a47790985d94c6ec8f691,2026-07-28T13:24:03+00:00,prop-art,authoritative,,,no,,none (byte-for-byte copy),"Approved prop references, one primary view each."
canon-props,I:\MonkeyZoo Comic Strip\Fusion Squad\MonkeyZoo_Comic_Factory\03_APPROVED_CANON\approved_props\empty-placesetting\bible.md,source_material/imported_canon/approved_props/empty-placesetting/bible.md,bible.md,md,873,9140fe460d9ec32c95d3fffc341524dd959e9c10474f3c2aae85aeac284e6550,2026-07-28T13:24:03+00:00,prop-art,authoritative,,,yes,,none (byte-for-byte copy),"Approved prop references, one primary view each."
canon-props,I:\MonkeyZoo Comic Strip\Fusion Squad\MonkeyZoo_Comic_Factory\03_APPROVED_CANON\approved_props\empty-placesetting\primary-reference.png,source_material/imported_canon/approved_props/empty-placesetting/primary-reference.png,primary-reference.png,png,687355,bc46cddb893adb3c3323e7bc739dba885f42f6939bf3c9363ff3c23bc0aa1e9d,2026-07-28T13:24:03+00:00,prop-art,authoritative,,,no,,none (byte-for-byte copy),"Approved prop references, one primary view each."
canon-props,I:\MonkeyZoo Comic Strip\Fusion Squad\MonkeyZoo_Comic_Factory\03_APPROVED_CANON\approved_props\festival-backup-panel\bible.md,source_material/imported_canon/approved_props/festival-backup-panel/bible.md,bible.md,md,839,e4fe44dfda928a577e6861f38187929620526befaa091a3891c6e88d0b73d7e1,2026-07-28T13:24:03+00:00,prop-art,authoritative,,,yes,,none (byte-for-byte copy),"Approved prop references, one primary view each."
canon-props,I:\MonkeyZoo Comic Strip\Fusion Squad\MonkeyZoo_Comic_Factory\03_APPROVED_CANON\approved_props\festival-backup-panel\primary-reference.png,source_material/imported_canon/approved_props/festival-backup-panel/primary-reference.png,primary-reference.png,png,687351,0eff00e4fb17b1ea1175aa4819928b5f848370279f897f40c2ac28461148a58e,2026-07-28T13:24:03+00:00,prop-art,authoritative,,,no,,none (byte-for-byte copy),"Approved prop references, one primary view each."
canon-props,I:\MonkeyZoo Comic Strip\Fusion Squad\MonkeyZoo_Comic_Factory\03_APPROVED_CANON\approved_props\floating-explainer\bible.md,source_material/imported_canon/approved_props/floating-explainer/bible.md,bible.md,md,812,b9ce3c0fc52b46b8b47fe0328c3c7dce52f7f7366777a10e6f391444e4bc9b69,2026-07-28T13:24:03+00:00,prop-art,authoritative,,,yes,,none (byte-for-byte copy),"Approved prop references, one primary view each."
canon-props,I:\MonkeyZoo Comic Strip\Fusion Squad\MonkeyZoo_Comic_Factory\03_APPROVED_CANON\approved_props\floating-explainer\primary-reference.png,source_material/imported_canon/approved_props/floating-explainer/primary-reference.png,primary-reference.png,png,957547,76fca646c9adca394a1f90db80ec4e4709027bf4b99a455ef2682d46215d87bd,2026-07-28T13:24:03+00:00,prop-art,authoritative,,,no,,none (byte-for-byte copy),"Approved prop references, one primary view each."
canon-props,I:\MonkeyZoo Comic Strip\Fusion Squad\MonkeyZoo_Comic_Factory\03_APPROVED_CANON\approved_props\fusion-ready-screen\bible.md,source_material/imported_canon/approved_props/fusion-ready-screen/bible.md,bible.md,md,807,863ca53c42886025d5e0bfb5baadcb37b1d21b2f572d1b6fe18f3337cceacf10,2026-07-28T13:24:03+00:00,prop-art,authoritative,,,yes,,none (byte-for-byte copy),"Approved prop references, one primary view each."
canon-props,I:\MonkeyZoo Comic Strip\Fusion Squad\MonkeyZoo_Comic_Factory\03_APPROVED_CANON\approved_props\fusion-ready-screen\primary-reference.png,source_material/imported_canon/approved_props/fusion-ready-screen/primary-reference.png,primary-reference.png,png,797620,867372a21f1d69118e9914fbc5f129a1ba06d5f4e580576b2f3f9cb4f9a0b7c1,2026-07-28T13:24:03+00:00,prop-art,authoritative,,,no,,none (byte-for-byte copy),"Approved prop references, one primary view each."
canon-props,I:\MonkeyZoo Comic Strip\Fusion Squad\MonkeyZoo_Comic_Factory\03_APPROVED_CANON\approved_props\fusionzoo-residue\bible.md,source_material/imported_canon/approved_props/fusionzoo-residue/bible.md,bible.md,md,868,23d8b89cb9482d1b66db4703c64cebf9446b924014e7e41a6a269fc5f3bf78ea,2026-07-28T13:24:03+00:00,prop-art,authoritative,,,yes,,none (byte-for-byte copy),"Approved prop references, one primary view each."
canon-props,I:\MonkeyZoo Comic Strip\Fusion Squad\MonkeyZoo_Comic_Factory\03_APPROVED_CANON\approved_props\fusionzoo-residue\primary-reference.png,source_material/imported_canon/approved_props/fusionzoo-residue/primary-reference.png,primary-reference.png,png,1163717,5f23c85c52247cca23140c0190a3f89d015eb21a9f9bd41dd44a0ef3cbea0ecb,2026-07-28T13:24:03+00:00,prop-art,authoritative,,,no,,none (byte-for-byte copy),"Approved prop references, one primary view each."
canon-props,I:\MonkeyZoo Comic Strip\Fusion Squad\MonkeyZoo_Comic_Factory\03_APPROVED_CANON\approved_props\fusionzoo-upgrade-sign\bible.md,source_material/imported_canon/approved_props/fusionzoo-upgrade-sign/bible.md,bible.md,md,826,699fa36e0c79a2259882bdad8754cca7fe30fd25cf314c406f21c6a9cc937f7c,2026-07-28T13:24:03+00:00,prop-art,authoritative,,,yes,,none (byte-for-byte copy),"Approved prop references, one primary view each."
canon-props,I:\MonkeyZoo Comic Strip\Fusion Squad\MonkeyZoo_Comic_Factory\03_APPROVED_CANON\approved_props\fusionzoo-upgrade-sign\primary-reference.png,source_material/imported_canon/approved_props/fusionzoo-upgrade-sign/primary-reference.png,primary-reference.png,png,697055,53ff6cd9df181201584d56532f121651ea33b979998f98a3f31c87cf5f4ff100,2026-07-28T13:24:03+00:00,prop-art,authoritative,,,no,,none (byte-for-byte copy),"Approved prop references, one primary view each."
canon-props,I:\MonkeyZoo Comic Strip\Fusion Squad\MonkeyZoo_Comic_Factory\03_APPROVED_CANON\approved_props\haunted-theatrical-prop\bible.md,source_material/imported_canon/approved_props/haunted-theatrical-prop/bible.md,bible.md,md,896,64243dd4307f771d437ccc416e120ed408741212cf4bda4fb438f3e6ceedae8a,2026-07-28T13:24:03+00:00,prop-art,authoritative,,,yes,,none (byte-for-byte copy),"Approved prop references, one primary view each."
canon-props,I:\MonkeyZoo Comic Strip\Fusion Squad\MonkeyZoo_Comic_Factory\03_APPROVED_CANON\approved_props\haunted-theatrical-prop\primary-reference.png,source_material/imported_canon/approved_props/haunted-theatrical-prop/primary-reference.png,primary-reference.png,png,851259,7f65de4f12dcc630daf3ab445193b6a8a5fd473542cac585c5ac4c3b065158a2,2026-07-28T13:24:03+00:00,prop-art,authoritative,,,no,,none (byte-for-byte copy),"Approved prop references, one primary view each."
canon-props,I:\MonkeyZoo Comic Strip\Fusion Squad\MonkeyZoo_Comic_Factory\03_APPROVED_CANON\approved_props\heating-sequence-plate\bible.md,source_material/imported_canon/approved_props/heating-sequence-plate/bible.md,bible.md,md,912,3ce6c4bdeca0c5cd20fa2e5fcedd9e697ad452dc8ca15883cb54eae5ce5db4bb,2026-07-28T13:24:03+00:00,prop-art,authoritative,,,yes,,none (byte-for-byte copy),"Approved prop references, one primary view each."
canon-props,I:\MonkeyZoo Comic Strip\Fusion Squad\MonkeyZoo_Comic_Factory\03_APPROVED_CANON\approved_props\heating-sequence-plate\primary-reference.png,source_material/imported_canon/approved_props/heating-sequence-plate/primary-reference.png,primary-reference.png,png,861488,725791c9402ca50f15a564788064c0b9b5f95f1d158c57caa3b6dbf509277de3,2026-07-28T13:24:03+00:00,prop-art,authoritative,,,no,,none (byte-for-byte copy),"Approved prop references, one primary view each."
canon-props,I:\MonkeyZoo Comic Strip\Fusion Squad\MonkeyZoo_Comic_Factory\03_APPROVED_CANON\approved_props\holiday-lights\bible.md,source_material/imported_canon/approved_props/holiday-lights/bible.md,bible.md,md,821,9c132f2a739d7e1ff310cfe297689917d08ff882d3043a7e801e9d3b129047ae,2026-07-28T13:24:03+00:00,prop-art,authoritative,,,yes,,none (byte-for-byte copy),"Approved prop references, one primary view each."
canon-props,I:\MonkeyZoo Comic Strip\Fusion Squad\MonkeyZoo_Comic_Factory\03_APPROVED_CANON\approved_props\holiday-lights\primary-reference.png,source_material/imported_canon/approved_props/holiday-lights/primary-reference.png,primary-reference.png,png,933074,f3dedd1912e8703fad3884ceaab4fa12411c9500ea6dd5580a7c6eedcf6acd48,2026-07-28T13:24:03+00:00,prop-art,authoritative,,,no,,none (byte-for-byte copy),"Approved prop references, one primary view each."
canon-props,I:\MonkeyZoo Comic Strip\Fusion Squad\MonkeyZoo_Comic_Factory\03_APPROVED_CANON\approved_props\invitation-card\bible.md,source_material/imported_canon/approved_props/invitation-card/bible.md,bible.md,md,824,0b0d1f1db233043a07df8d618d131e77b113813ba700350325429840453f9354,2026-07-28T13:24:03+00:00,prop-art,authoritative,,,yes,,none (byte-for-byte copy),"Approved prop references, one primary view each."
canon-props,I:\MonkeyZoo Comic Strip\Fusion Squad\MonkeyZoo_Comic_Factory\03_APPROVED_CANON\approved_props\invitation-card\primary-reference.png,source_material/imported_canon/approved_props/invitation-card/primary-reference.png,primary-reference.png,png,444880,7249091491ca77ebd1026e3388d7b3c02a2bbc15f80c23678c1bd63ece247223,2026-07-28T13:24:03+00:00,prop-art,authoritative,,,no,,none (byte-for-byte copy),"Approved prop references, one primary view each."
canon-props,I:\MonkeyZoo Comic Strip\Fusion Squad\MonkeyZoo_Comic_Factory\03_APPROVED_CANON\approved_props\misdirect-exit-sign\bible.md,source_material/imported_canon/approved_props/misdirect-exit-sign/bible.md,bible.md,md,853,16034932ccee9ff8ea6961d60627d11573ecbb2e2c049c382a35f18abc26044e,2026-07-28T13:24:03+00:00,prop-art,authoritative,,,yes,,none (byte-for-byte copy),"Approved prop references, one primary view each."
canon-props,I:\MonkeyZoo Comic Strip\Fusion Squad\MonkeyZoo_Comic_Factory\03_APPROVED_CANON\approved_props\misdirect-exit-sign\primary-reference.png,source_material/imported_canon/approved_props/misdirect-exit-sign/primary-reference.png,primary-reference.png,png,900776,89be01f2cfa777419975343ee6e6e55f426de90d4f3f0bf721f5c5f1776fc9e1,2026-07-28T13:24:03+00:00,prop-art,authoritative,,,no,,none (byte-for-byte copy),"Approved prop references, one primary view each."
canon-props,I:\MonkeyZoo Comic Strip\Fusion Squad\MonkeyZoo_Comic_Factory\03_APPROVED_CANON\approved_props\old-wall-marking\bible.md,source_material/imported_canon/approved_props/old-wall-marking/bible.md,bible.md,md,871,4e28f265fe6d2b250b2127ae8d350fba605cce5f8dd6830d7f1ecd45a4071dff,2026-07-28T13:24:03+00:00,prop-art,authoritative,,,yes,,none (byte-for-byte copy),"Approved prop references, one primary view each."
canon-props,I:\MonkeyZoo Comic Strip\Fusion Squad\MonkeyZoo_Comic_Factory\03_APPROVED_CANON\approved_props\old-wall-marking\primary-reference.png,source_material/imported_canon/approved_props/old-wall-marking/primary-reference.png,primary-reference.png,png,976950,9c493ab7d6fe67fdfc98454b22d5ec421db6d5254add66f2dacd7c85db6f4ca4,2026-07-28T13:24:03+00:00,prop-art,authoritative,,,no,,none (byte-for-byte copy),"Approved prop references, one primary view each."
canon-props,I:\MonkeyZoo Comic Strip\Fusion Squad\MonkeyZoo_Comic_Factory\03_APPROVED_CANON\approved_props\personal-device-burst\bible.md,source_material/imported_canon/approved_props/personal-device-burst/bible.md,bible.md,md,847,0be28a183491ca184a9ef2547b0759f5ab9fdd19b55fcea90faff63d28cb8610,2026-07-28T13:24:03+00:00,prop-art,authoritative,,,yes,,none (byte-for-byte copy),"Approved prop references, one primary view each."
canon-props,I:\MonkeyZoo Comic Strip\Fusion Squad\MonkeyZoo_Comic_Factory\03_APPROVED_CANON\approved_props\personal-device-burst\primary-reference.png,source_material/imported_canon/approved_props/personal-device-burst/primary-reference.png,primary-reference.png,png,1004713,b3aac4b69cecc64b78900e5cfc0e80011dad7be4b7b08c8eb7e52db49fdc9871,2026-07-28T13:24:03+00:00,prop-art,authoritative,,,no,,none (byte-for-byte copy),"Approved prop references, one primary view each."
canon-props,I:\MonkeyZoo Comic Strip\Fusion Squad\MonkeyZoo_Comic_Factory\03_APPROVED_CANON\approved_props\powered-off-radio\bible.md,source_material/imported_canon/approved_props/powered-off-radio/bible.md,bible.md,md,848,1f6034d9a92aa3de5e24e3d9f1949dc6dc58cf4c4165165d4825a89611515c9e,2026-07-28T13:24:03+00:00,prop-art,authoritative,,,yes,,none (byte-for-byte copy),"Approved prop references, one primary view each."
canon-props,I:\MonkeyZoo Comic Strip\Fusion Squad\MonkeyZoo_Comic_Factory\03_APPROVED_CANON\approved_props\powered-off-radio\primary-reference.png,source_material/imported_canon/approved_props/powered-off-radio/primary-reference.png,primary-reference.png,png,646622,f795c7448d6a72d758e23501ae1e83d9e50f3bc32a0958d990591502f996dbac,2026-07-28T13:24:03+00:00,prop-art,authoritative,,,no,,none (byte-for-byte copy),"Approved prop references, one primary view each."
canon-props,I:\MonkeyZoo Comic Strip\Fusion Squad\MonkeyZoo_Comic_Factory\03_APPROVED_CANON\approved_props\PROP_INDEX.md,source_material/imported_canon/approved_props/PROP_INDEX.md,PROP_INDEX.md,md,5436,f8bf4b5200d64fcc28dbde9f4fb8adc8fa5e7731a2fcf17408d86d6fb5566218,2026-07-28T13:24:03+00:00,prop-art,authoritative,,,yes,,none (byte-for-byte copy),"Approved prop references, one primary view each."
canon-props,I:\MonkeyZoo Comic Strip\Fusion Squad\MonkeyZoo_Comic_Factory\03_APPROVED_CANON\approved_props\public-projection-screen\bible.md,source_material/imported_canon/approved_props/public-projection-screen/bible.md,bible.md,md,849,b4e13ac33f780380d6111464d7b1ff1f4172cdd407784950e4de7e9efb38faee,2026-07-28T13:24:03+00:00,prop-art,authoritative,,,yes,,none (byte-for-byte copy),"Approved prop references, one primary view each."
canon-props,I:\MonkeyZoo Comic Strip\Fusion Squad\MonkeyZoo_Comic_Factory\03_APPROVED_CANON\approved_props\public-projection-screen\primary-reference.png,source_material/imported_canon/approved_props/public-projection-screen/primary-reference.png,primary-reference.png,png,667147,e41ee59a902b02207b4f7acb98aff05d2ec503a329d90a47d386831eba986627,2026-07-28T13:24:03+00:00,prop-art,authoritative,,,no,,none (byte-for-byte copy),"Approved prop references, one primary view each."
canon-props,I:\MonkeyZoo Comic Strip\Fusion Squad\MonkeyZoo_Comic_Factory\03_APPROVED_CANON\approved_props\school-speaker\bible.md,source_material/imported_canon/approved_props/school-speaker/bible.md,bible.md,md,825,18ebd48a76a6e783ac4885964b9846c537ff2b6c3510ca99bd1585fde83ab23a,2026-07-28T13:24:03+00:00,prop-art,authoritative,,,yes,,none (byte-for-byte copy),"Approved prop references, one primary view each."
canon-props,I:\MonkeyZoo Comic Strip\Fusion Squad\MonkeyZoo_Comic_Factory\03_APPROVED_CANON\approved_props\school-speaker\primary-reference.png,source_material/imported_canon/approved_props/school-speaker/primary-reference.png,primary-reference.png,png,592139,e3e41b4c5a40c8e9d95f557fdfe1ef6f65ae4b76b0e7ecee8a1494cb464bed6a,2026-07-28T13:24:03+00:00,prop-art,authoritative,,,no,,none (byte-for-byte copy),"Approved prop references, one primary view each."
canon-props,I:\MonkeyZoo Comic Strip\Fusion Squad\MonkeyZoo_Comic_Factory\03_APPROVED_CANON\approved_props\seating-system-ui\bible.md,source_material/imported_canon/approved_props/seating-system-ui/bible.md,bible.md,md,852,de972a394a91b517ec8ce6b2befd07faa50319c3210afc8ef1028560408fa7ce,2026-07-28T13:24:03+00:00,prop-art,authoritative,,,yes,,none (byte-for-byte copy),"Approved prop references, one primary view each."
canon-props,I:\MonkeyZoo Comic Strip\Fusion Squad\MonkeyZoo_Comic_Factory\03_APPROVED_CANON\approved_props\seating-system-ui\primary-reference.png,source_material/imported_canon/approved_props/seating-system-ui/primary-reference.png,primary-reference.png,png,862954,13e639edd186295890bf80035ec50bfa7f2c9d077660fcc5e3cf1c4ba63efb33,2026-07-28T13:24:03+00:00,prop-art,authoritative,,,no,,none (byte-for-byte copy),"Approved prop references, one primary view each."
canon-props,I:\MonkeyZoo Comic Strip\Fusion Squad\MonkeyZoo_Comic_Factory\03_APPROVED_CANON\approved_props\service-gate\bible.md,source_material/imported_canon/approved_props/service-gate/bible.md,bible.md,md,880,71df0ed52d9b9887d8a679be4e27945ee8ccd6ffea5db03bb5edd2a3c00585da,2026-07-28T13:24:03+00:00,prop-art,authoritative,,,yes,,none (byte-for-byte copy),"Approved prop references, one primary view each."
canon-props,I:\MonkeyZoo Comic Strip\Fusion Squad\MonkeyZoo_Comic_Factory\03_APPROVED_CANON\approved_props\service-gate\primary-reference.png,source_material/imported_canon/approved_props/service-gate/primary-reference.png,primary-reference.png,png,971270,d7c1134a707a2d75a1f3636dc035d0b8355bb1b79782ed9555dfa0cbdf60b40c,2026-07-28T13:24:03+00:00,prop-art,authoritative,,,no,,none (byte-for-byte copy),"Approved prop references, one primary view each."
canon-props,I:\MonkeyZoo Comic Strip\Fusion Squad\MonkeyZoo_Comic_Factory\03_APPROVED_CANON\approved_props\signal-analyzer\bible.md,source_material/imported_canon/approved_props/signal-analyzer/bible.md,bible.md,md,863,8bd1441d2498a6aecdd8059dfaf1a761854a75f71eeb1a6a87523981daea3309,2026-07-28T13:24:03+00:00,prop-art,authoritative,,,yes,,none (byte-for-byte copy),"Approved prop references, one primary view each."
canon-props,I:\MonkeyZoo Comic Strip\Fusion Squad\MonkeyZoo_Comic_Factory\03_APPROVED_CANON\approved_props\signal-analyzer\primary-reference.png,source_material/imported_canon/approved_props/signal-analyzer/primary-reference.png,primary-reference.png,png,746872,78849c978bf0203c8453a2692dcb83a08dffb6bdcdc3a9079e6998f5b1df9df6,2026-07-28T13:24:03+00:00,prop-art,authoritative,,,no,,none (byte-for-byte copy),"Approved prop references, one primary view each."
canon-props,I:\MonkeyZoo Comic Strip\Fusion Squad\MonkeyZoo_Comic_Factory\03_APPROVED_CANON\approved_props\six-tone-motif\bible.md,source_material/imported_canon/approved_props/six-tone-motif/bible.md,bible.md,md,943,f006e5b8a96082371197f337310da1176b0e167f9ef3c28adbf81d22ef636dff,2026-07-28T13:24:03+00:00,prop-art,authoritative,,,yes,,none (byte-for-byte copy),"Approved prop references, one primary view each."
canon-props,I:\MonkeyZoo Comic Strip\Fusion Squad\MonkeyZoo_Comic_Factory\03_APPROVED_CANON\approved_props\six-tone-motif\primary-reference.png,source_material/imported_canon/approved_props/six-tone-motif/primary-reference.png,primary-reference.png,png,904731,567253ed6c52536cdbf627f4085b6802f3d5ed48003758112384e6d53662796a,2026-07-28T13:24:03+00:00,prop-art,authoritative,,,no,,none (byte-for-byte copy),"Approved prop references, one primary view each."
canon-props,I:\MonkeyZoo Comic Strip\Fusion Squad\MonkeyZoo_Comic_Factory\03_APPROVED_CANON\approved_props\temporary-heat-source\bible.md,source_material/imported_canon/approved_props/temporary-heat-source/bible.md,bible.md,md,850,306149045ca18ad749a60e7f13918e535ad6de98125b438a2077c4be16d29553,2026-07-28T13:24:03+00:00,prop-art,authoritative,,,yes,,none (byte-for-byte copy),"Approved prop references, one primary view each."
canon-props,I:\MonkeyZoo Comic Strip\Fusion Squad\MonkeyZoo_Comic_Factory\03_APPROVED_CANON\approved_props\temporary-heat-source\primary-reference.png,source_material/imported_canon/approved_props/temporary-heat-source/primary-reference.png,primary-reference.png,png,989378,5c5770a7af7349c0bbbb4bc34e7adcac7d6686338cbf4b69acf64e72ded0d373,2026-07-28T13:24:03+00:00,prop-art,authoritative,,,no,,none (byte-for-byte copy),"Approved prop references, one primary view each."
canon-props,I:\MonkeyZoo Comic Strip\Fusion Squad\MonkeyZoo_Comic_Factory\03_APPROVED_CANON\approved_props\transit-board\bible.md,source_material/imported_canon/approved_props/transit-board/bible.md,bible.md,md,814,9e6deb6693e10a48df70e899bc03b860d4176ba7bfff4c651e377ad6a061635c,2026-07-28T13:24:03+00:00,prop-art,authoritative,,,yes,,none (byte-for-byte copy),"Approved prop references, one primary view each."
canon-props,I:\MonkeyZoo Comic Strip\Fusion Squad\MonkeyZoo_Comic_Factory\03_APPROVED_CANON\approved_props\transit-board\primary-reference.png,source_material/imported_canon/approved_props/transit-board/primary-reference.png,primary-reference.png,png,784958,29fbc868b0cfa32969cf3c55919d71f4ac86e52e992f2f33529e61aa4cc8c5ce,2026-07-28T13:24:03+00:00,prop-art,authoritative,,,no,,none (byte-for-byte copy),"Approved prop references, one primary view each."
canon-props,I:\MonkeyZoo Comic Strip\Fusion Squad\MonkeyZoo_Comic_Factory\03_APPROVED_CANON\approved_props\two-path-display\bible.md,source_material/imported_canon/approved_props/two-path-display/bible.md,bible.md,md,862,c0dcf8ea2060e3cf9bf70dc49764feb3655472fef274614db3f479b480eef53d,2026-07-28T13:24:03+00:00,prop-art,authoritative,,,yes,,none (byte-for-byte copy),"Approved prop references, one primary view each."
canon-props,I:\MonkeyZoo Comic Strip\Fusion Squad\MonkeyZoo_Comic_Factory\03_APPROVED_CANON\approved_props\two-path-display\primary-reference.png,source_material/imported_canon/approved_props/two-path-display/primary-reference.png,primary-reference.png,png,1168513,0d3e2f82f75a563fe6383f3f10db4836104af3dfdd8bf0e8afe1267a2d8d9453,2026-07-28T13:24:03+00:00,prop-art,authoritative,,,no,,none (byte-for-byte copy),"Approved prop references, one primary view each."
character-layers,I:\MonkeyZoo Comic Strip\Fusion Squad\MonkeyZoo_Comic_Factory\00_SYSTEM\integration_upgrade\character_layers\ash\ash_00_clean_base.png,source_material/imported_canon/character_layers/ash/ash_00_clean_base.png,ash_00_clean_base.png,png,468202,8b24e6a1959e649791713fbfa7be90318699d77f4f55384eb0260bce82e3c719,2026-07-28T13:24:03+00:00,character-layer-alpha,approved-reference,MZ-CHAR-004,,no,,none (byte-for-byte copy),"Background-removed, true-alpha derivatives of approved character art. Derived assets, not primary canon, but human-reviewed and the only composite-ready character source that exists. Lil Devil is ABSENT."
character-layers,I:\MonkeyZoo Comic Strip\Fusion Squad\MonkeyZoo_Comic_Factory\00_SYSTEM\integration_upgrade\character_layers\ash\ash_13_pointing.png,source_material/imported_canon/character_layers/ash/ash_13_pointing.png,ash_13_pointing.png,png,989916,bc18e3f826110d07fe7b60ab4801d76d07384ff33655858550263753dfc2e3be,2026-07-28T13:24:03+00:00,character-layer-alpha,approved-reference,MZ-CHAR-004,,no,,none (byte-for-byte copy),"Background-removed, true-alpha derivatives of approved character art. Derived assets, not primary canon, but human-reviewed and the only composite-ready character source that exists. Lil Devil is ABSENT."
character-layers,I:\MonkeyZoo Comic Strip\Fusion Squad\MonkeyZoo_Comic_Factory\00_SYSTEM\integration_upgrade\character_layers\ash\ash_15_laughing.png,source_material/imported_canon/character_layers/ash/ash_15_laughing.png,ash_15_laughing.png,png,607888,f3415b17f8d050bf84d7d19287b6e0eac99ec5c610d203bb6f833007e687af45,2026-07-28T13:24:03+00:00,character-layer-alpha,approved-reference,MZ-CHAR-004,,no,,none (byte-for-byte copy),"Background-removed, true-alpha derivatives of approved character art. Derived assets, not primary canon, but human-reviewed and the only composite-ready character source that exists. Lil Devil is ABSENT."
character-layers,I:\MonkeyZoo Comic Strip\Fusion Squad\MonkeyZoo_Comic_Factory\00_SYSTEM\integration_upgrade\character_layers\ash\ash_16_worried.png,source_material/imported_canon/character_layers/ash/ash_16_worried.png,ash_16_worried.png,png,567206,96acc4700e564f41abd09e9164fd6887318b7c04c950b2f1b1dad8b5a9c13366,2026-07-28T13:24:03+00:00,character-layer-alpha,approved-reference,MZ-CHAR-004,,no,,none (byte-for-byte copy),"Background-removed, true-alpha derivatives of approved character art. Derived assets, not primary canon, but human-reviewed and the only composite-ready character source that exists. Lil Devil is ABSENT."
character-layers,I:\MonkeyZoo Comic Strip\Fusion Squad\MonkeyZoo_Comic_Factory\00_SYSTEM\integration_upgrade\character_layers\ash\ash_17_disgusted.png,source_material/imported_canon/character_layers/ash/ash_17_disgusted.png,ash_17_disgusted.png,png,632683,af8eea3de5112c73f6d84cf3de99ca1ade02d9610c211c09717359b0e3c76db8,2026-07-28T13:24:03+00:00,character-layer-alpha,approved-reference,MZ-CHAR-004,,no,,none (byte-for-byte copy),"Background-removed, true-alpha derivatives of approved character art. Derived assets, not primary canon, but human-reviewed and the only composite-ready character source that exists. Lil Devil is ABSENT."
character-layers,I:\MonkeyZoo Comic Strip\Fusion Squad\MonkeyZoo_Comic_Factory\00_SYSTEM\integration_upgrade\character_layers\ash\ash_18_sleepy.png,source_material/imported_canon/character_layers/ash/ash_18_sleepy.png,ash_18_sleepy.png,png,595518,683955a91757c92d706e8da3080a24b1006ba5de701b711c7cc536f2153bd9c3,2026-07-28T13:24:03+00:00,character-layer-alpha,approved-reference,MZ-CHAR-004,,no,,none (byte-for-byte copy),"Background-removed, true-alpha derivatives of approved character art. Derived assets, not primary canon, but human-reviewed and the only composite-ready character source that exists. Lil Devil is ABSENT."
character-layers,I:\MonkeyZoo Comic Strip\Fusion Squad\MonkeyZoo_Comic_Factory\00_SYSTEM\integration_upgrade\character_layers\ash\ash_19_determined.png,source_material/imported_canon/character_layers/ash/ash_19_determined.png,ash_19_determined.png,png,594168,5e87dec8462a1653a942227f339d7c44de6b60bd6df86e4a188b89f0cac61510,2026-07-28T13:24:03+00:00,character-layer-alpha,approved-reference,MZ-CHAR-004,,no,,none (byte-for-byte copy),"Background-removed, true-alpha derivatives of approved character art. Derived assets, not primary canon, but human-reviewed and the only composite-ready character source that exists. Lil Devil is ABSENT."
character-layers,I:\MonkeyZoo Comic Strip\Fusion Squad\MonkeyZoo_Comic_Factory\00_SYSTEM\integration_upgrade\character_layers\ash\ash_20_confused.png,source_material/imported_canon/character_layers/ash/ash_20_confused.png,ash_20_confused.png,png,566327,962f40565306a70c8ed8327cf2d8094e966cd293dda9edd7fd0058372dc5cbd4,2026-07-28T13:24:03+00:00,character-layer-alpha,approved-reference,MZ-CHAR-004,,no,,none (byte-for-byte copy),"Background-removed, true-alpha derivatives of approved character art. Derived assets, not primary canon, but human-reviewed and the only composite-ready character source that exists. Lil Devil is ABSENT."
character-layers,I:\MonkeyZoo Comic Strip\Fusion Squad\MonkeyZoo_Comic_Factory\00_SYSTEM\integration_upgrade\character_layers\ash\ash_21_running.png,source_material/imported_canon/character_layers/ash/ash_21_running.png,ash_21_running.png,png,616496,3f5cf5382b923a434c8fb71923bb72f4e27e298feaafc9d6b24d3e0c9dc2e871,2026-07-28T13:24:03+00:00,character-layer-alpha,approved-reference,MZ-CHAR-004,,no,,none (byte-for-byte copy),"Background-removed, true-alpha derivatives of approved character art. Derived assets, not primary canon, but human-reviewed and the only composite-ready character source that exists. Lil Devil is ABSENT."
character-layers,I:\MonkeyZoo Comic Strip\Fusion Squad\MonkeyZoo_Comic_Factory\00_SYSTEM\integration_upgrade\character_layers\ash\ash_22_jumping.png,source_material/imported_canon/character_layers/ash/ash_22_jumping.png,ash_22_jumping.png,png,681237,7ea25ef8213702ae54e61becfe5bb4192b06e93dfd3f24ea04b97ca509de1b27,2026-07-28T13:24:03+00:00,character-layer-alpha,approved-reference,MZ-CHAR-004,,no,,none (byte-for-byte copy),"Background-removed, true-alpha derivatives of approved character art. Derived assets, not primary canon, but human-reviewed and the only composite-ready character source that exists. Lil Devil is ABSENT."
character-layers,I:\MonkeyZoo Comic Strip\Fusion Squad\MonkeyZoo_Comic_Factory\00_SYSTEM\integration_upgrade\character_layers\ash\ash_23_waving.png,source_material/imported_canon/character_layers/ash/ash_23_waving.png,ash_23_waving.png,png,585849,40585d4631d271a33510e1ebce5acf7bc37e2f9d41869df4690d1c66aa0aee6a,2026-07-28T13:24:03+00:00,character-layer-alpha,approved-reference,MZ-CHAR-004,,no,,none (byte-for-byte copy),"Background-removed, true-alpha derivatives of approved character art. Derived assets, not primary canon, but human-reviewed and the only composite-ready character source that exists. Lil Devil is ABSENT."
character-layers,I:\MonkeyZoo Comic Strip\Fusion Squad\MonkeyZoo_Comic_Factory\00_SYSTEM\integration_upgrade\character_layers\ash\ash_24_thinking.png,source_material/imported_canon/character_layers/ash/ash_24_thinking.png,ash_24_thinking.png,png,607041,6a6ee8b4b9a05a32ccb9f03c015a8e96d64dcac8ff2d011a3ae82aa3a4effae1,2026-07-28T13:24:03+00:00,character-layer-alpha,approved-reference,MZ-CHAR-004,,no,,none (byte-for-byte copy),"Background-removed, true-alpha derivatives of approved character art. Derived assets, not primary canon, but human-reviewed and the only composite-ready character source that exists. Lil Devil is ABSENT."
character-layers,I:\MonkeyZoo Comic Strip\Fusion Squad\MonkeyZoo_Comic_Factory\00_SYSTEM\integration_upgrade\character_layers\ash\ash_25_crouching.png,source_material/imported_canon/character_layers/ash/ash_25_crouching.png,ash_25_crouching.png,png,600521,1889a5efd6c743bd986308c2dec399faa4a5a5d58e3636a59186fc8aafe6cb50,2026-07-28T13:24:03+00:00,character-layer-alpha,approved-reference,MZ-CHAR-004,,no,,none (byte-for-byte copy),"Background-removed, true-alpha derivatives of approved character art. Derived assets, not primary canon, but human-reviewed and the only composite-ready character source that exists. Lil Devil is ABSENT."
character-layers,I:\MonkeyZoo Comic Strip\Fusion Squad\MonkeyZoo_Comic_Factory\00_SYSTEM\integration_upgrade\character_layers\ash\ash_26_reaching.png,source_material/imported_canon/character_layers/ash/ash_26_reaching.png,ash_26_reaching.png,png,594415,b2f044fc30e317370c90ef8f718983f0535e42392331867d08fa3d684ed21006,2026-07-28T13:24:03+00:00,character-layer-alpha,approved-reference,MZ-CHAR-004,,no,,none (byte-for-byte copy),"Background-removed, true-alpha derivatives of approved character art. Derived assets, not primary canon, but human-reviewed and the only composite-ready character source that exists. Lil Devil is ABSENT."
character-layers,I:\MonkeyZoo Comic Strip\Fusion Squad\MonkeyZoo_Comic_Factory\00_SYSTEM\integration_upgrade\character_layers\ash\ash_27_defeated.png,source_material/imported_canon/character_layers/ash/ash_27_defeated.png,ash_27_defeated.png,png,534705,7fa5a4e88e9ebea09cf18a47193b8eb58afa82b45bd14ef8d323c0c3d52c7cc0,2026-07-28T13:24:03+00:00,character-layer-alpha,approved-reference,MZ-CHAR-004,,no,,none (byte-for-byte copy),"Background-removed, true-alpha derivatives of approved character art. Derived assets, not primary canon, but human-reviewed and the only composite-ready character source that exists. Lil Devil is ABSENT."
character-layers,I:\MonkeyZoo Comic Strip\Fusion Squad\MonkeyZoo_Comic_Factory\00_SYSTEM\integration_upgrade\character_layers\ash\ash_28_celebrating.png,source_material/imported_canon/character_layers/ash/ash_28_celebrating.png,ash_28_celebrating.png,png,670112,884813607ed24ee5f1086d80a90246773934df5bd64b58edcf587d0a5f2dc71a,2026-07-28T13:24:03+00:00,character-layer-alpha,approved-reference,MZ-CHAR-004,,no,,none (byte-for-byte copy),"Background-removed, true-alpha derivatives of approved character art. Derived assets, not primary canon, but human-reviewed and the only composite-ready character source that exists. Lil Devil is ABSENT."
character-layers,I:\MonkeyZoo Comic Strip\Fusion Squad\MonkeyZoo_Comic_Factory\00_SYSTEM\integration_upgrade\character_layers\ash\ash_29_lookingup.png,source_material/imported_canon/character_layers/ash/ash_29_lookingup.png,ash_29_lookingup.png,png,621975,3825c6ce277cbae54c3550177fb0a068081d8591a4cfc59fe79293fcc97f3d5c,2026-07-28T13:24:03+00:00,character-layer-alpha,approved-reference,MZ-CHAR-004,,no,,none (byte-for-byte copy),"Background-removed, true-alpha derivatives of approved character art. Derived assets, not primary canon, but human-reviewed and the only composite-ready character source that exists. Lil Devil is ABSENT."
character-layers,I:\MonkeyZoo Comic Strip\Fusion Squad\MonkeyZoo_Comic_Factory\00_SYSTEM\integration_upgrade\character_layers\ash\ash_30_backview.png,source_material/imported_canon/character_layers/ash/ash_30_backview.png,ash_30_backview.png,png,606000,83ec130e3f2f3fb1e769cc49f6ccd8bba2a8a1012e02017e603e0b1b1d8c4bb2,2026-07-28T13:24:03+00:00,character-layer-alpha,approved-reference,MZ-CHAR-004,,no,,none (byte-for-byte copy),"Background-removed, true-alpha derivatives of approved character art. Derived assets, not primary canon, but human-reviewed and the only composite-ready character source that exists. Lil Devil is ABSENT."
character-layers,I:\MonkeyZoo Comic Strip\Fusion Squad\MonkeyZoo_Comic_Factory\00_SYSTEM\integration_upgrade\character_layers\clever\clever_00_clean_base.png,source_material/imported_canon/character_layers/clever/clever_00_clean_base.png,clever_00_clean_base.png,png,510002,a87d4fb2df1249750d1db0b965731513835b26d794a553533d9ba732b78359af,2026-07-28T13:24:03+00:00,character-layer-alpha,approved-reference,MZ-CHAR-CLEVER,,no,,none (byte-for-byte copy),"Background-removed, true-alpha derivatives of approved character art. Derived assets, not primary canon, but human-reviewed and the only composite-ready character source that exists. Lil Devil is ABSENT."
character-layers,I:\MonkeyZoo Comic Strip\Fusion Squad\MonkeyZoo_Comic_Factory\00_SYSTEM\integration_upgrade\character_layers\clever\clever_01_neutral.png,source_material/imported_canon/character_layers/clever/clever_01_neutral.png,clever_01_neutral.png,png,510002,a87d4fb2df1249750d1db0b965731513835b26d794a553533d9ba732b78359af,2026-07-28T13:24:03+00:00,character-layer-alpha,approved-reference,MZ-CHAR-CLEVER,,no,source_material/imported_canon/character_layers/clever/clever_00_clean_base.png,none (byte-for-byte copy),"Background-removed, true-alpha derivatives of approved character art. Derived assets, not primary canon, but human-reviewed and the only composite-ready character source that exists. Lil Devil is ABSENT."
character-layers,I:\MonkeyZoo Comic Strip\Fusion Squad\MonkeyZoo_Comic_Factory\00_SYSTEM\integration_upgrade\character_layers\clever\clever_02_threeqtr.png,source_material/imported_canon/character_layers/clever/clever_02_threeqtr.png,clever_02_threeqtr.png,png,593556,4df5533bcca31bbad0fe7ff16c0641c68bf041621c87bfd4638f5cc00560fe10,2026-07-28T13:24:03+00:00,character-layer-alpha,approved-reference,MZ-CHAR-CLEVER,,no,,none (byte-for-byte copy),"Background-removed, true-alpha derivatives of approved character art. Derived assets, not primary canon, but human-reviewed and the only composite-ready character source that exists. Lil Devil is ABSENT."
character-layers,I:\MonkeyZoo Comic Strip\Fusion Squad\MonkeyZoo_Comic_Factory\00_SYSTEM\integration_upgrade\character_layers\clever\clever_03_profile.png,source_material/imported_canon/character_layers/clever/clever_03_profile.png,clever_03_profile.png,png,532760,fece0587c7cbd0e5913f3f8e4a720d4ac62dfa82ac06037d69c5474f77672387,2026-07-28T13:24:03+00:00,character-layer-alpha,approved-reference,MZ-CHAR-CLEVER,,no,,none (byte-for-byte copy),"Background-removed, true-alpha derivatives of approved character art. Derived assets, not primary canon, but human-reviewed and the only composite-ready character source that exists. Lil Devil is ABSENT."
character-layers,I:\MonkeyZoo Comic Strip\Fusion Squad\MonkeyZoo_Comic_Factory\00_SYSTEM\integration_upgrade\character_layers\clever\clever_04_overshoulder.png,source_material/imported_canon/character_layers/clever/clever_04_overshoulder.png,clever_04_overshoulder.png,png,587426,1d85af126943fe3e49d56943a21b9dc53dd1e135e4073697b97892ccdf4c0adf,2026-07-28T13:24:03+00:00,character-layer-alpha,approved-reference,MZ-CHAR-CLEVER,,no,,none (byte-for-byte copy),"Background-removed, true-alpha derivatives of approved character art. Derived assets, not primary canon, but human-reviewed and the only composite-ready character source that exists. Lil Devil is ABSENT."
character-layers,I:\MonkeyZoo Comic Strip\Fusion Squad\MonkeyZoo_Comic_Factory\00_SYSTEM\integration_upgrade\character_layers\clever\clever_06_angry.png,source_material/imported_canon/character_layers/clever/clever_06_angry.png,clever_06_angry.png,png,641370,8379d80755763d0135b2387f1baea24c97dd9ffce6879ce86af7b4bc275786c6,2026-07-28T13:24:03+00:00,character-layer-alpha,approved-reference,MZ-CHAR-CLEVER,,no,,none (byte-for-byte copy),"Background-removed, true-alpha derivatives of approved character art. Derived assets, not primary canon, but human-reviewed and the only composite-ready character source that exists. Lil Devil is ABSENT."
character-layers,I:\MonkeyZoo Comic Strip\Fusion Squad\MonkeyZoo_Comic_Factory\00_SYSTEM\integration_upgrade\character_layers\clever\clever_07_sad.png,source_material/imported_canon/character_layers/clever/clever_07_sad.png,clever_07_sad.png,png,655028,4f7640b1b3a65687fafe06f3a63644492b754c0a28b158ab44717ac32919d5c5,2026-07-28T13:24:03+00:00,character-layer-alpha,approved-reference,MZ-CHAR-CLEVER,,no,,none (byte-for-byte copy),"Background-removed, true-alpha derivatives of approved character art. Derived assets, not primary canon, but human-reviewed and the only composite-ready character source that exists. Lil Devil is ABSENT."
character-layers,I:\MonkeyZoo Comic Strip\Fusion Squad\MonkeyZoo_Comic_Factory\00_SYSTEM\integration_upgrade\character_layers\clever\clever_08_shocked.png,source_material/imported_canon/character_layers/clever/clever_08_shocked.png,clever_08_shocked.png,png,639792,b5ce346449d51ce3fe8faf8ac5a72e7977d995c15c93081e221699379923790c,2026-07-28T13:24:03+00:00,character-layer-alpha,approved-reference,MZ-CHAR-CLEVER,,no,,none (byte-for-byte copy),"Background-removed, true-alpha derivatives of approved character art. Derived assets, not primary canon, but human-reviewed and the only composite-ready character source that exists. Lil Devil is ABSENT."
character-layers,I:\MonkeyZoo Comic Strip\Fusion Squad\MonkeyZoo_Comic_Factory\00_SYSTEM\integration_upgrade\character_layers\clever\clever_09_smile.png,source_material/imported_canon/character_layers/clever/clever_09_smile.png,clever_09_smile.png,png,626975,4c9d946cbe790bd64f2378c600af5455f15055bb604bd3119898ce212e818df3,2026-07-28T13:24:03+00:00,character-layer-alpha,approved-reference,MZ-CHAR-CLEVER,,no,,none (byte-for-byte copy),"Background-removed, true-alpha derivatives of approved character art. Derived assets, not primary canon, but human-reviewed and the only composite-ready character source that exists. Lil Devil is ABSENT."
character-layers,I:\MonkeyZoo Comic Strip\Fusion Squad\MonkeyZoo_Comic_Factory\00_SYSTEM\integration_upgrade\character_layers\clever\clever_10_walking.png,source_material/imported_canon/character_layers/clever/clever_10_walking.png,clever_10_walking.png,png,617605,8832f37822c60139924aef38212bd849015ae6c2f11b598ee211fcacef9d958c,2026-07-28T13:24:03+00:00,character-layer-alpha,approved-reference,MZ-CHAR-CLEVER,,no,,none (byte-for-byte copy),"Background-removed, true-alpha derivatives of approved character art. Derived assets, not primary canon, but human-reviewed and the only composite-ready character source that exists. Lil Devil is ABSENT."
character-layers,I:\MonkeyZoo Comic Strip\Fusion Squad\MonkeyZoo_Comic_Factory\00_SYSTEM\integration_upgrade\character_layers\clever\clever_11_armscrossed.png,source_material/imported_canon/character_layers/clever/clever_11_armscrossed.png,clever_11_armscrossed.png,png,585300,15faecdead6b20cfd299705f592e57506012e61d8aae58c36654262cdefc6952,2026-07-28T13:24:03+00:00,character-layer-alpha,approved-reference,MZ-CHAR-CLEVER,,no,,none (byte-for-byte copy),"Background-removed, true-alpha derivatives of approved character art. Derived assets, not primary canon, but human-reviewed and the only composite-ready character source that exists. Lil Devil is ABSENT."
character-layers,I:\MonkeyZoo Comic Strip\Fusion Squad\MonkeyZoo_Comic_Factory\00_SYSTEM\integration_upgrade\character_layers\clever\clever_12_sitting.png,source_material/imported_canon/character_layers/clever/clever_12_sitting.png,clever_12_sitting.png,png,606373,76aac833bd5578fd568944de638a28ce6b047b8ae95d609f78db9d805cc5dc29,2026-07-28T13:24:03+00:00,character-layer-alpha,approved-reference,MZ-CHAR-CLEVER,,no,,none (byte-for-byte copy),"Background-removed, true-alpha derivatives of approved character art. Derived assets, not primary canon, but human-reviewed and the only composite-ready character source that exists. Lil Devil is ABSENT."
character-layers,I:\MonkeyZoo Comic Strip\Fusion Squad\MonkeyZoo_Comic_Factory\00_SYSTEM\integration_upgrade\character_layers\clever\clever_13_pointing.png,source_material/imported_canon/character_layers/clever/clever_13_pointing.png,clever_13_pointing.png,png,621617,b6f32d2958592d97eeb892df80d80c730fd0fda734e1222f1a5cfe70845fca64,2026-07-28T13:24:03+00:00,character-layer-alpha,approved-reference,MZ-CHAR-CLEVER,,no,,none (byte-for-byte copy),"Background-removed, true-alpha derivatives of approved character art. Derived assets, not primary canon, but human-reviewed and the only composite-ready character source that exists. Lil Devil is ABSENT."
character-layers,I:\MonkeyZoo Comic Strip\Fusion Squad\MonkeyZoo_Comic_Factory\00_SYSTEM\integration_upgrade\character_layers\clever\clever_14_shout.png,source_material/imported_canon/character_layers/clever/clever_14_shout.png,clever_14_shout.png,png,618595,50d47b8d3ef48e3e5c1bd765dd8557e4209a0d44c4204958d8f856a6a610869d,2026-07-28T13:24:03+00:00,character-layer-alpha,approved-reference,MZ-CHAR-CLEVER,,no,,none (byte-for-byte copy),"Background-removed, true-alpha derivatives of approved character art. Derived assets, not primary canon, but human-reviewed and the only composite-ready character source that exists. Lil Devil is ABSENT."
character-layers,I:\MonkeyZoo Comic Strip\Fusion Squad\MonkeyZoo_Comic_Factory\00_SYSTEM\integration_upgrade\character_layers\clever\clever_15_laughing.png,source_material/imported_canon/character_layers/clever/clever_15_laughing.png,clever_15_laughing.png,png,667907,56c513b6a545fd3968870fb60997ed139eda1c6f77293486befab90a337c74cf,2026-07-28T13:24:03+00:00,character-layer-alpha,approved-reference,MZ-CHAR-CLEVER,,no,,none (byte-for-byte copy),"Background-removed, true-alpha derivatives of approved character art. Derived assets, not primary canon, but human-reviewed and the only composite-ready character source that exists. Lil Devil is ABSENT."
character-layers,I:\MonkeyZoo Comic Strip\Fusion Squad\MonkeyZoo_Comic_Factory\00_SYSTEM\integration_upgrade\character_layers\clever\clever_16_worried.png,source_material/imported_canon/character_layers/clever/clever_16_worried.png,clever_16_worried.png,png,596999,71990dafc03c80eb1e36f5604323c9f0edfb0c612280c75d30f4491a3ed6d047,2026-07-28T13:24:03+00:00,character-layer-alpha,approved-reference,MZ-CHAR-CLEVER,,no,,none (byte-for-byte copy),"Background-removed, true-alpha derivatives of approved character art. Derived assets, not primary canon, but human-reviewed and the only composite-ready character source that exists. Lil Devil is ABSENT."
character-layers,I:\MonkeyZoo Comic Strip\Fusion Squad\MonkeyZoo_Comic_Factory\00_SYSTEM\integration_upgrade\character_layers\clever\clever_17_disgusted.png,source_material/imported_canon/character_layers/clever/clever_17_disgusted.png,clever_17_disgusted.png,png,670307,05652123e315c46d388e2bdea400e33cec602c1b85c24b810fa2f70c76439995,2026-07-28T13:24:03+00:00,character-layer-alpha,approved-reference,MZ-CHAR-CLEVER,,no,,none (byte-for-byte copy),"Background-removed, true-alpha derivatives of approved character art. Derived assets, not primary canon, but human-reviewed and the only composite-ready character source that exists. Lil Devil is ABSENT."
character-layers,I:\MonkeyZoo Comic Strip\Fusion Squad\MonkeyZoo_Comic_Factory\00_SYSTEM\integration_upgrade\character_layers\clever\clever_18_sleepy.png,source_material/imported_canon/character_layers/clever/clever_18_sleepy.png,clever_18_sleepy.png,png,626777,1d390b083064ec7c3d123841be8e41ea55bd1f4d8fcfbac341649c9cea7a9f41,2026-07-28T13:24:03+00:00,character-layer-alpha,approved-reference,MZ-CHAR-CLEVER,,no,,none (byte-for-byte copy),"Background-removed, true-alpha derivatives of approved character art. Derived assets, not primary canon, but human-reviewed and the only composite-ready character source that exists. Lil Devil is ABSENT."
character-layers,I:\MonkeyZoo Comic Strip\Fusion Squad\MonkeyZoo_Comic_Factory\00_SYSTEM\integration_upgrade\character_layers\clever\clever_19_determined.png,source_material/imported_canon/character_layers/clever/clever_19_determined.png,clever_19_determined.png,png,631649,a35b33300e02d04c6d7245bb07785b35db1cb71d3386159aeba1fe19e1e2b69a,2026-07-28T13:24:03+00:00,character-layer-alpha,approved-reference,MZ-CHAR-CLEVER,,no,,none (byte-for-byte copy),"Background-removed, true-alpha derivatives of approved character art. Derived assets, not primary canon, but human-reviewed and the only composite-ready character source that exists. Lil Devil is ABSENT."
character-layers,I:\MonkeyZoo Comic Strip\Fusion Squad\MonkeyZoo_Comic_Factory\00_SYSTEM\integration_upgrade\character_layers\clever\clever_20_confused.png,source_material/imported_canon/character_layers/clever/clever_20_confused.png,clever_20_confused.png,png,618382,dd9bc84a598e5e557bd6caacfe6e7d36c3189ef7eaf0d0ddbd123110dafa22d3,2026-07-28T13:24:03+00:00,character-layer-alpha,approved-reference,MZ-CHAR-CLEVER,,no,,none (byte-for-byte copy),"Background-removed, true-alpha derivatives of approved character art. Derived assets, not primary canon, but human-reviewed and the only composite-ready character source that exists. Lil Devil is ABSENT."
character-layers,I:\MonkeyZoo Comic Strip\Fusion Squad\MonkeyZoo_Comic_Factory\00_SYSTEM\integration_upgrade\character_layers\clever\clever_21_running.png,source_material/imported_canon/character_layers/clever/clever_21_running.png,clever_21_running.png,png,592687,b9c8a113364043c262c6a15321884e386e78224b2f215ae6ee05b3a964213f31,2026-07-28T13:24:03+00:00,character-layer-alpha,approved-reference,MZ-CHAR-CLEVER,,no,,none (byte-for-byte copy),"Background-removed, true-alpha derivatives of approved character art. Derived assets, not primary canon, but human-reviewed and the only composite-ready character source that exists. Lil Devil is ABSENT."
character-layers,I:\MonkeyZoo Comic Strip\Fusion Squad\MonkeyZoo_Comic_Factory\00_SYSTEM\integration_upgrade\character_layers\clever\clever_22_jumping.png,source_material/imported_canon/character_layers/clever/clever_22_jumping.png,clever_22_jumping.png,png,653049,8377049714378f2cfe667ecd3e1233fd3418e8aae554551233db6d22f4fdc654,2026-07-28T13:24:03+00:00,character-layer-alpha,approved-reference,MZ-CHAR-CLEVER,,no,,none (byte-for-byte copy),"Background-removed, true-alpha derivatives of approved character art. Derived assets, not primary canon, but human-reviewed and the only composite-ready character source that exists. Lil Devil is ABSENT."
character-layers,I:\MonkeyZoo Comic Strip\Fusion Squad\MonkeyZoo_Comic_Factory\00_SYSTEM\integration_upgrade\character_layers\clever\clever_23_waving.png,source_material/imported_canon/character_layers/clever/clever_23_waving.png,clever_23_waving.png,png,629353,8f9397bbdb2b86245e98a1c1fef0359aff5091880fb9c3fc1856e8abe080ed93,2026-07-28T13:24:03+00:00,character-layer-alpha,approved-reference,MZ-CHAR-CLEVER,,no,,none (byte-for-byte copy),"Background-removed, true-alpha derivatives of approved character art. Derived assets, not primary canon, but human-reviewed and the only composite-ready character source that exists. Lil Devil is ABSENT."
character-layers,I:\MonkeyZoo Comic Strip\Fusion Squad\MonkeyZoo_Comic_Factory\00_SYSTEM\integration_upgrade\character_layers\clever\clever_24_thinking.png,source_material/imported_canon/character_layers/clever/clever_24_thinking.png,clever_24_thinking.png,png,604565,952d6f8082a03eb0f58be8d6bba67fc43b02f2335716924c996fb243fb1d7f76,2026-07-28T13:24:03+00:00,character-layer-alpha,approved-reference,MZ-CHAR-CLEVER,,no,,none (byte-for-byte copy),"Background-removed, true-alpha derivatives of approved character art. Derived assets, not primary canon, but human-reviewed and the only composite-ready character source that exists. Lil Devil is ABSENT."
character-layers,I:\MonkeyZoo Comic Strip\Fusion Squad\MonkeyZoo_Comic_Factory\00_SYSTEM\integration_upgrade\character_layers\clever\clever_25_crouching.png,source_material/imported_canon/character_layers/clever/clever_25_crouching.png,clever_25_crouching.png,png,606835,6e4a386c9bdc8359e974660530119c0abc21f2b896113a44eb6eab6a98af64b8,2026-07-28T13:24:03+00:00,character-layer-alpha,approved-reference,MZ-CHAR-CLEVER,,no,,none (byte-for-byte copy),"Background-removed, true-alpha derivatives of approved character art. Derived assets, not primary canon, but human-reviewed and the only composite-ready character source that exists. Lil Devil is ABSENT."
character-layers,I:\MonkeyZoo Comic Strip\Fusion Squad\MonkeyZoo_Comic_Factory\00_SYSTEM\integration_upgrade\character_layers\clever\clever_26_reaching.png,source_material/imported_canon/character_layers/clever/clever_26_reaching.png,clever_26_reaching.png,png,585295,10efccfdba70b4f64518f939deb0ab54bfe40e03be4bf38d23895cd9695bde64,2026-07-28T13:24:03+00:00,character-layer-alpha,approved-reference,MZ-CHAR-CLEVER,,no,,none (byte-for-byte copy),"Background-removed, true-alpha derivatives of approved character art. Derived assets, not primary canon, but human-reviewed and the only composite-ready character source that exists. Lil Devil is ABSENT."
character-layers,I:\MonkeyZoo Comic Strip\Fusion Squad\MonkeyZoo_Comic_Factory\00_SYSTEM\integration_upgrade\character_layers\clever\clever_27_defeated.png,source_material/imported_canon/character_layers/clever/clever_27_defeated.png,clever_27_defeated.png,png,571091,599cb8d0962ea94f3e81e83df5ba27f3e03101a2aebddc84352f62a90fc5d14e,2026-07-28T13:24:03+00:00,character-layer-alpha,approved-reference,MZ-CHAR-CLEVER,,no,,none (byte-for-byte copy),"Background-removed, true-alpha derivatives of approved character art. Derived assets, not primary canon, but human-reviewed and the only composite-ready character source that exists. Lil Devil is ABSENT."
character-layers,I:\MonkeyZoo Comic Strip\Fusion Squad\MonkeyZoo_Comic_Factory\00_SYSTEM\integration_upgrade\character_layers\clever\clever_28_celebrating.png,source_material/imported_canon/character_layers/clever/clever_28_celebrating.png,clever_28_celebrating.png,png,617580,48d1699f0f5b2e2dd2dc5fb2809caed5a9e8cf74a6f822b1d37468fb4abe9fec,2026-07-28T13:24:03+00:00,character-layer-alpha,approved-reference,MZ-CHAR-CLEVER,,no,,none (byte-for-byte copy),"Background-removed, true-alpha derivatives of approved character art. Derived assets, not primary canon, but human-reviewed and the only composite-ready character source that exists. Lil Devil is ABSENT."
character-layers,I:\MonkeyZoo Comic Strip\Fusion Squad\MonkeyZoo_Comic_Factory\00_SYSTEM\integration_upgrade\character_layers\clever\clever_29_lookingup.png,source_material/imported_canon/character_layers/clever/clever_29_lookingup.png,clever_29_lookingup.png,png,585530,4bb1ec37fb18b766a102575d8e6faa6091d11060bb870de70e7f830fc7333571,2026-07-28T13:24:03+00:00,character-layer-alpha,approved-reference,MZ-CHAR-CLEVER,,no,,none (byte-for-byte copy),"Background-removed, true-alpha derivatives of approved character art. Derived assets, not primary canon, but human-reviewed and the only composite-ready character source that exists. Lil Devil is ABSENT."
character-layers,I:\MonkeyZoo Comic Strip\Fusion Squad\MonkeyZoo_Comic_Factory\00_SYSTEM\integration_upgrade\character_layers\clever\clever_30_backview.png,source_material/imported_canon/character_layers/clever/clever_30_backview.png,clever_30_backview.png,png,518857,9c68ff384ee97697c598afd45550c13a98a6d9e132516c7cd2a21d553c296d4d,2026-07-28T13:24:03+00:00,character-layer-alpha,approved-reference,MZ-CHAR-CLEVER,,no,,none (byte-for-byte copy),"Background-removed, true-alpha derivatives of approved character art. Derived assets, not primary canon, but human-reviewed and the only composite-ready character source that exists. Lil Devil is ABSENT."
character-layers,I:\MonkeyZoo Comic Strip\Fusion Squad\MonkeyZoo_Comic_Factory\00_SYSTEM\integration_upgrade\character_layers\moodz\moodz_00_clean_base.png,source_material/imported_canon/character_layers/moodz/moodz_00_clean_base.png,moodz_00_clean_base.png,png,466041,2984906dedff3582fba4dec97402109605902a418e88ec4f1e350d34759e7c6c,2026-07-28T13:24:03+00:00,character-layer-alpha,approved-reference,MZ-CHAR-001,,no,,none (byte-for-byte copy),"Background-removed, true-alpha derivatives of approved character art. Derived assets, not primary canon, but human-reviewed and the only composite-ready character source that exists. Lil Devil is ABSENT."
character-layers,I:\MonkeyZoo Comic Strip\Fusion Squad\MonkeyZoo_Comic_Factory\00_SYSTEM\integration_upgrade\character_layers\moodz\moodz_10_walking.png,source_material/imported_canon/character_layers/moodz/moodz_10_walking.png,moodz_10_walking.png,png,543700,b96aee09e0ded51d505754bad993d83b73a0b37e77b65138013313858092646b,2026-07-28T13:24:03+00:00,character-layer-alpha,approved-reference,MZ-CHAR-001,,no,,none (byte-for-byte copy),"Background-removed, true-alpha derivatives of approved character art. Derived assets, not primary canon, but human-reviewed and the only composite-ready character source that exists. Lil Devil is ABSENT."
character-layers,I:\MonkeyZoo Comic Strip\Fusion Squad\MonkeyZoo_Comic_Factory\00_SYSTEM\integration_upgrade\character_layers\moodz\moodz_15_laughing.png,source_material/imported_canon/character_layers/moodz/moodz_15_laughing.png,moodz_15_laughing.png,png,621418,5f81e794f52d847dbbe316b5d3160e386cec5076673ef19d09b6a9c13a2629cd,2026-07-28T13:24:03+00:00,character-layer-alpha,approved-reference,MZ-CHAR-001,,no,,none (byte-for-byte copy),"Background-removed, true-alpha derivatives of approved character art. Derived assets, not primary canon, but human-reviewed and the only composite-ready character source that exists. Lil Devil is ABSENT."
character-layers,I:\MonkeyZoo Comic Strip\Fusion Squad\MonkeyZoo_Comic_Factory\00_SYSTEM\integration_upgrade\character_layers\moodz\moodz_16_worried.png,source_material/imported_canon/character_layers/moodz/moodz_16_worried.png,moodz_16_worried.png,png,585712,fe377b49705f459ec4f56cde48b69e1257e9dc4da26d805746b474d891688c86,2026-07-28T13:24:03+00:00,character-layer-alpha,approved-reference,MZ-CHAR-001,,no,,none (byte-for-byte copy),"Background-removed, true-alpha derivatives of approved character art. Derived assets, not primary canon, but human-reviewed and the only composite-ready character source that exists. Lil Devil is ABSENT."
character-layers,I:\MonkeyZoo Comic Strip\Fusion Squad\MonkeyZoo_Comic_Factory\00_SYSTEM\integration_upgrade\character_layers\moodz\moodz_17_disgusted.png,source_material/imported_canon/character_layers/moodz/moodz_17_disgusted.png,moodz_17_disgusted.png,png,628003,e19dd020a5cd8d3af03c519e1938e6fc797343586526ab800fb908ba65e030d4,2026-07-28T13:24:03+00:00,character-layer-alpha,approved-reference,MZ-CHAR-001,,no,,none (byte-for-byte copy),"Background-removed, true-alpha derivatives of approved character art. Derived assets, not primary canon, but human-reviewed and the only composite-ready character source that exists. Lil Devil is ABSENT."
character-layers,I:\MonkeyZoo Comic Strip\Fusion Squad\MonkeyZoo_Comic_Factory\00_SYSTEM\integration_upgrade\character_layers\moodz\moodz_18_sleepy.png,source_material/imported_canon/character_layers/moodz/moodz_18_sleepy.png,moodz_18_sleepy.png,png,506094,0c3ddf1e1ea63f4ca35581fbd64269359ee1d73faa68239c941cad7014b4e87c,2026-07-28T13:24:03+00:00,character-layer-alpha,approved-reference,MZ-CHAR-001,,no,,none (byte-for-byte copy),"Background-removed, true-alpha derivatives of approved character art. Derived assets, not primary canon, but human-reviewed and the only composite-ready character source that exists. Lil Devil is ABSENT."
character-layers,I:\MonkeyZoo Comic Strip\Fusion Squad\MonkeyZoo_Comic_Factory\00_SYSTEM\integration_upgrade\character_layers\moodz\moodz_19_determined.png,source_material/imported_canon/character_layers/moodz/moodz_19_determined.png,moodz_19_determined.png,png,521094,2797064f58848ead35f149d20f6817767cccc45c9659d8fd19df5426f11442a2,2026-07-28T13:24:03+00:00,character-layer-alpha,approved-reference,MZ-CHAR-001,,no,,none (byte-for-byte copy),"Background-removed, true-alpha derivatives of approved character art. Derived assets, not primary canon, but human-reviewed and the only composite-ready character source that exists. Lil Devil is ABSENT."
character-layers,I:\MonkeyZoo Comic Strip\Fusion Squad\MonkeyZoo_Comic_Factory\00_SYSTEM\integration_upgrade\character_layers\moodz\moodz_20_confused.png,source_material/imported_canon/character_layers/moodz/moodz_20_confused.png,moodz_20_confused.png,png,509613,e47ab21af6f12f2f5a2fed581a2f9ff4f26029408fb2349136c06bfd73c7e4b7,2026-07-28T13:24:03+00:00,character-layer-alpha,approved-reference,MZ-CHAR-001,,no,,none (byte-for-byte copy),"Background-removed, true-alpha derivatives of approved character art. Derived assets, not primary canon, but human-reviewed and the only composite-ready character source that exists. Lil Devil is ABSENT."
character-layers,I:\MonkeyZoo Comic Strip\Fusion Squad\MonkeyZoo_Comic_Factory\00_SYSTEM\integration_upgrade\character_layers\moodz\moodz_21_running.png,source_material/imported_canon/character_layers/moodz/moodz_21_running.png,moodz_21_running.png,png,546739,794cbc2837df63c2d9f22a04c2d6d7edac8ebf174d3fc8d6de9162f66544c0b2,2026-07-28T13:24:03+00:00,character-layer-alpha,approved-reference,MZ-CHAR-001,,no,,none (byte-for-byte copy),"Background-removed, true-alpha derivatives of approved character art. Derived assets, not primary canon, but human-reviewed and the only composite-ready character source that exists. Lil Devil is ABSENT."
character-layers,I:\MonkeyZoo Comic Strip\Fusion Squad\MonkeyZoo_Comic_Factory\00_SYSTEM\integration_upgrade\character_layers\moodz\moodz_22_jumping.png,source_material/imported_canon/character_layers/moodz/moodz_22_jumping.png,moodz_22_jumping.png,png,562396,7659e5e90e1967acd2028069681ccf2e1faef1e756147f9bb047e844aec5a2bb,2026-07-28T13:24:03+00:00,character-layer-alpha,approved-reference,MZ-CHAR-001,,no,,none (byte-for-byte copy),"Background-removed, true-alpha derivatives of approved character art. Derived assets, not primary canon, but human-reviewed and the only composite-ready character source that exists. Lil Devil is ABSENT."
character-layers,I:\MonkeyZoo Comic Strip\Fusion Squad\MonkeyZoo_Comic_Factory\00_SYSTEM\integration_upgrade\character_layers\moodz\moodz_23_waving.png,source_material/imported_canon/character_layers/moodz/moodz_23_waving.png,moodz_23_waving.png,png,567206,d317f0a5dbdb98be7c20c02c7a9ec74258e1f5df6055b882b1514f83d128ed54,2026-07-28T13:24:03+00:00,character-layer-alpha,approved-reference,MZ-CHAR-001,,no,,none (byte-for-byte copy),"Background-removed, true-alpha derivatives of approved character art. Derived assets, not primary canon, but human-reviewed and the only composite-ready character source that exists. Lil Devil is ABSENT."
character-layers,I:\MonkeyZoo Comic Strip\Fusion Squad\MonkeyZoo_Comic_Factory\00_SYSTEM\integration_upgrade\character_layers\moodz\moodz_24_thinking.png,source_material/imported_canon/character_layers/moodz/moodz_24_thinking.png,moodz_24_thinking.png,png,568487,db37daa6cacf2813f200ba14f5af0aa00bfabf5197ca9e1ce7fde82e84d69390,2026-07-28T13:24:03+00:00,character-layer-alpha,approved-reference,MZ-CHAR-001,,no,,none (byte-for-byte copy),"Background-removed, true-alpha derivatives of approved character art. Derived assets, not primary canon, but human-reviewed and the only composite-ready character source that exists. Lil Devil is ABSENT."
character-layers,I:\MonkeyZoo Comic Strip\Fusion Squad\MonkeyZoo_Comic_Factory\00_SYSTEM\integration_upgrade\character_layers\moodz\moodz_25_crouching.png,source_material/imported_canon/character_layers/moodz/moodz_25_crouching.png,moodz_25_crouching.png,png,565001,b37907285f775b2fed5ee0ef640b1a2f874dae36edffee1787d28f31d66f5dcf,2026-07-28T13:24:03+00:00,character-layer-alpha,approved-reference,MZ-CHAR-001,,no,,none (byte-for-byte copy),"Background-removed, true-alpha derivatives of approved character art. Derived assets, not primary canon, but human-reviewed and the only composite-ready character source that exists. Lil Devil is ABSENT."
character-layers,I:\MonkeyZoo Comic Strip\Fusion Squad\MonkeyZoo_Comic_Factory\00_SYSTEM\integration_upgrade\character_layers\moodz\moodz_26_reaching.png,source_material/imported_canon/character_layers/moodz/moodz_26_reaching.png,moodz_26_reaching.png,png,540756,b3be458fa896b916de9ae05fd7e9408a75b844a4ae07e58b56a769ffdbf47d78,2026-07-28T13:24:03+00:00,character-layer-alpha,approved-reference,MZ-CHAR-001,,no,,none (byte-for-byte copy),"Background-removed, true-alpha derivatives of approved character art. Derived assets, not primary canon, but human-reviewed and the only composite-ready character source that exists. Lil Devil is ABSENT."
character-layers,I:\MonkeyZoo Comic Strip\Fusion Squad\MonkeyZoo_Comic_Factory\00_SYSTEM\integration_upgrade\character_layers\moodz\moodz_27_defeated.png,source_material/imported_canon/character_layers/moodz/moodz_27_defeated.png,moodz_27_defeated.png,png,507136,d4e66c44c37b044a8ce02abef8976e4599aa023c8daee99967608bc24993ba64,2026-07-28T13:24:03+00:00,character-layer-alpha,approved-reference,MZ-CHAR-001,,no,,none (byte-for-byte copy),"Background-removed, true-alpha derivatives of approved character art. Derived assets, not primary canon, but human-reviewed and the only composite-ready character source that exists. Lil Devil is ABSENT."
character-layers,I:\MonkeyZoo Comic Strip\Fusion Squad\MonkeyZoo_Comic_Factory\00_SYSTEM\integration_upgrade\character_layers\moodz\moodz_28_celebrating.png,source_material/imported_canon/character_layers/moodz/moodz_28_celebrating.png,moodz_28_celebrating.png,png,576471,5af934bece316196349cd648442fc09747e9d70fb7f7f2133cde9db212599770,2026-07-28T13:24:03+00:00,character-layer-alpha,approved-reference,MZ-CHAR-001,,no,,none (byte-for-byte copy),"Background-removed, true-alpha derivatives of approved character art. Derived assets, not primary canon, but human-reviewed and the only composite-ready character source that exists. Lil Devil is ABSENT."
character-layers,I:\MonkeyZoo Comic Strip\Fusion Squad\MonkeyZoo_Comic_Factory\00_SYSTEM\integration_upgrade\character_layers\moodz\moodz_29_lookingup.png,source_material/imported_canon/character_layers/moodz/moodz_29_lookingup.png,moodz_29_lookingup.png,png,535540,09a4f2cbc3ac18e386c6bd9e990d161416633e8a13a0e06d8b417a476298e19a,2026-07-28T13:24:03+00:00,character-layer-alpha,approved-reference,MZ-CHAR-001,,no,,none (byte-for-byte copy),"Background-removed, true-alpha derivatives of approved character art. Derived assets, not primary canon, but human-reviewed and the only composite-ready character source that exists. Lil Devil is ABSENT."
character-layers,I:\MonkeyZoo Comic Strip\Fusion Squad\MonkeyZoo_Comic_Factory\00_SYSTEM\integration_upgrade\character_layers\moodz\moodz_30_backview.png,source_material/imported_canon/character_layers/moodz/moodz_30_backview.png,moodz_30_backview.png,png,516848,4785b5ca50143edd3fc3d064f6924a18e466bce2083626b6b6b911381f66a21b,2026-07-28T13:24:03+00:00,character-layer-alpha,approved-reference,MZ-CHAR-001,,no,,none (byte-for-byte copy),"Background-removed, true-alpha derivatives of approved character art. Derived assets, not primary canon, but human-reviewed and the only composite-ready character source that exists. Lil Devil is ABSENT."
character-layers,I:\MonkeyZoo Comic Strip\Fusion Squad\MonkeyZoo_Comic_Factory\00_SYSTEM\integration_upgrade\character_layers\neonblue\neonblue_00_clean_base.png,source_material/imported_canon/character_layers/neonblue/neonblue_00_clean_base.png,neonblue_00_clean_base.png,png,544016,3eaa5f39b43a687fca3184e62f8622ac086343ca043c14ecf51011631dc3232d,2026-07-28T13:24:03+00:00,character-layer-alpha,approved-reference,MZ-CHAR-005,,no,,none (byte-for-byte copy),"Background-removed, true-alpha derivatives of approved character art. Derived assets, not primary canon, but human-reviewed and the only composite-ready character source that exists. Lil Devil is ABSENT."
character-layers,I:\MonkeyZoo Comic Strip\Fusion Squad\MonkeyZoo_Comic_Factory\00_SYSTEM\integration_upgrade\character_layers\neonblue\neonblue_15_laughing.png,source_material/imported_canon/character_layers/neonblue/neonblue_15_laughing.png,neonblue_15_laughing.png,png,686863,a6613c6b6b2120f6bac87990b72f587876e1aaabafe8b340aa3a5b931b6a81b4,2026-07-28T13:24:03+00:00,character-layer-alpha,approved-reference,MZ-CHAR-005,,no,,none (byte-for-byte copy),"Background-removed, true-alpha derivatives of approved character art. Derived assets, not primary canon, but human-reviewed and the only composite-ready character source that exists. Lil Devil is ABSENT."
character-layers,I:\MonkeyZoo Comic Strip\Fusion Squad\MonkeyZoo_Comic_Factory\00_SYSTEM\integration_upgrade\character_layers\neonblue\neonblue_16_worried.png,source_material/imported_canon/character_layers/neonblue/neonblue_16_worried.png,neonblue_16_worried.png,png,654986,ba903df22b66356b5ce1384ed239fd13ef4a5a6446a7384661837565f6089385,2026-07-28T13:24:03+00:00,character-layer-alpha,approved-reference,MZ-CHAR-005,,no,,none (byte-for-byte copy),"Background-removed, true-alpha derivatives of approved character art. Derived assets, not primary canon, but human-reviewed and the only composite-ready character source that exists. Lil Devil is ABSENT."
character-layers,I:\MonkeyZoo Comic Strip\Fusion Squad\MonkeyZoo_Comic_Factory\00_SYSTEM\integration_upgrade\character_layers\neonblue\neonblue_17_disgusted.png,source_material/imported_canon/character_layers/neonblue/neonblue_17_disgusted.png,neonblue_17_disgusted.png,png,689880,260756feb93d4bd5e32de341e1152f8f18f14e261828eb91393a84514b371e3d,2026-07-28T13:24:03+00:00,character-layer-alpha,approved-reference,MZ-CHAR-005,,no,,none (byte-for-byte copy),"Background-removed, true-alpha derivatives of approved character art. Derived assets, not primary canon, but human-reviewed and the only composite-ready character source that exists. Lil Devil is ABSENT."
character-layers,I:\MonkeyZoo Comic Strip\Fusion Squad\MonkeyZoo_Comic_Factory\00_SYSTEM\integration_upgrade\character_layers\neonblue\neonblue_18_sleepy.png,source_material/imported_canon/character_layers/neonblue/neonblue_18_sleepy.png,neonblue_18_sleepy.png,png,657427,d73eeb8942300e1fd03ee44a68a07303ce2b27b6986296aefdc9636d18fec851,2026-07-28T13:24:03+00:00,character-layer-alpha,approved-reference,MZ-CHAR-005,,no,,none (byte-for-byte copy),"Background-removed, true-alpha derivatives of approved character art. Derived assets, not primary canon, but human-reviewed and the only composite-ready character source that exists. Lil Devil is ABSENT."
character-layers,I:\MonkeyZoo Comic Strip\Fusion Squad\MonkeyZoo_Comic_Factory\00_SYSTEM\integration_upgrade\character_layers\neonblue\neonblue_19_determined.png,source_material/imported_canon/character_layers/neonblue/neonblue_19_determined.png,neonblue_19_determined.png,png,723891,9ddb3de5be41d080cf3a8f2ba3b629f8468112c2bdbe95427631e0ec8591f182,2026-07-28T13:24:03+00:00,character-layer-alpha,approved-reference,MZ-CHAR-005,,no,,none (byte-for-byte copy),"Background-removed, true-alpha derivatives of approved character art. Derived assets, not primary canon, but human-reviewed and the only composite-ready character source that exists. Lil Devil is ABSENT."
character-layers,I:\MonkeyZoo Comic Strip\Fusion Squad\MonkeyZoo_Comic_Factory\00_SYSTEM\integration_upgrade\character_layers\neonblue\neonblue_20_confused.png,source_material/imported_canon/character_layers/neonblue/neonblue_20_confused.png,neonblue_20_confused.png,png,624449,eb401aee1e4324279fe213962a867233a03f53092aa35396b04dd87ed726f53d,2026-07-28T13:24:03+00:00,character-layer-alpha,approved-reference,MZ-CHAR-005,,no,,none (byte-for-byte copy),"Background-removed, true-alpha derivatives of approved character art. Derived assets, not primary canon, but human-reviewed and the only composite-ready character source that exists. Lil Devil is ABSENT."
character-layers,I:\MonkeyZoo Comic Strip\Fusion Squad\MonkeyZoo_Comic_Factory\00_SYSTEM\integration_upgrade\character_layers\neonblue\neonblue_21_running.png,source_material/imported_canon/character_layers/neonblue/neonblue_21_running.png,neonblue_21_running.png,png,653707,095ff73d89c47ee321bd50579b1703ca95ccf25172d0ab77d652a2b219e6d39d,2026-07-28T13:24:03+00:00,character-layer-alpha,approved-reference,MZ-CHAR-005,,no,,none (byte-for-byte copy),"Background-removed, true-alpha derivatives of approved character art. Derived assets, not primary canon, but human-reviewed and the only composite-ready character source that exists. Lil Devil is ABSENT."
character-layers,I:\MonkeyZoo Comic Strip\Fusion Squad\MonkeyZoo_Comic_Factory\00_SYSTEM\integration_upgrade\character_layers\neonblue\neonblue_22_jumping.png,source_material/imported_canon/character_layers/neonblue/neonblue_22_jumping.png,neonblue_22_jumping.png,png,706778,f149ea580aade166222067cdc2b544c5c654049be567fde77ae0a36badde4944,2026-07-28T13:24:03+00:00,character-layer-alpha,approved-reference,MZ-CHAR-005,,no,,none (byte-for-byte copy),"Background-removed, true-alpha derivatives of approved character art. Derived assets, not primary canon, but human-reviewed and the only composite-ready character source that exists. Lil Devil is ABSENT."
character-layers,I:\MonkeyZoo Comic Strip\Fusion Squad\MonkeyZoo_Comic_Factory\00_SYSTEM\integration_upgrade\character_layers\neonblue\neonblue_23_waving.png,source_material/imported_canon/character_layers/neonblue/neonblue_23_waving.png,neonblue_23_waving.png,png,730743,a7488e08c97567f19ac4b60fe4268b68a1a8bbd83172dec82a051892c44b1f5b,2026-07-28T13:24:03+00:00,character-layer-alpha,approved-reference,MZ-CHAR-005,,no,,none (byte-for-byte copy),"Background-removed, true-alpha derivatives of approved character art. Derived assets, not primary canon, but human-reviewed and the only composite-ready character source that exists. Lil Devil is ABSENT."
character-layers,I:\MonkeyZoo Comic Strip\Fusion Squad\MonkeyZoo_Comic_Factory\00_SYSTEM\integration_upgrade\character_layers\neonblue\neonblue_24_thinking.png,source_material/imported_canon/character_layers/neonblue/neonblue_24_thinking.png,neonblue_24_thinking.png,png,705644,5adebce01c0b1058b794ef505cfe8e89c6645835d3a5691b1ae03b873a2f0b8c,2026-07-28T13:24:03+00:00,character-layer-alpha,approved-reference,MZ-CHAR-005,,no,,none (byte-for-byte copy),"Background-removed, true-alpha derivatives of approved character art. Derived assets, not primary canon, but human-reviewed and the only composite-ready character source that exists. Lil Devil is ABSENT."
character-layers,I:\MonkeyZoo Comic Strip\Fusion Squad\MonkeyZoo_Comic_Factory\00_SYSTEM\integration_upgrade\character_layers\neonblue\neonblue_25_crouching.png,source_material/imported_canon/character_layers/neonblue/neonblue_25_crouching.png,neonblue_25_crouching.png,png,682525,31fa14021983a74d09b596719fb0b8a6edb8b40e2c02eb5a9d0050957d69b8e2,2026-07-28T13:24:03+00:00,character-layer-alpha,approved-reference,MZ-CHAR-005,,no,,none (byte-for-byte copy),"Background-removed, true-alpha derivatives of approved character art. Derived assets, not primary canon, but human-reviewed and the only composite-ready character source that exists. Lil Devil is ABSENT."
character-layers,I:\MonkeyZoo Comic Strip\Fusion Squad\MonkeyZoo_Comic_Factory\00_SYSTEM\integration_upgrade\character_layers\neonblue\neonblue_26_reaching.png,source_material/imported_canon/character_layers/neonblue/neonblue_26_reaching.png,neonblue_26_reaching.png,png,608464,06459c9292f7a763ebb63634d61238448dce4c46e96558ff86c677268e6dad25,2026-07-28T13:24:03+00:00,character-layer-alpha,approved-reference,MZ-CHAR-005,,no,,none (byte-for-byte copy),"Background-removed, true-alpha derivatives of approved character art. Derived assets, not primary canon, but human-reviewed and the only composite-ready character source that exists. Lil Devil is ABSENT."
character-layers,I:\MonkeyZoo Comic Strip\Fusion Squad\MonkeyZoo_Comic_Factory\00_SYSTEM\integration_upgrade\character_layers\neonblue\neonblue_27_defeated.png,source_material/imported_canon/character_layers/neonblue/neonblue_27_defeated.png,neonblue_27_defeated.png,png,674975,9914d6624e1dedc0c7877bc8e657e91492638edb6d2705a81c5f770c623c6bbb,2026-07-28T13:24:03+00:00,character-layer-alpha,approved-reference,MZ-CHAR-005,,no,,none (byte-for-byte copy),"Background-removed, true-alpha derivatives of approved character art. Derived assets, not primary canon, but human-reviewed and the only composite-ready character source that exists. Lil Devil is ABSENT."
character-layers,I:\MonkeyZoo Comic Strip\Fusion Squad\MonkeyZoo_Comic_Factory\00_SYSTEM\integration_upgrade\character_layers\neonblue\neonblue_28_celebrating.png,source_material/imported_canon/character_layers/neonblue/neonblue_28_celebrating.png,neonblue_28_celebrating.png,png,609731,5c2b1dac0ee316eddb6fff7da55fa8debda41effe57061888547ef7e482ed1dd,2026-07-28T13:24:03+00:00,character-layer-alpha,approved-reference,MZ-CHAR-005,,no,,none (byte-for-byte copy),"Background-removed, true-alpha derivatives of approved character art. Derived assets, not primary canon, but human-reviewed and the only composite-ready character source that exists. Lil Devil is ABSENT."
character-layers,I:\MonkeyZoo Comic Strip\Fusion Squad\MonkeyZoo_Comic_Factory\00_SYSTEM\integration_upgrade\character_layers\neonblue\neonblue_29_lookingup.png,source_material/imported_canon/character_layers/neonblue/neonblue_29_lookingup.png,neonblue_29_lookingup.png,png,667308,9978d037a7e095bdde43d97f299068dec3698a262de1731513d8c05e3c36c5eb,2026-07-28T13:24:03+00:00,character-layer-alpha,approved-reference,MZ-CHAR-005,,no,,none (byte-for-byte copy),"Background-removed, true-alpha derivatives of approved character art. Derived assets, not primary canon, but human-reviewed and the only composite-ready character source that exists. Lil Devil is ABSENT."
character-layers,I:\MonkeyZoo Comic Strip\Fusion Squad\MonkeyZoo_Comic_Factory\00_SYSTEM\integration_upgrade\character_layers\neonblue\neonblue_30_backview.png,source_material/imported_canon/character_layers/neonblue/neonblue_30_backview.png,neonblue_30_backview.png,png,707437,977af67de640adc2920cd00465aa6bfe1d02f7d6b3421cbc73597184ca7043b7,2026-07-28T13:24:03+00:00,character-layer-alpha,approved-reference,MZ-CHAR-005,,no,,none (byte-for-byte copy),"Background-removed, true-alpha derivatives of approved character art. Derived assets, not primary canon, but human-reviewed and the only composite-ready character source that exists. Lil Devil is ABSENT."
character-layers,I:\MonkeyZoo Comic Strip\Fusion Squad\MonkeyZoo_Comic_Factory\00_SYSTEM\integration_upgrade\character_layers\scarline\scarline_00_clean_base.png,source_material/imported_canon/character_layers/scarline/scarline_00_clean_base.png,scarline_00_clean_base.png,png,334350,806c8ae2f8326857e77324088077d8869831b0c5103cd5ce87effd4b5e6a8008,2026-07-28T13:24:03+00:00,character-layer-alpha,approved-reference,MZ-CHAR-006,,no,,none (byte-for-byte copy),"Background-removed, true-alpha derivatives of approved character art. Derived assets, not primary canon, but human-reviewed and the only composite-ready character source that exists. Lil Devil is ABSENT."
character-layers,I:\MonkeyZoo Comic Strip\Fusion Squad\MonkeyZoo_Comic_Factory\00_SYSTEM\integration_upgrade\character_layers\scarline\scarline_15_laughing.png,source_material/imported_canon/character_layers/scarline/scarline_15_laughing.png,scarline_15_laughing.png,png,428291,2a0494e8b489e1e3d0da0de33304f65aa4956a8db2e9d318c5df0610f65504d7,2026-07-28T13:24:03+00:00,character-layer-alpha,approved-reference,MZ-CHAR-006,,no,,none (byte-for-byte copy),"Background-removed, true-alpha derivatives of approved character art. Derived assets, not primary canon, but human-reviewed and the only composite-ready character source that exists. Lil Devil is ABSENT."
character-layers,I:\MonkeyZoo Comic Strip\Fusion Squad\MonkeyZoo_Comic_Factory\00_SYSTEM\integration_upgrade\character_layers\scarline\scarline_16_worried.png,source_material/imported_canon/character_layers/scarline/scarline_16_worried.png,scarline_16_worried.png,png,380205,4f196a49700aea6551855e70d6eb2e9603c9579e3cb6643b3a20f1acec17a764,2026-07-28T13:24:03+00:00,character-layer-alpha,approved-reference,MZ-CHAR-006,,no,,none (byte-for-byte copy),"Background-removed, true-alpha derivatives of approved character art. Derived assets, not primary canon, but human-reviewed and the only composite-ready character source that exists. Lil Devil is ABSENT."
character-layers,I:\MonkeyZoo Comic Strip\Fusion Squad\MonkeyZoo_Comic_Factory\00_SYSTEM\integration_upgrade\character_layers\scarline\scarline_17_disgusted.png,source_material/imported_canon/character_layers/scarline/scarline_17_disgusted.png,scarline_17_disgusted.png,png,408527,991f4cb1ac6c31e88abe9da69fdda06f04d07839dc36dbc8e4f5963e1c8d8cd9,2026-07-28T13:24:03+00:00,character-layer-alpha,approved-reference,MZ-CHAR-006,,no,,none (byte-for-byte copy),"Background-removed, true-alpha derivatives of approved character art. Derived assets, not primary canon, but human-reviewed and the only composite-ready character source that exists. Lil Devil is ABSENT."
character-layers,I:\MonkeyZoo Comic Strip\Fusion Squad\MonkeyZoo_Comic_Factory\00_SYSTEM\integration_upgrade\character_layers\scarline\scarline_18_sleepy.png,source_material/imported_canon/character_layers/scarline/scarline_18_sleepy.png,scarline_18_sleepy.png,png,372821,698e964b6c55ceb9c56845ca0ddbb1d0ba5e9e669e7fffaf99e90a5146134b97,2026-07-28T13:24:03+00:00,character-layer-alpha,approved-reference,MZ-CHAR-006,,no,,none (byte-for-byte copy),"Background-removed, true-alpha derivatives of approved character art. Derived assets, not primary canon, but human-reviewed and the only composite-ready character source that exists. Lil Devil is ABSENT."
character-layers,I:\MonkeyZoo Comic Strip\Fusion Squad\MonkeyZoo_Comic_Factory\00_SYSTEM\integration_upgrade\character_layers\scarline\scarline_19_determined.png,source_material/imported_canon/character_layers/scarline/scarline_19_determined.png,scarline_19_determined.png,png,407292,3e77cee26af301cc72d32536d34059e1f073bdc29713dbe49e09fe026c1d9f21,2026-07-28T13:24:03+00:00,character-layer-alpha,approved-reference,MZ-CHAR-006,,no,,none (byte-for-byte copy),"Background-removed, true-alpha derivatives of approved character art. Derived assets, not primary canon, but human-reviewed and the only composite-ready character source that exists. Lil Devil is ABSENT."
character-layers,I:\MonkeyZoo Comic Strip\Fusion Squad\MonkeyZoo_Comic_Factory\00_SYSTEM\integration_upgrade\character_layers\scarline\scarline_20_confused.png,source_material/imported_canon/character_layers/scarline/scarline_20_confused.png,scarline_20_confused.png,png,378858,f0546b63ab390f8ea6523be9ab6dd804e53c30376ba6377561597ad088c5c8c9,2026-07-28T13:24:03+00:00,character-layer-alpha,approved-reference,MZ-CHAR-006,,no,,none (byte-for-byte copy),"Background-removed, true-alpha derivatives of approved character art. Derived assets, not primary canon, but human-reviewed and the only composite-ready character source that exists. Lil Devil is ABSENT."
character-layers,I:\MonkeyZoo Comic Strip\Fusion Squad\MonkeyZoo_Comic_Factory\00_SYSTEM\integration_upgrade\character_layers\scarline\scarline_21_running.png,source_material/imported_canon/character_layers/scarline/scarline_21_running.png,scarline_21_running.png,png,371874,8f32baeb90779cf97338fcc2900474bddd38cf6cd25a09fd1aa19013a80b46e7,2026-07-28T13:24:03+00:00,character-layer-alpha,approved-reference,MZ-CHAR-006,,no,,none (byte-for-byte copy),"Background-removed, true-alpha derivatives of approved character art. Derived assets, not primary canon, but human-reviewed and the only composite-ready character source that exists. Lil Devil is ABSENT."
character-layers,I:\MonkeyZoo Comic Strip\Fusion Squad\MonkeyZoo_Comic_Factory\00_SYSTEM\integration_upgrade\character_layers\scarline\scarline_22_jumping.png,source_material/imported_canon/character_layers/scarline/scarline_22_jumping.png,scarline_22_jumping.png,png,375026,5ff750475140580a3ff3a5d2cc28aefe3907b475ab68d7a370d309eea38831e2,2026-07-28T13:24:03+00:00,character-layer-alpha,approved-reference,MZ-CHAR-006,,no,,none (byte-for-byte copy),"Background-removed, true-alpha derivatives of approved character art. Derived assets, not primary canon, but human-reviewed and the only composite-ready character source that exists. Lil Devil is ABSENT."
character-layers,I:\MonkeyZoo Comic Strip\Fusion Squad\MonkeyZoo_Comic_Factory\00_SYSTEM\integration_upgrade\character_layers\scarline\scarline_23_waving.png,source_material/imported_canon/character_layers/scarline/scarline_23_waving.png,scarline_23_waving.png,png,386922,7f9107c2647b1b15de0d8a09af812d3a9de7d8c0a87f77d7f992687fccd1bb39,2026-07-28T13:24:03+00:00,character-layer-alpha,approved-reference,MZ-CHAR-006,,no,,none (byte-for-byte copy),"Background-removed, true-alpha derivatives of approved character art. Derived assets, not primary canon, but human-reviewed and the only composite-ready character source that exists. Lil Devil is ABSENT."
character-layers,I:\MonkeyZoo Comic Strip\Fusion Squad\MonkeyZoo_Comic_Factory\00_SYSTEM\integration_upgrade\character_layers\scarline\scarline_24_thinking.png,source_material/imported_canon/character_layers/scarline/scarline_24_thinking.png,scarline_24_thinking.png,png,398743,6020a6954318b35504735c335d27bcb3ba9a4440a4a6b0820598889bd5247db2,2026-07-28T13:24:03+00:00,character-layer-alpha,approved-reference,MZ-CHAR-006,,no,,none (byte-for-byte copy),"Background-removed, true-alpha derivatives of approved character art. Derived assets, not primary canon, but human-reviewed and the only composite-ready character source that exists. Lil Devil is ABSENT."
character-layers,I:\MonkeyZoo Comic Strip\Fusion Squad\MonkeyZoo_Comic_Factory\00_SYSTEM\integration_upgrade\character_layers\scarline\scarline_25_crouching.png,source_material/imported_canon/character_layers/scarline/scarline_25_crouching.png,scarline_25_crouching.png,png,384905,f031800c75f34e41a17c759d8f7659aae6c03f4c6a79f6a2b358e8a55cef82a5,2026-07-28T13:24:03+00:00,character-layer-alpha,approved-reference,MZ-CHAR-006,,no,,none (byte-for-byte copy),"Background-removed, true-alpha derivatives of approved character art. Derived assets, not primary canon, but human-reviewed and the only composite-ready character source that exists. Lil Devil is ABSENT."
character-layers,I:\MonkeyZoo Comic Strip\Fusion Squad\MonkeyZoo_Comic_Factory\00_SYSTEM\integration_upgrade\character_layers\scarline\scarline_26_reaching.png,source_material/imported_canon/character_layers/scarline/scarline_26_reaching.png,scarline_26_reaching.png,png,390849,91d2db17fcbe1256a49c9a62581f37211ba494b12eb1b43fe6d190aee9c0ecea,2026-07-28T13:24:03+00:00,character-layer-alpha,approved-reference,MZ-CHAR-006,,no,,none (byte-for-byte copy),"Background-removed, true-alpha derivatives of approved character art. Derived assets, not primary canon, but human-reviewed and the only composite-ready character source that exists. Lil Devil is ABSENT."
character-layers,I:\MonkeyZoo Comic Strip\Fusion Squad\MonkeyZoo_Comic_Factory\00_SYSTEM\integration_upgrade\character_layers\scarline\scarline_27_defeated.png,source_material/imported_canon/character_layers/scarline/scarline_27_defeated.png,scarline_27_defeated.png,png,372753,ff75060b9d1f78ca162ed000ed6ef152705884c68ea7e331a9da5a706f5427b4,2026-07-28T13:24:03+00:00,character-layer-alpha,approved-reference,MZ-CHAR-006,,no,,none (byte-for-byte copy),"Background-removed, true-alpha derivatives of approved character art. Derived assets, not primary canon, but human-reviewed and the only composite-ready character source that exists. Lil Devil is ABSENT."
character-layers,I:\MonkeyZoo Comic Strip\Fusion Squad\MonkeyZoo_Comic_Factory\00_SYSTEM\integration_upgrade\character_layers\scarline\scarline_28_celebrating.png,source_material/imported_canon/character_layers/scarline/scarline_28_celebrating.png,scarline_28_celebrating.png,png,408156,5d8c39a513fb53f2ce99a23deb33a7aeb300801e769524842932a744e246d9be,2026-07-28T13:24:03+00:00,character-layer-alpha,approved-reference,MZ-CHAR-006,,no,,none (byte-for-byte copy),"Background-removed, true-alpha derivatives of approved character art. Derived assets, not primary canon, but human-reviewed and the only composite-ready character source that exists. Lil Devil is ABSENT."
character-layers,I:\MonkeyZoo Comic Strip\Fusion Squad\MonkeyZoo_Comic_Factory\00_SYSTEM\integration_upgrade\character_layers\scarline\scarline_29_lookingup.png,source_material/imported_canon/character_layers/scarline/scarline_29_lookingup.png,scarline_29_lookingup.png,png,426068,0869cd7896f6514990e4e6b4f46155d3af9eaf93f48eac4629355b35ad8656f7,2026-07-28T13:24:03+00:00,character-layer-alpha,approved-reference,MZ-CHAR-006,,no,,none (byte-for-byte copy),"Background-removed, true-alpha derivatives of approved character art. Derived assets, not primary canon, but human-reviewed and the only composite-ready character source that exists. Lil Devil is ABSENT."
character-layers,I:\MonkeyZoo Comic Strip\Fusion Squad\MonkeyZoo_Comic_Factory\00_SYSTEM\integration_upgrade\character_layers\scarline\scarline_30_backview.png,source_material/imported_canon/character_layers/scarline/scarline_30_backview.png,scarline_30_backview.png,png,375742,db560c751784609f596b20efbe0b5a09ed4bfa3ada6a54e36f21adfc457f0087,2026-07-28T13:24:03+00:00,character-layer-alpha,approved-reference,MZ-CHAR-006,,no,,none (byte-for-byte copy),"Background-removed, true-alpha derivatives of approved character art. Derived assets, not primary canon, but human-reviewed and the only composite-ready character source that exists. Lil Devil is ABSENT."
character-layers,I:\MonkeyZoo Comic Strip\Fusion Squad\MonkeyZoo_Comic_Factory\00_SYSTEM\integration_upgrade\character_layers\static\static_00_clean_base.png,source_material/imported_canon/character_layers/static/static_00_clean_base.png,static_00_clean_base.png,png,577927,adb3e70479bbf5fedfdfad3e568af6ac923aca8d42b6c8263342031d1d1f6091,2026-07-28T13:24:03+00:00,character-layer-alpha,approved-reference,MZ-CHAR-003,,no,,none (byte-for-byte copy),"Background-removed, true-alpha derivatives of approved character art. Derived assets, not primary canon, but human-reviewed and the only composite-ready character source that exists. Lil Devil is ABSENT."
character-layers,I:\MonkeyZoo Comic Strip\Fusion Squad\MonkeyZoo_Comic_Factory\00_SYSTEM\integration_upgrade\character_layers\static\static_14_shout.png,source_material/imported_canon/character_layers/static/static_14_shout.png,static_14_shout.png,png,647797,29e63efd32bb8ce6af33fe4cf68231491ada230b0b4d92870f82bef2e5881090,2026-07-28T13:24:03+00:00,character-layer-alpha,approved-reference,MZ-CHAR-003,,no,,none (byte-for-byte copy),"Background-removed, true-alpha derivatives of approved character art. Derived assets, not primary canon, but human-reviewed and the only composite-ready character source that exists. Lil Devil is ABSENT."
character-layers,I:\MonkeyZoo Comic Strip\Fusion Squad\MonkeyZoo_Comic_Factory\00_SYSTEM\integration_upgrade\character_layers\static\static_15_laughing.png,source_material/imported_canon/character_layers/static/static_15_laughing.png,static_15_laughing.png,png,596470,75f2235d13908969103f50d13e04b6f894b7d214322869d6aa8dc2af4cbd17d9,2026-07-28T13:24:03+00:00,character-layer-alpha,approved-reference,MZ-CHAR-003,,no,,none (byte-for-byte copy),"Background-removed, true-alpha derivatives of approved character art. Derived assets, not primary canon, but human-reviewed and the only composite-ready character source that exists. Lil Devil is ABSENT."
character-layers,I:\MonkeyZoo Comic Strip\Fusion Squad\MonkeyZoo_Comic_Factory\00_SYSTEM\integration_upgrade\character_layers\static\static_16_worried.png,source_material/imported_canon/character_layers/static/static_16_worried.png,static_16_worried.png,png,571979,eccffc5e64d61b26e822392c1cf0ca0d77a8a927b4271755d344f6f7abac5c3f,2026-07-28T13:24:03+00:00,character-layer-alpha,approved-reference,MZ-CHAR-003,,no,,none (byte-for-byte copy),"Background-removed, true-alpha derivatives of approved character art. Derived assets, not primary canon, but human-reviewed and the only composite-ready character source that exists. Lil Devil is ABSENT."
character-layers,I:\MonkeyZoo Comic Strip\Fusion Squad\MonkeyZoo_Comic_Factory\00_SYSTEM\integration_upgrade\character_layers\static\static_17_disgusted.png,source_material/imported_canon/character_layers/static/static_17_disgusted.png,static_17_disgusted.png,png,614251,c4ebad4f7e8f6701204e83ab109a615db1e6a64fdc73ab5aa81165e175c1ff84,2026-07-28T13:24:03+00:00,character-layer-alpha,approved-reference,MZ-CHAR-003,,no,,none (byte-for-byte copy),"Background-removed, true-alpha derivatives of approved character art. Derived assets, not primary canon, but human-reviewed and the only composite-ready character source that exists. Lil Devil is ABSENT."
character-layers,I:\MonkeyZoo Comic Strip\Fusion Squad\MonkeyZoo_Comic_Factory\00_SYSTEM\integration_upgrade\character_layers\static\static_18_sleepy.png,source_material/imported_canon/character_layers/static/static_18_sleepy.png,static_18_sleepy.png,png,624545,c8a6a253a28f864d02fd8a18855cf0d87d2410c1ebd9fe179b8c293bdc5e3f07,2026-07-28T13:24:03+00:00,character-layer-alpha,approved-reference,MZ-CHAR-003,,no,,none (byte-for-byte copy),"Background-removed, true-alpha derivatives of approved character art. Derived assets, not primary canon, but human-reviewed and the only composite-ready character source that exists. Lil Devil is ABSENT."
character-layers,I:\MonkeyZoo Comic Strip\Fusion Squad\MonkeyZoo_Comic_Factory\00_SYSTEM\integration_upgrade\character_layers\static\static_19_determined.png,source_material/imported_canon/character_layers/static/static_19_determined.png,static_19_determined.png,png,581749,e8dbe9b040604298cb6f5e2f6ade9ca9779c67bf165e819d755ca158e82c8f0a,2026-07-28T13:24:03+00:00,character-layer-alpha,approved-reference,MZ-CHAR-003,,no,,none (byte-for-byte copy),"Background-removed, true-alpha derivatives of approved character art. Derived assets, not primary canon, but human-reviewed and the only composite-ready character source that exists. Lil Devil is ABSENT."
character-layers,I:\MonkeyZoo Comic Strip\Fusion Squad\MonkeyZoo_Comic_Factory\00_SYSTEM\integration_upgrade\character_layers\static\static_20_confused.png,source_material/imported_canon/character_layers/static/static_20_confused.png,static_20_confused.png,png,569173,eb08590b503f813e16bd0fa1f72783ea472998340b95bf28756cd4c56bd113b8,2026-07-28T13:24:03+00:00,character-layer-alpha,approved-reference,MZ-CHAR-003,,no,,none (byte-for-byte copy),"Background-removed, true-alpha derivatives of approved character art. Derived assets, not primary canon, but human-reviewed and the only composite-ready character source that exists. Lil Devil is ABSENT."
character-layers,I:\MonkeyZoo Comic Strip\Fusion Squad\MonkeyZoo_Comic_Factory\00_SYSTEM\integration_upgrade\character_layers\static\static_21_running.png,source_material/imported_canon/character_layers/static/static_21_running.png,static_21_running.png,png,623034,8b459166b76cebd54db35a0ed279d73ed6ab2f926850a7ebc1388cb1db41c3e6,2026-07-28T13:24:03+00:00,character-layer-alpha,approved-reference,MZ-CHAR-003,,no,,none (byte-for-byte copy),"Background-removed, true-alpha derivatives of approved character art. Derived assets, not primary canon, but human-reviewed and the only composite-ready character source that exists. Lil Devil is ABSENT."
character-layers,I:\MonkeyZoo Comic Strip\Fusion Squad\MonkeyZoo_Comic_Factory\00_SYSTEM\integration_upgrade\character_layers\static\static_22_jumping.png,source_material/imported_canon/character_layers/static/static_22_jumping.png,static_22_jumping.png,png,641895,765e5f8f54a20b1099e0507fdc91db915a016dfc5cfac3c0d1a19408ff900fde,2026-07-28T13:24:03+00:00,character-layer-alpha,approved-reference,MZ-CHAR-003,,no,,none (byte-for-byte copy),"Background-removed, true-alpha derivatives of approved character art. Derived assets, not primary canon, but human-reviewed and the only composite-ready character source that exists. Lil Devil is ABSENT."
character-layers,I:\MonkeyZoo Comic Strip\Fusion Squad\MonkeyZoo_Comic_Factory\00_SYSTEM\integration_upgrade\character_layers\static\static_23_waving.png,source_material/imported_canon/character_layers/static/static_23_waving.png,static_23_waving.png,png,689317,17462fa737bc01788ee1382ca6a6be7567a62cb369b886df1a44d719d9824f03,2026-07-28T13:24:03+00:00,character-layer-alpha,approved-reference,MZ-CHAR-003,,no,,none (byte-for-byte copy),"Background-removed, true-alpha derivatives of approved character art. Derived assets, not primary canon, but human-reviewed and the only composite-ready character source that exists. Lil Devil is ABSENT."
character-layers,I:\MonkeyZoo Comic Strip\Fusion Squad\MonkeyZoo_Comic_Factory\00_SYSTEM\integration_upgrade\character_layers\static\static_24_thinking.png,source_material/imported_canon/character_layers/static/static_24_thinking.png,static_24_thinking.png,png,592516,05262138e5e17aaa5cf6279cb968e320ade96481cfdb55d04e94a2b5d9154d0f,2026-07-28T13:24:03+00:00,character-layer-alpha,approved-reference,MZ-CHAR-003,,no,,none (byte-for-byte copy),"Background-removed, true-alpha derivatives of approved character art. Derived assets, not primary canon, but human-reviewed and the only composite-ready character source that exists. Lil Devil is ABSENT."
character-layers,I:\MonkeyZoo Comic Strip\Fusion Squad\MonkeyZoo_Comic_Factory\00_SYSTEM\integration_upgrade\character_layers\static\static_25_crouching.png,source_material/imported_canon/character_layers/static/static_25_crouching.png,static_25_crouching.png,png,586242,8bf7081e68ca28199a0573a8d0cb223fe0d01f729b16380fdb11a7f026964c9b,2026-07-28T13:24:03+00:00,character-layer-alpha,approved-reference,MZ-CHAR-003,,no,,none (byte-for-byte copy),"Background-removed, true-alpha derivatives of approved character art. Derived assets, not primary canon, but human-reviewed and the only composite-ready character source that exists. Lil Devil is ABSENT."
character-layers,I:\MonkeyZoo Comic Strip\Fusion Squad\MonkeyZoo_Comic_Factory\00_SYSTEM\integration_upgrade\character_layers\static\static_26_reaching.png,source_material/imported_canon/character_layers/static/static_26_reaching.png,static_26_reaching.png,png,648527,2ca98e3e39c2518dcebae79da9012f4b650a6a8b8ce59983ad995c3e3b249abc,2026-07-28T13:24:03+00:00,character-layer-alpha,approved-reference,MZ-CHAR-003,,no,,none (byte-for-byte copy),"Background-removed, true-alpha derivatives of approved character art. Derived assets, not primary canon, but human-reviewed and the only composite-ready character source that exists. Lil Devil is ABSENT."
character-layers,I:\MonkeyZoo Comic Strip\Fusion Squad\MonkeyZoo_Comic_Factory\00_SYSTEM\integration_upgrade\character_layers\static\static_27_defeated.png,source_material/imported_canon/character_layers/static/static_27_defeated.png,static_27_defeated.png,png,566285,ad2fe583c237f4fa6187371d040ba8bd425840b4d4aa9e9d36fcf2c5b080404a,2026-07-28T13:24:03+00:00,character-layer-alpha,approved-reference,MZ-CHAR-003,,no,,none (byte-for-byte copy),"Background-removed, true-alpha derivatives of approved character art. Derived assets, not primary canon, but human-reviewed and the only composite-ready character source that exists. Lil Devil is ABSENT."
character-layers,I:\MonkeyZoo Comic Strip\Fusion Squad\MonkeyZoo_Comic_Factory\00_SYSTEM\integration_upgrade\character_layers\static\static_28_celebrating.png,source_material/imported_canon/character_layers/static/static_28_celebrating.png,static_28_celebrating.png,png,710242,e574d90307d88aabbff6c54c29639161c3330ef215e0fa9d136d2f5dc69c51bc,2026-07-28T13:24:03+00:00,character-layer-alpha,approved-reference,MZ-CHAR-003,,no,,none (byte-for-byte copy),"Background-removed, true-alpha derivatives of approved character art. Derived assets, not primary canon, but human-reviewed and the only composite-ready character source that exists. Lil Devil is ABSENT."
character-layers,I:\MonkeyZoo Comic Strip\Fusion Squad\MonkeyZoo_Comic_Factory\00_SYSTEM\integration_upgrade\character_layers\static\static_29_lookingup.png,source_material/imported_canon/character_layers/static/static_29_lookingup.png,static_29_lookingup.png,png,599091,48eb6979f257f1c6d2d056e621fa8f8c183d70ff2d065a480bb62dd4e22a7cbf,2026-07-28T13:24:03+00:00,character-layer-alpha,approved-reference,MZ-CHAR-003,,no,,none (byte-for-byte copy),"Background-removed, true-alpha derivatives of approved character art. Derived assets, not primary canon, but human-reviewed and the only composite-ready character source that exists. Lil Devil is ABSENT."
character-layers,I:\MonkeyZoo Comic Strip\Fusion Squad\MonkeyZoo_Comic_Factory\00_SYSTEM\integration_upgrade\character_layers\static\static_30_backview.png,source_material/imported_canon/character_layers/static/static_30_backview.png,static_30_backview.png,png,554396,436c709e2c0d3ee006aec42a2321ac918779002b565ef87364abf61624d4a8d6,2026-07-28T13:24:03+00:00,character-layer-alpha,approved-reference,MZ-CHAR-003,,no,,none (byte-for-byte copy),"Background-removed, true-alpha derivatives of approved character art. Derived assets, not primary canon, but human-reviewed and the only composite-ready character source that exists. Lil Devil is ABSENT."
character-layers,I:\MonkeyZoo Comic Strip\Fusion Squad\MonkeyZoo_Comic_Factory\00_SYSTEM\integration_upgrade\character_layers\static\static_scene_freeze.png,source_material/imported_canon/character_layers/static/static_scene_freeze.png,static_scene_freeze.png,png,787609,8a1238d08554a322d2c8e8de339925c886bb9d536f4decd8684a4265ee9ffb8b,2026-07-28T13:24:03+00:00,character-layer-alpha,approved-reference,MZ-CHAR-003,,no,,none (byte-for-byte copy),"Background-removed, true-alpha derivatives of approved character art. Derived assets, not primary canon, but human-reviewed and the only composite-ready character source that exists. Lil Devil is ABSENT."
character-layers,I:\MonkeyZoo Comic Strip\Fusion Squad\MonkeyZoo_Comic_Factory\00_SYSTEM\integration_upgrade\character_layers\twotone\twotone_00_clean_base.png,source_material/imported_canon/character_layers/twotone/twotone_00_clean_base.png,twotone_00_clean_base.png,png,532986,8a4861a391bdb0ce660aa2b50f8167d6e81dac792c30c0864ba625c08db77b5c,2026-07-28T13:24:03+00:00,character-layer-alpha,approved-reference,MZ-CHAR-002,,no,,none (byte-for-byte copy),"Background-removed, true-alpha derivatives of approved character art. Derived assets, not primary canon, but human-reviewed and the only composite-ready character source that exists. Lil Devil is ABSENT."
character-layers,I:\MonkeyZoo Comic Strip\Fusion Squad\MonkeyZoo_Comic_Factory\00_SYSTEM\integration_upgrade\character_layers\twotone\twotone_10_walking.png,source_material/imported_canon/character_layers/twotone/twotone_10_walking.png,twotone_10_walking.png,png,579727,62e04bb4f0a500cf986d2a437b8f8572e3fc480855748c242a183f9d4bf21ede,2026-07-28T13:24:03+00:00,character-layer-alpha,approved-reference,MZ-CHAR-002,,no,,none (byte-for-byte copy),"Background-removed, true-alpha derivatives of approved character art. Derived assets, not primary canon, but human-reviewed and the only composite-ready character source that exists. Lil Devil is ABSENT."
character-layers,I:\MonkeyZoo Comic Strip\Fusion Squad\MonkeyZoo_Comic_Factory\00_SYSTEM\integration_upgrade\character_layers\twotone\twotone_12_sitting.png,source_material/imported_canon/character_layers/twotone/twotone_12_sitting.png,twotone_12_sitting.png,png,1093439,9a82304e23934c79b2452a85e1955814c22b04e55e1dea6a451a6dd1bc32d91c,2026-07-28T13:24:03+00:00,character-layer-alpha,approved-reference,MZ-CHAR-002,,no,,none (byte-for-byte copy),"Background-removed, true-alpha derivatives of approved character art. Derived assets, not primary canon, but human-reviewed and the only composite-ready character source that exists. Lil Devil is ABSENT."
character-layers,I:\MonkeyZoo Comic Strip\Fusion Squad\MonkeyZoo_Comic_Factory\00_SYSTEM\integration_upgrade\character_layers\twotone\twotone_13_pointing.png,source_material/imported_canon/character_layers/twotone/twotone_13_pointing.png,twotone_13_pointing.png,png,968425,4635f916361876d0280eda288e45ce792bc41071e2b321d00e320a7aa72195b9,2026-07-28T13:24:03+00:00,character-layer-alpha,approved-reference,MZ-CHAR-002,,no,,none (byte-for-byte copy),"Background-removed, true-alpha derivatives of approved character art. Derived assets, not primary canon, but human-reviewed and the only composite-ready character source that exists. Lil Devil is ABSENT."
character-layers,I:\MonkeyZoo Comic Strip\Fusion Squad\MonkeyZoo_Comic_Factory\00_SYSTEM\integration_upgrade\character_layers\twotone\twotone_16_worried.png,source_material/imported_canon/character_layers/twotone/twotone_16_worried.png,twotone_16_worried.png,png,576757,8ba79387add577fff67e098f2b1bf2636bfeadc742336a4a87e6c6225a45130e,2026-07-28T13:24:03+00:00,character-layer-alpha,approved-reference,MZ-CHAR-002,,no,,none (byte-for-byte copy),"Background-removed, true-alpha derivatives of approved character art. Derived assets, not primary canon, but human-reviewed and the only composite-ready character source that exists. Lil Devil is ABSENT."
character-layers,I:\MonkeyZoo Comic Strip\Fusion Squad\MonkeyZoo_Comic_Factory\00_SYSTEM\integration_upgrade\character_layers\twotone\twotone_17_disgusted.png,source_material/imported_canon/character_layers/twotone/twotone_17_disgusted.png,twotone_17_disgusted.png,png,603289,3c91fa1f0e8b770a5e0a10181a7dcebab1043bae6c586150b1134442bfc99b75,2026-07-28T13:24:03+00:00,character-layer-alpha,approved-reference,MZ-CHAR-002,,no,,none (byte-for-byte copy),"Background-removed, true-alpha derivatives of approved character art. Derived assets, not primary canon, but human-reviewed and the only composite-ready character source that exists. Lil Devil is ABSENT."
character-layers,I:\MonkeyZoo Comic Strip\Fusion Squad\MonkeyZoo_Comic_Factory\00_SYSTEM\integration_upgrade\character_layers\twotone\twotone_18_sleepy.png,source_material/imported_canon/character_layers/twotone/twotone_18_sleepy.png,twotone_18_sleepy.png,png,580962,b5b9a90ddc98336c44ca62a9c303b45cb05f18900b3a1bd30907b0f7218eefe2,2026-07-28T13:24:03+00:00,character-layer-alpha,approved-reference,MZ-CHAR-002,,no,,none (byte-for-byte copy),"Background-removed, true-alpha derivatives of approved character art. Derived assets, not primary canon, but human-reviewed and the only composite-ready character source that exists. Lil Devil is ABSENT."
character-layers,I:\MonkeyZoo Comic Strip\Fusion Squad\MonkeyZoo_Comic_Factory\00_SYSTEM\integration_upgrade\character_layers\twotone\twotone_19_determined.png,source_material/imported_canon/character_layers/twotone/twotone_19_determined.png,twotone_19_determined.png,png,597567,fabc03f6c3429f00934145dc8a83c73db76b42f575640070a9cc5a8bc14d4133,2026-07-28T13:24:03+00:00,character-layer-alpha,approved-reference,MZ-CHAR-002,,no,,none (byte-for-byte copy),"Background-removed, true-alpha derivatives of approved character art. Derived assets, not primary canon, but human-reviewed and the only composite-ready character source that exists. Lil Devil is ABSENT."
character-layers,I:\MonkeyZoo Comic Strip\Fusion Squad\MonkeyZoo_Comic_Factory\00_SYSTEM\integration_upgrade\character_layers\twotone\twotone_20_confused.png,source_material/imported_canon/character_layers/twotone/twotone_20_confused.png,twotone_20_confused.png,png,595230,ff8a0b8462895f571ca9b8990cd3a8174325cf4a7990991afdd222c9d7d02575,2026-07-28T13:24:03+00:00,character-layer-alpha,approved-reference,MZ-CHAR-002,,no,,none (byte-for-byte copy),"Background-removed, true-alpha derivatives of approved character art. Derived assets, not primary canon, but human-reviewed and the only composite-ready character source that exists. Lil Devil is ABSENT."
character-layers,I:\MonkeyZoo Comic Strip\Fusion Squad\MonkeyZoo_Comic_Factory\00_SYSTEM\integration_upgrade\character_layers\twotone\twotone_21_running.png,source_material/imported_canon/character_layers/twotone/twotone_21_running.png,twotone_21_running.png,png,599257,ed60b95281281e74e91fad748625cf2b69acc0c2e5d042a389348d76139e290b,2026-07-28T13:24:03+00:00,character-layer-alpha,approved-reference,MZ-CHAR-002,,no,,none (byte-for-byte copy),"Background-removed, true-alpha derivatives of approved character art. Derived assets, not primary canon, but human-reviewed and the only composite-ready character source that exists. Lil Devil is ABSENT."
character-layers,I:\MonkeyZoo Comic Strip\Fusion Squad\MonkeyZoo_Comic_Factory\00_SYSTEM\integration_upgrade\character_layers\twotone\twotone_22_jumping.png,source_material/imported_canon/character_layers/twotone/twotone_22_jumping.png,twotone_22_jumping.png,png,574689,95f4e658a847a3fa4dfc9c07866aa1e0cf3e20211dd8e8fbc10c53f3f3a96508,2026-07-28T13:24:03+00:00,character-layer-alpha,approved-reference,MZ-CHAR-002,,no,,none (byte-for-byte copy),"Background-removed, true-alpha derivatives of approved character art. Derived assets, not primary canon, but human-reviewed and the only composite-ready character source that exists. Lil Devil is ABSENT."
character-layers,I:\MonkeyZoo Comic Strip\Fusion Squad\MonkeyZoo_Comic_Factory\00_SYSTEM\integration_upgrade\character_layers\twotone\twotone_23_waving.png,source_material/imported_canon/character_layers/twotone/twotone_23_waving.png,twotone_23_waving.png,png,621923,de8f609eba81f52bb12616db354f27d9bf455a64b7a6c3036d893de71a9e5a8b,2026-07-28T13:24:03+00:00,character-layer-alpha,approved-reference,MZ-CHAR-002,,no,,none (byte-for-byte copy),"Background-removed, true-alpha derivatives of approved character art. Derived assets, not primary canon, but human-reviewed and the only composite-ready character source that exists. Lil Devil is ABSENT."
character-layers,I:\MonkeyZoo Comic Strip\Fusion Squad\MonkeyZoo_Comic_Factory\00_SYSTEM\integration_upgrade\character_layers\twotone\twotone_24_thinking.png,source_material/imported_canon/character_layers/twotone/twotone_24_thinking.png,twotone_24_thinking.png,png,603561,f42869cab1c1422afd50ffac8491d98c113f3b1b91eeb53c9694b7dc619ffcc9,2026-07-28T13:24:03+00:00,character-layer-alpha,approved-reference,MZ-CHAR-002,,no,,none (byte-for-byte copy),"Background-removed, true-alpha derivatives of approved character art. Derived assets, not primary canon, but human-reviewed and the only composite-ready character source that exists. Lil Devil is ABSENT."
character-layers,I:\MonkeyZoo Comic Strip\Fusion Squad\MonkeyZoo_Comic_Factory\00_SYSTEM\integration_upgrade\character_layers\twotone\twotone_25_crouching.png,source_material/imported_canon/character_layers/twotone/twotone_25_crouching.png,twotone_25_crouching.png,png,596023,6cfff06f04c75522056e4ef446b5e1b9208a4f455266bc66a5830d49ec2fb738,2026-07-28T13:24:03+00:00,character-layer-alpha,approved-reference,MZ-CHAR-002,,no,,none (byte-for-byte copy),"Background-removed, true-alpha derivatives of approved character art. Derived assets, not primary canon, but human-reviewed and the only composite-ready character source that exists. Lil Devil is ABSENT."
character-layers,I:\MonkeyZoo Comic Strip\Fusion Squad\MonkeyZoo_Comic_Factory\00_SYSTEM\integration_upgrade\character_layers\twotone\twotone_26_reaching.png,source_material/imported_canon/character_layers/twotone/twotone_26_reaching.png,twotone_26_reaching.png,png,596040,7d07f02ab039e79d14fef3e0b0ceb9fa53a267c8c3b0346d93376cd6ad6facb0,2026-07-28T13:24:03+00:00,character-layer-alpha,approved-reference,MZ-CHAR-002,,no,,none (byte-for-byte copy),"Background-removed, true-alpha derivatives of approved character art. Derived assets, not primary canon, but human-reviewed and the only composite-ready character source that exists. Lil Devil is ABSENT."
character-layers,I:\MonkeyZoo Comic Strip\Fusion Squad\MonkeyZoo_Comic_Factory\00_SYSTEM\integration_upgrade\character_layers\twotone\twotone_27_defeated.png,source_material/imported_canon/character_layers/twotone/twotone_27_defeated.png,twotone_27_defeated.png,png,517906,2467c76b3399ab85ff96788f05cac4d87bd68bb144f90aedb8b06aed115bc4d2,2026-07-28T13:24:03+00:00,character-layer-alpha,approved-reference,MZ-CHAR-002,,no,,none (byte-for-byte copy),"Background-removed, true-alpha derivatives of approved character art. Derived assets, not primary canon, but human-reviewed and the only composite-ready character source that exists. Lil Devil is ABSENT."
character-layers,I:\MonkeyZoo Comic Strip\Fusion Squad\MonkeyZoo_Comic_Factory\00_SYSTEM\integration_upgrade\character_layers\twotone\twotone_28_celebrating.png,source_material/imported_canon/character_layers/twotone/twotone_28_celebrating.png,twotone_28_celebrating.png,png,633343,faf277aa6e61c63c38d259a0d8714781165db1c0eeec23f1695dc625d060a6fb,2026-07-28T13:24:03+00:00,character-layer-alpha,approved-reference,MZ-CHAR-002,,no,,none (byte-for-byte copy),"Background-removed, true-alpha derivatives of approved character art. Derived assets, not primary canon, but human-reviewed and the only composite-ready character source that exists. Lil Devil is ABSENT."
character-layers,I:\MonkeyZoo Comic Strip\Fusion Squad\MonkeyZoo_Comic_Factory\00_SYSTEM\integration_upgrade\character_layers\twotone\twotone_29_lookingup.png,source_material/imported_canon/character_layers/twotone/twotone_29_lookingup.png,twotone_29_lookingup.png,png,621843,cf65f3e8d4abb7f395ceec77ed0ffec52207f628366cd33b4b53340616f6ca14,2026-07-28T13:24:03+00:00,character-layer-alpha,approved-reference,MZ-CHAR-002,,no,,none (byte-for-byte copy),"Background-removed, true-alpha derivatives of approved character art. Derived assets, not primary canon, but human-reviewed and the only composite-ready character source that exists. Lil Devil is ABSENT."
character-layers,I:\MonkeyZoo Comic Strip\Fusion Squad\MonkeyZoo_Comic_Factory\00_SYSTEM\integration_upgrade\character_layers\twotone\twotone_30_backview.png,source_material/imported_canon/character_layers/twotone/twotone_30_backview.png,twotone_30_backview.png,png,545456,d005e78317b54a2c52e3743f306c4000a916567b06216eeb206f8bfb4fcf15d3,2026-07-28T13:24:03+00:00,character-layer-alpha,approved-reference,MZ-CHAR-002,,no,,none (byte-for-byte copy),"Background-removed, true-alpha derivatives of approved character art. Derived assets, not primary canon, but human-reviewed and the only composite-ready character source that exists. Lil Devil is ABSENT."
character-layers,I:\MonkeyZoo Comic Strip\Fusion Squad\MonkeyZoo_Comic_Factory\00_SYSTEM\integration_upgrade\character_layers\zombie\zombie_00_clean_base.png,source_material/imported_canon/character_layers/zombie/zombie_00_clean_base.png,zombie_00_clean_base.png,png,531530,30b9cfe19de35d3446a48b40ddaf99ba61d6ddda8ce56f19279ac0122b44798a,2026-07-28T13:24:03+00:00,character-layer-alpha,approved-reference,MZ-CHAR-ZOMBIE,,no,,none (byte-for-byte copy),"Background-removed, true-alpha derivatives of approved character art. Derived assets, not primary canon, but human-reviewed and the only composite-ready character source that exists. Lil Devil is ABSENT."
character-layer-menu,I:\MonkeyZoo Comic Strip\Fusion Squad\MonkeyZoo_Comic_Factory\00_SYSTEM\integration_upgrade\layer_menu.json,source_material/imported_canon/character_layers/layer_menu.json,layer_menu.json,json,17428,964dd5b5ee36afa6ef6c0fe25dee1a2d0f9c45f77d0752827dedbb51e5b18a62,2026-07-28T13:24:03+00:00,character-layer-index,approved-reference,,,yes,,none (byte-for-byte copy),
plate-calibrations,I:\MonkeyZoo Comic Strip\Fusion Squad\MonkeyZoo_Comic_Factory\00_SYSTEM\integration_upgrade\plate_calibrations\old-relay-junction\scene_blocking.json,source_material/imported_canon/plate_calibrations/old-relay-junction/scene_blocking.json,scene_blocking.json,json,3963,8d7ec69cc0235b6e18195457b5781b24af5bb03590064ec57dda761afbb60ffd,2026-07-28T13:24:03+00:00,staging-calibration,approved-reference,,,yes,,none (byte-for-byte copy),Ground-plane / horizon calibrations for four NON-festival plates. Art-directed estimates. No festival plate is calibrated yet.
plate-calibrations,I:\MonkeyZoo Comic Strip\Fusion Squad\MonkeyZoo_Comic_Factory\00_SYSTEM\integration_upgrade\plate_calibrations\school-pa-zone\scene_blocking.json,source_material/imported_canon/plate_calibrations/school-pa-zone/scene_blocking.json,scene_blocking.json,json,6273,ddbbd5d96c795a12455d41bf2eccd3dc9f04cab99e081fa80e4f1263023c1af7,2026-07-28T13:24:03+00:00,staging-calibration,approved-reference,,,yes,,none (byte-for-byte copy),Ground-plane / horizon calibrations for four NON-festival plates. Art-directed estimates. No festival plate is calibrated yet.
plate-calibrations,I:\MonkeyZoo Comic Strip\Fusion Squad\MonkeyZoo_Comic_Factory\00_SYSTEM\integration_upgrade\plate_calibrations\storm-routines\scene_blocking.json,source_material/imported_canon/plate_calibrations/storm-routines/scene_blocking.json,scene_blocking.json,json,4977,e89292be93eee874be28e86a161dcfe0fcf1627af52fa1f006cb686ee513f538,2026-07-28T13:24:03+00:00,staging-calibration,approved-reference,,,yes,,none (byte-for-byte copy),Ground-plane / horizon calibrations for four NON-festival plates. Art-directed estimates. No festival plate is calibrated yet.
plate-calibrations,I:\MonkeyZoo Comic Strip\Fusion Squad\MonkeyZoo_Comic_Factory\00_SYSTEM\integration_upgrade\plate_calibrations\transit-announcement-hub\scene_blocking.json,source_material/imported_canon/plate_calibrations/transit-announcement-hub/scene_blocking.json,scene_blocking.json,json,6245,bef8c359e60c28dafd7e23a64f1f844971b449de6eca5e58e2c52fcf3ad16663,2026-07-28T13:24:03+00:00,staging-calibration,approved-reference,,,yes,,none (byte-for-byte copy),Ground-plane / horizon calibrations for four NON-festival plates. Art-directed estimates. No festival plate is calibrated yet.
story-bibles,I:\MonkeyZoo Comic Strip\Fusion Squad\MonkeyZoo_Comic_Factory\story-bibles\seasons\2026-emo-monkeys-the-signal-between-us\CHARACTER-AND-REFERENCE-INDEX.md,source_material/imported_bibles/story-bibles/seasons/2026-emo-monkeys-the-signal-between-us/CHARACTER-AND-REFERENCE-INDEX.md,CHARACTER-AND-REFERENCE-INDEX.md,md,4605,e4b221fbd2f645570860546589b353d6d46888a4f41ce4d45ae79c4249415985,2026-07-28T13:24:03+00:00,story-bible,authoritative,MZ-CHAR-EMO,,yes,source_material/imported_canon/approved_characters/CHARACTER_IMAGE_INDEX.md,none (byte-for-byte copy),"Season bible for ""Emo Monkeys: The Signal Between Us"" plus per-issue story briefs. Section 7 is the authoritative Issue 001 plan."
story-bibles,I:\MonkeyZoo Comic Strip\Fusion Squad\MonkeyZoo_Comic_Factory\story-bibles\seasons\2026-emo-monkeys-the-signal-between-us\character-growth-tracker.md,source_material/imported_bibles/story-bibles/seasons/2026-emo-monkeys-the-signal-between-us/character-growth-tracker.md,character-growth-tracker.md,md,1164,cd7af21611a3d8ebce76d2eec59a509242291db097217a6afeb004300095002c,2026-07-28T13:24:03+00:00,story-bible,authoritative,MZ-CHAR-EMO,,yes,,none (byte-for-byte copy),"Season bible for ""Emo Monkeys: The Signal Between Us"" plus per-issue story briefs. Section 7 is the authoritative Issue 001 plan."
story-bibles,I:\MonkeyZoo Comic Strip\Fusion Squad\MonkeyZoo_Comic_Factory\story-bibles\seasons\2026-emo-monkeys-the-signal-between-us\continuity-map.md,source_material/imported_bibles/story-bibles/seasons/2026-emo-monkeys-the-signal-between-us/continuity-map.md,continuity-map.md,md,883,a2f0e7ea1c490d05a6adc7181bed3cee017d159ae3f0755a3f6de846a62c227e,2026-07-28T13:24:03+00:00,story-bible,authoritative,MZ-CHAR-EMO,,yes,,none (byte-for-byte copy),"Season bible for ""Emo Monkeys: The Signal Between Us"" plus per-issue story briefs. Section 7 is the authoritative Issue 001 plan."
story-bibles,I:\MonkeyZoo Comic Strip\Fusion Squad\MonkeyZoo_Comic_Factory\story-bibles\seasons\2026-emo-monkeys-the-signal-between-us\echo-mystery-tracker.md,source_material/imported_bibles/story-bibles/seasons/2026-emo-monkeys-the-signal-between-us/echo-mystery-tracker.md,echo-mystery-tracker.md,md,1055,476cfd0ef9208ea265517dfe3cea9b94a57bba33acb7ae266647042f025a6b9f,2026-07-28T13:24:03+00:00,story-bible,authoritative,MZ-CHAR-EMO,,yes,,none (byte-for-byte copy),"Season bible for ""Emo Monkeys: The Signal Between Us"" plus per-issue story briefs. Section 7 is the authoritative Issue 001 plan."
story-bibles,I:\MonkeyZoo Comic Strip\Fusion Squad\MonkeyZoo_Comic_Factory\story-bibles\seasons\2026-emo-monkeys-the-signal-between-us\guest-appearance-tracker.md,source_material/imported_bibles/story-bibles/seasons/2026-emo-monkeys-the-signal-between-us/guest-appearance-tracker.md,guest-appearance-tracker.md,md,851,e92b0fb046822759eca400e938eab643df6e8634132fa6291871672c22b61723,2026-07-28T13:24:03+00:00,story-bible,authoritative,MZ-CHAR-EMO,,yes,,none (byte-for-byte copy),"Season bible for ""Emo Monkeys: The Signal Between Us"" plus per-issue story briefs. Section 7 is the authoritative Issue 001 plan."
story-bibles,I:\MonkeyZoo Comic Strip\Fusion Squad\MonkeyZoo_Comic_Factory\story-bibles\seasons\2026-emo-monkeys-the-signal-between-us\issue-01-neonblue.md,source_material/imported_bibles/story-bibles/seasons/2026-emo-monkeys-the-signal-between-us/issue-01-neonblue.md,issue-01-neonblue.md,md,607,450e5c63733f7285ded45878ea936b77c3a33da994da7e47d73d06d01c7b410b,2026-07-28T13:24:03+00:00,story-bible,authoritative,MZ-CHAR-005,issue-001,yes,,none (byte-for-byte copy),"Season bible for ""Emo Monkeys: The Signal Between Us"" plus per-issue story briefs. Section 7 is the authoritative Issue 001 plan."
story-bibles,I:\MonkeyZoo Comic Strip\Fusion Squad\MonkeyZoo_Comic_Factory\story-bibles\seasons\2026-emo-monkeys-the-signal-between-us\issue-02-static.md,source_material/imported_bibles/story-bibles/seasons/2026-emo-monkeys-the-signal-between-us/issue-02-static.md,issue-02-static.md,md,524,02f324364cfda435a0c6b90f76aa6ea4662d7a30317c72e6c56baa19623b65c9,2026-07-28T13:24:03+00:00,story-bible,authoritative,MZ-CHAR-003,,yes,,none (byte-for-byte copy),"Season bible for ""Emo Monkeys: The Signal Between Us"" plus per-issue story briefs. Section 7 is the authoritative Issue 001 plan."
story-bibles,I:\MonkeyZoo Comic Strip\Fusion Squad\MonkeyZoo_Comic_Factory\story-bibles\seasons\2026-emo-monkeys-the-signal-between-us\issue-03-scarline.md,source_material/imported_bibles/story-bibles/seasons/2026-emo-monkeys-the-signal-between-us/issue-03-scarline.md,issue-03-scarline.md,md,522,56ceda302298ed39efc820e00d7b287705221972f0aa2b51047aab61ca248594,2026-07-28T13:24:03+00:00,story-bible,authoritative,MZ-CHAR-006,,yes,,none (byte-for-byte copy),"Season bible for ""Emo Monkeys: The Signal Between Us"" plus per-issue story briefs. Section 7 is the authoritative Issue 001 plan."
story-bibles,I:\MonkeyZoo Comic Strip\Fusion Squad\MonkeyZoo_Comic_Factory\story-bibles\seasons\2026-emo-monkeys-the-signal-between-us\issue-04-moodz.md,source_material/imported_bibles/story-bibles/seasons/2026-emo-monkeys-the-signal-between-us/issue-04-moodz.md,issue-04-moodz.md,md,491,3aa8459def6c10eaa1d73ea7f36790d0b829b5f604a455af65d66fcfdddbf7f4,2026-07-28T13:24:03+00:00,story-bible,authoritative,MZ-CHAR-001,,yes,,none (byte-for-byte copy),"Season bible for ""Emo Monkeys: The Signal Between Us"" plus per-issue story briefs. Section 7 is the authoritative Issue 001 plan."
story-bibles,I:\MonkeyZoo Comic Strip\Fusion Squad\MonkeyZoo_Comic_Factory\story-bibles\seasons\2026-emo-monkeys-the-signal-between-us\issue-05-ash.md,source_material/imported_bibles/story-bibles/seasons/2026-emo-monkeys-the-signal-between-us/issue-05-ash.md,issue-05-ash.md,md,458,f176f8473fe2e160ae8543524f88d69669d9a94353099a9169b6609f16e97032,2026-07-28T13:24:03+00:00,story-bible,authoritative,MZ-CHAR-004,,yes,,none (byte-for-byte copy),"Season bible for ""Emo Monkeys: The Signal Between Us"" plus per-issue story briefs. Section 7 is the authoritative Issue 001 plan."
story-bibles,I:\MonkeyZoo Comic Strip\Fusion Squad\MonkeyZoo_Comic_Factory\story-bibles\seasons\2026-emo-monkeys-the-signal-between-us\issue-06-twotone.md,source_material/imported_bibles/story-bibles/seasons/2026-emo-monkeys-the-signal-between-us/issue-06-twotone.md,issue-06-twotone.md,md,492,01b729180ae20d79735e4e14306ee0a204f559300feb43dfd7855ed8fef3a73a,2026-07-28T13:24:03+00:00,story-bible,authoritative,MZ-CHAR-002,,yes,,none (byte-for-byte copy),"Season bible for ""Emo Monkeys: The Signal Between Us"" plus per-issue story briefs. Section 7 is the authoritative Issue 001 plan."
story-bibles,I:\MonkeyZoo Comic Strip\Fusion Squad\MonkeyZoo_Comic_Factory\story-bibles\seasons\2026-emo-monkeys-the-signal-between-us\location-and-prop-tracker.md,source_material/imported_bibles/story-bibles/seasons/2026-emo-monkeys-the-signal-between-us/location-and-prop-tracker.md,location-and-prop-tracker.md,md,5338,9188466bcd70d9d41e91d55592837298ffaa26b4fa30ee15ceb844341938af71,2026-07-28T13:24:03+00:00,story-bible,authoritative,MZ-CHAR-EMO,,yes,,none (byte-for-byte copy),"Season bible for ""Emo Monkeys: The Signal Between Us"" plus per-issue story briefs. Section 7 is the authoritative Issue 001 plan."
story-bibles,I:\MonkeyZoo Comic Strip\Fusion Squad\MonkeyZoo_Comic_Factory\story-bibles\seasons\2026-emo-monkeys-the-signal-between-us\README.md,source_material/imported_bibles/story-bibles/seasons/2026-emo-monkeys-the-signal-between-us/README.md,README.md,md,1148,667487bc6c30ef914aebf1e59ec86defc29351931eb4dc39ada49caba4722cac,2026-07-28T13:24:03+00:00,story-bible,authoritative,MZ-CHAR-EMO,,yes,,none (byte-for-byte copy),"Season bible for ""Emo Monkeys: The Signal Between Us"" plus per-issue story briefs. Section 7 is the authoritative Issue 001 plan."
story-bibles,I:\MonkeyZoo Comic Strip\Fusion Squad\MonkeyZoo_Comic_Factory\story-bibles\seasons\2026-emo-monkeys-the-signal-between-us\SEASON-BIBLE.md,source_material/imported_bibles/story-bibles/seasons/2026-emo-monkeys-the-signal-between-us/SEASON-BIBLE.md,SEASON-BIBLE.md,md,51973,02bb73f2673d4734bbff047f47d15a50b9abaf8c394bf213b280fe66f7976a8a,2026-07-28T13:24:03+00:00,story-bible,authoritative,MZ-CHAR-EMO,,yes,,none (byte-for-byte copy),"Season bible for ""Emo Monkeys: The Signal Between Us"" plus per-issue story briefs. Section 7 is the authoritative Issue 001 plan."
story-bibles,I:\MonkeyZoo Comic Strip\Fusion Squad\MonkeyZoo_Comic_Factory\story-bibles\seasons\2026-emo-monkeys-the-signal-between-us\season-metadata.yaml,source_material/imported_bibles/story-bibles/seasons/2026-emo-monkeys-the-signal-between-us/season-metadata.yaml,season-metadata.yaml,yaml,862,1c9390b08b1d443627da22515e95d7905eaf543a2287263aac1e509f46b27a16,2026-07-28T13:24:03+00:00,story-bible,authoritative,MZ-CHAR-EMO,,yes,,none (byte-for-byte copy),"Season bible for ""Emo Monkeys: The Signal Between Us"" plus per-issue story briefs. Section 7 is the authoritative Issue 001 plan."
character-bibles,I:\MonkeyZoo Comic Strip\Fusion Squad\MonkeyZoo_Comic_Factory\character-bibles\MZ-CHAR-001\bible.md,source_material/imported_bibles/character-bibles/MZ-CHAR-001/bible.md,bible.md,md,2390,f1935f13cfe13c35299672f4715f121b0c174eed45b04cffe5511c44431fc8fe,2026-07-28T13:24:03+00:00,character-bible,authoritative,MZ-CHAR-001,,yes,,none (byte-for-byte copy),Character identity source of truth; outranks story bibles on identity.
character-bibles,I:\MonkeyZoo Comic Strip\Fusion Squad\MonkeyZoo_Comic_Factory\character-bibles\MZ-CHAR-001\bible.yaml,source_material/imported_bibles/character-bibles/MZ-CHAR-001/bible.yaml,bible.yaml,yaml,38781,687aafa96df73864192c8a98aa9f2badc28d3975e316116e20fe8ed6912db5ae,2026-07-28T13:24:03+00:00,character-bible,authoritative,MZ-CHAR-001,,yes,,none (byte-for-byte copy),Character identity source of truth; outranks story bibles on identity.
character-bibles,I:\MonkeyZoo Comic Strip\Fusion Squad\MonkeyZoo_Comic_Factory\character-bibles\MZ-CHAR-001\continuity-log.md,source_material/imported_bibles/character-bibles/MZ-CHAR-001/continuity-log.md,continuity-log.md,md,385,b693d82ba1b19aa8b5d1d2c4283dae1ddae7905c80fdd8c3215498105b7f71b9,2026-07-28T13:24:03+00:00,character-bible,authoritative,MZ-CHAR-001,,yes,,none (byte-for-byte copy),Character identity source of truth; outranks story bibles on identity.
character-bibles,I:\MonkeyZoo Comic Strip\Fusion Squad\MonkeyZoo_Comic_Factory\character-bibles\MZ-CHAR-001\development-notes.md,source_material/imported_bibles/character-bibles/MZ-CHAR-001/development-notes.md,development-notes.md,md,857,490793fdd9fc66f782cf2d2c4c7695b1c9e8b7456abe580fead76751cf4ad517,2026-07-28T13:24:03+00:00,character-bible,authoritative,MZ-CHAR-001,,yes,,none (byte-for-byte copy),Character identity source of truth; outranks story bibles on identity.
character-bibles,I:\MonkeyZoo Comic Strip\Fusion Squad\MonkeyZoo_Comic_Factory\character-bibles\MZ-CHAR-002\bible.md,source_material/imported_bibles/character-bibles/MZ-CHAR-002/bible.md,bible.md,md,2352,6e65a5d79fd85f390b74c16c41e983906471e7ef0cca19dc51c609723b614560,2026-07-28T13:24:03+00:00,character-bible,authoritative,MZ-CHAR-002,,yes,,none (byte-for-byte copy),Character identity source of truth; outranks story bibles on identity.
character-bibles,I:\MonkeyZoo Comic Strip\Fusion Squad\MonkeyZoo_Comic_Factory\character-bibles\MZ-CHAR-002\bible.yaml,source_material/imported_bibles/character-bibles/MZ-CHAR-002/bible.yaml,bible.yaml,yaml,34230,758b8b5fb5b412c6452b9397823e40a46de6517d72c1133d25f58ce1a6c5de32,2026-07-28T13:24:03+00:00,character-bible,authoritative,MZ-CHAR-002,,yes,,none (byte-for-byte copy),Character identity source of truth; outranks story bibles on identity.
character-bibles,I:\MonkeyZoo Comic Strip\Fusion Squad\MonkeyZoo_Comic_Factory\character-bibles\MZ-CHAR-002\continuity-log.md,source_material/imported_bibles/character-bibles/MZ-CHAR-002/continuity-log.md,continuity-log.md,md,387,7547bb9b80ce00dbbbd9c25f320bd8279e595279da4eee2d0bbfd7f698e44796,2026-07-28T13:24:03+00:00,character-bible,authoritative,MZ-CHAR-002,,yes,,none (byte-for-byte copy),Character identity source of truth; outranks story bibles on identity.
character-bibles,I:\MonkeyZoo Comic Strip\Fusion Squad\MonkeyZoo_Comic_Factory\character-bibles\MZ-CHAR-002\development-notes.md,source_material/imported_bibles/character-bibles/MZ-CHAR-002/development-notes.md,development-notes.md,md,833,84b7e87f48ff2e40d346a3fe6e26e3e8125dd0712ecfc4ce3f5eee8165e779bd,2026-07-28T13:24:03+00:00,character-bible,authoritative,MZ-CHAR-002,,yes,,none (byte-for-byte copy),Character identity source of truth; outranks story bibles on identity.
character-bibles,I:\MonkeyZoo Comic Strip\Fusion Squad\MonkeyZoo_Comic_Factory\character-bibles\MZ-CHAR-003\bible.md,source_material/imported_bibles/character-bibles/MZ-CHAR-003/bible.md,bible.md,md,2327,66a2caa22a30efcd0bd0b9a0a66ab30e8d0f601f0cb276d302016f7f03da3087,2026-07-28T13:24:03+00:00,character-bible,authoritative,MZ-CHAR-003,,yes,,none (byte-for-byte copy),Character identity source of truth; outranks story bibles on identity.
character-bibles,I:\MonkeyZoo Comic Strip\Fusion Squad\MonkeyZoo_Comic_Factory\character-bibles\MZ-CHAR-003\bible.yaml,source_material/imported_bibles/character-bibles/MZ-CHAR-003/bible.yaml,bible.yaml,yaml,37338,555ae0002163318a6a1b11a5ee1bccf6e3c71cb35646d404dba0b5f1ca4effc9,2026-07-28T13:24:03+00:00,character-bible,authoritative,MZ-CHAR-003,,yes,,none (byte-for-byte copy),Character identity source of truth; outranks story bibles on identity.
character-bibles,I:\MonkeyZoo Comic Strip\Fusion Squad\MonkeyZoo_Comic_Factory\character-bibles\MZ-CHAR-003\continuity-log.md,source_material/imported_bibles/character-bibles/MZ-CHAR-003/continuity-log.md,continuity-log.md,md,386,bfd2e29a7eb533c1cf6faba60fd696ee14b49ef8f056d8b1a6f460132c9375ea,2026-07-28T13:24:03+00:00,character-bible,authoritative,MZ-CHAR-003,,yes,,none (byte-for-byte copy),Character identity source of truth; outranks story bibles on identity.
character-bibles,I:\MonkeyZoo Comic Strip\Fusion Squad\MonkeyZoo_Comic_Factory\character-bibles\MZ-CHAR-003\development-notes.md,source_material/imported_bibles/character-bibles/MZ-CHAR-003/development-notes.md,development-notes.md,md,819,1d8e0d0215604ef80ae9fea98b8388094e61ec5f17d2e59ba8d2dbd76a80d226,2026-07-28T13:24:03+00:00,character-bible,authoritative,MZ-CHAR-003,,yes,,none (byte-for-byte copy),Character identity source of truth; outranks story bibles on identity.
character-bibles,I:\MonkeyZoo Comic Strip\Fusion Squad\MonkeyZoo_Comic_Factory\character-bibles\MZ-CHAR-004\bible.md,source_material/imported_bibles/character-bibles/MZ-CHAR-004/bible.md,bible.md,md,2282,05bf6e81b730b11bde4e312bbd4d2bb64565cef30d215090ac58715fc7f0f9d6,2026-07-28T13:24:03+00:00,character-bible,authoritative,MZ-CHAR-004,,yes,,none (byte-for-byte copy),Character identity source of truth; outranks story bibles on identity.
character-bibles,I:\MonkeyZoo Comic Strip\Fusion Squad\MonkeyZoo_Comic_Factory\character-bibles\MZ-CHAR-004\bible.yaml,source_material/imported_bibles/character-bibles/MZ-CHAR-004/bible.yaml,bible.yaml,yaml,38902,1bd455f145b53dabf613b05f2368502e950262b1d226846e71fe9639eb4b87f6,2026-07-28T13:24:03+00:00,character-bible,authoritative,MZ-CHAR-004,,yes,,none (byte-for-byte copy),Character identity source of truth; outranks story bibles on identity.
character-bibles,I:\MonkeyZoo Comic Strip\Fusion Squad\MonkeyZoo_Comic_Factory\character-bibles\MZ-CHAR-004\continuity-log.md,source_material/imported_bibles/character-bibles/MZ-CHAR-004/continuity-log.md,continuity-log.md,md,383,5d682ed213f0a794d7c509c3282a4c69a0a920ae448763c5ef55bd38f5af3466,2026-07-28T13:24:03+00:00,character-bible,authoritative,MZ-CHAR-004,,yes,,none (byte-for-byte copy),Character identity source of truth; outranks story bibles on identity.
character-bibles,I:\MonkeyZoo Comic Strip\Fusion Squad\MonkeyZoo_Comic_Factory\character-bibles\MZ-CHAR-004\development-notes.md,source_material/imported_bibles/character-bibles/MZ-CHAR-004/development-notes.md,development-notes.md,md,802,666b446b8f2162d0ca73c2e3d931ef159e4327fda48c4ce44872cce66e098ff3,2026-07-28T13:24:03+00:00,character-bible,authoritative,MZ-CHAR-004,,yes,,none (byte-for-byte copy),Character identity source of truth; outranks story bibles on identity.
character-bibles,I:\MonkeyZoo Comic Strip\Fusion Squad\MonkeyZoo_Comic_Factory\character-bibles\MZ-CHAR-005\bible.md,source_material/imported_bibles/character-bibles/MZ-CHAR-005/bible.md,bible.md,md,2369,e009b1bddc9db4a36fe6a74babdfd767071023605e520237ed35a06e74980993,2026-07-28T13:24:03+00:00,character-bible,authoritative,MZ-CHAR-005,,yes,,none (byte-for-byte copy),Character identity source of truth; outranks story bibles on identity.
character-bibles,I:\MonkeyZoo Comic Strip\Fusion Squad\MonkeyZoo_Comic_Factory\character-bibles\MZ-CHAR-005\bible.yaml,source_material/imported_bibles/character-bibles/MZ-CHAR-005/bible.yaml,bible.yaml,yaml,37042,fa45c649ccc33ac4702123e1562fd53dd16a7ffd3b1b6cc4acd1516492ff8608,2026-07-28T13:24:03+00:00,character-bible,authoritative,MZ-CHAR-005,,yes,,none (byte-for-byte copy),Character identity source of truth; outranks story bibles on identity.
character-bibles,I:\MonkeyZoo Comic Strip\Fusion Squad\MonkeyZoo_Comic_Factory\character-bibles\MZ-CHAR-005\continuity-log.md,source_material/imported_bibles/character-bibles/MZ-CHAR-005/continuity-log.md,continuity-log.md,md,388,b57bd673e9d730160c2fa21d9a76b17eabf1c1f86f4fa9af45f254bf1a808dc3,2026-07-28T13:24:03+00:00,character-bible,authoritative,MZ-CHAR-005,,yes,,none (byte-for-byte copy),Character identity source of truth; outranks story bibles on identity.
character-bibles,I:\MonkeyZoo Comic Strip\Fusion Squad\MonkeyZoo_Comic_Factory\character-bibles\MZ-CHAR-005\development-notes.md,source_material/imported_bibles/character-bibles/MZ-CHAR-005/development-notes.md,development-notes.md,md,863,012ee9645673db60ff2dcc48b979311d116c1f56364273ed4f3684729406eb83,2026-07-28T13:24:03+00:00,character-bible,authoritative,MZ-CHAR-005,,yes,,none (byte-for-byte copy),Character identity source of truth; outranks story bibles on identity.
character-bibles,I:\MonkeyZoo Comic Strip\Fusion Squad\MonkeyZoo_Comic_Factory\character-bibles\MZ-CHAR-006\bible.md,source_material/imported_bibles/character-bibles/MZ-CHAR-006/bible.md,bible.md,md,2383,44c55a11daedc8fb01a6910ec4e48da7a1410cfcb5f334454828de22a0be9fed,2026-07-28T13:24:03+00:00,character-bible,authoritative,MZ-CHAR-006,,yes,,none (byte-for-byte copy),Character identity source of truth; outranks story bibles on identity.
character-bibles,I:\MonkeyZoo Comic Strip\Fusion Squad\MonkeyZoo_Comic_Factory\character-bibles\MZ-CHAR-006\bible.yaml,source_material/imported_bibles/character-bibles/MZ-CHAR-006/bible.yaml,bible.yaml,yaml,38368,c9840368ea2745b3ef03fa3743a95ef354bfd62214b8dc96d4a4149887482702,2026-07-28T13:24:03+00:00,character-bible,authoritative,MZ-CHAR-006,,yes,,none (byte-for-byte copy),Character identity source of truth; outranks story bibles on identity.
character-bibles,I:\MonkeyZoo Comic Strip\Fusion Squad\MonkeyZoo_Comic_Factory\character-bibles\MZ-CHAR-006\continuity-log.md,source_material/imported_bibles/character-bibles/MZ-CHAR-006/continuity-log.md,continuity-log.md,md,388,7d56797e6a961d997111f20be98412944c0965a9b97f10f7c850729d15d5163b,2026-07-28T13:24:03+00:00,character-bible,authoritative,MZ-CHAR-006,,yes,,none (byte-for-byte copy),Character identity source of truth; outranks story bibles on identity.
character-bibles,I:\MonkeyZoo Comic Strip\Fusion Squad\MonkeyZoo_Comic_Factory\character-bibles\MZ-CHAR-006\development-notes.md,source_material/imported_bibles/character-bibles/MZ-CHAR-006/development-notes.md,development-notes.md,md,840,4a8328cea816d775228d5fde58d473ed40e2e32f70b05b7e6e157e8781abe969,2026-07-28T13:24:03+00:00,character-bible,authoritative,MZ-CHAR-006,,yes,,none (byte-for-byte copy),Character identity source of truth; outranks story bibles on identity.
character-bibles,I:\MonkeyZoo Comic Strip\Fusion Squad\MonkeyZoo_Comic_Factory\character-bibles\MZ-CHAR-CHEEKY\approval-history.json,source_material/imported_bibles/character-bibles/MZ-CHAR-CHEEKY/approval-history.json,approval-history.json,json,2,4f53cda18c2baa0c0354bb5f9a3ecbe5ed12ab4d8e11ba873c2f11161202b945,2026-07-28T13:24:03+00:00,character-bible,authoritative,MZ-CHAR-CHEEKY,,yes,,none (byte-for-byte copy),Character identity source of truth; outranks story bibles on identity.
character-bibles,I:\MonkeyZoo Comic Strip\Fusion Squad\MonkeyZoo_Comic_Factory\character-bibles\MZ-CHAR-CHEEKY\bible.md,source_material/imported_bibles/character-bibles/MZ-CHAR-CHEEKY/bible.md,bible.md,md,2164,7cf7f445ece9fa45cc0de057785704e4a5cd883d9984c3f4e1afc9ac42490d5f,2026-07-28T13:24:03+00:00,character-bible,authoritative,MZ-CHAR-CHEEKY,,yes,,none (byte-for-byte copy),Character identity source of truth; outranks story bibles on identity.
character-bibles,I:\MonkeyZoo Comic Strip\Fusion Squad\MonkeyZoo_Comic_Factory\character-bibles\MZ-CHAR-CHEEKY\bible.yaml,source_material/imported_bibles/character-bibles/MZ-CHAR-CHEEKY/bible.yaml,bible.yaml,yaml,29551,2dc78d6c98690c175be1e15c94a425a02e104f5be3ea99e324316bfcf5f90bb3,2026-07-28T13:24:03+00:00,character-bible,authoritative,MZ-CHAR-CHEEKY,,yes,,none (byte-for-byte copy),Character identity source of truth; outranks story bibles on identity.
character-bibles,I:\MonkeyZoo Comic Strip\Fusion Squad\MonkeyZoo_Comic_Factory\character-bibles\MZ-CHAR-CHEEKY\continuity-log.md,source_material/imported_bibles/character-bibles/MZ-CHAR-CHEEKY/continuity-log.md,continuity-log.md,md,386,59ed5d4159a8d5c4aa6fce8005f6538c298ea63cc4ad14223e977b2d462173c7,2026-07-28T13:24:03+00:00,character-bible,authoritative,MZ-CHAR-CHEEKY,,yes,,none (byte-for-byte copy),Character identity source of truth; outranks story bibles on identity.
character-bibles,I:\MonkeyZoo Comic Strip\Fusion Squad\MonkeyZoo_Comic_Factory\character-bibles\MZ-CHAR-CHEEKY\development-notes.md,source_material/imported_bibles/character-bibles/MZ-CHAR-CHEEKY/development-notes.md,development-notes.md,md,819,8a63e3b578ec7e0021b439ffd6914eeb20edd26aaf0bab80c45f3817e2b60c5d,2026-07-28T13:24:03+00:00,character-bible,authoritative,MZ-CHAR-CHEEKY,,yes,,none (byte-for-byte copy),Character identity source of truth; outranks story bibles on identity.
character-bibles,I:\MonkeyZoo Comic Strip\Fusion Squad\MonkeyZoo_Comic_Factory\character-bibles\MZ-CHAR-CLEVER\approval-history.json,source_material/imported_bibles/character-bibles/MZ-CHAR-CLEVER/approval-history.json,approval-history.json,json,2,4f53cda18c2baa0c0354bb5f9a3ecbe5ed12ab4d8e11ba873c2f11161202b945,2026-07-28T13:24:03+00:00,character-bible,authoritative,MZ-CHAR-CLEVER,,yes,source_material/imported_bibles/character-bibles/MZ-CHAR-CHEEKY/approval-history.json,none (byte-for-byte copy),Character identity source of truth; outranks story bibles on identity.
character-bibles,I:\MonkeyZoo Comic Strip\Fusion Squad\MonkeyZoo_Comic_Factory\character-bibles\MZ-CHAR-CLEVER\bible.md,source_material/imported_bibles/character-bibles/MZ-CHAR-CLEVER/bible.md,bible.md,md,2309,da370816c36c2cec9640eb65dea0a732a271b039662c926a05a7753264368ed1,2026-07-28T13:24:03+00:00,character-bible,authoritative,MZ-CHAR-CLEVER,,yes,,none (byte-for-byte copy),Character identity source of truth; outranks story bibles on identity.
character-bibles,I:\MonkeyZoo Comic Strip\Fusion Squad\MonkeyZoo_Comic_Factory\character-bibles\MZ-CHAR-CLEVER\bible.yaml,source_material/imported_bibles/character-bibles/MZ-CHAR-CLEVER/bible.yaml,bible.yaml,yaml,31444,18467bf1c96a0e5035b2f96ebbb5778ab942257f11d7481ba6e875e1dc456871,2026-07-28T13:24:03+00:00,character-bible,authoritative,MZ-CHAR-CLEVER,,yes,,none (byte-for-byte copy),Character identity source of truth; outranks story bibles on identity.
character-bibles,I:\MonkeyZoo Comic Strip\Fusion Squad\MonkeyZoo_Comic_Factory\character-bibles\MZ-CHAR-CLEVER\continuity-log.md,source_material/imported_bibles/character-bibles/MZ-CHAR-CLEVER/continuity-log.md,continuity-log.md,md,386,c1cc2de4e01c7d5e2ef0799dcd166d1803b27455dd71cd3ed7de4878db8d863a,2026-07-28T13:24:03+00:00,character-bible,authoritative,MZ-CHAR-CLEVER,,yes,,none (byte-for-byte copy),Character identity source of truth; outranks story bibles on identity.
character-bibles,I:\MonkeyZoo Comic Strip\Fusion Squad\MonkeyZoo_Comic_Factory\character-bibles\MZ-CHAR-CLEVER\development-notes.md,source_material/imported_bibles/character-bibles/MZ-CHAR-CLEVER/development-notes.md,development-notes.md,md,886,cc4cb1e67507a7c2983cd118101851385bd3f33dbdcb0deaf93b020fea39d024,2026-07-28T13:24:03+00:00,character-bible,authoritative,MZ-CHAR-CLEVER,,yes,,none (byte-for-byte copy),Character identity source of truth; outranks story bibles on identity.
character-bibles,I:\MonkeyZoo Comic Strip\Fusion Squad\MonkeyZoo_Comic_Factory\character-bibles\MZ-CHAR-LILDEVIL\bible.md,source_material/imported_bibles/character-bibles/MZ-CHAR-LILDEVIL/bible.md,bible.md,md,2210,e56edc2e5c254568de425d60b30d2bcacb6f640d9f9ac30cdef3455bbb160a84,2026-07-28T13:24:03+00:00,character-bible,authoritative,MZ-CHAR-LILDEVIL,,yes,,none (byte-for-byte copy),Character identity source of truth; outranks story bibles on identity.
character-bibles,I:\MonkeyZoo Comic Strip\Fusion Squad\MonkeyZoo_Comic_Factory\character-bibles\MZ-CHAR-LILDEVIL\bible.yaml,source_material/imported_bibles/character-bibles/MZ-CHAR-LILDEVIL/bible.yaml,bible.yaml,yaml,30835,c503115c7baf9da638b1a8daed1d8219d1d8a333fc1d92b959e8b36d2dea7bf3,2026-07-28T13:24:03+00:00,character-bible,authoritative,MZ-CHAR-LILDEVIL,,yes,,none (byte-for-byte copy),Character identity source of truth; outranks story bibles on identity.
character-bibles,I:\MonkeyZoo Comic Strip\Fusion Squad\MonkeyZoo_Comic_Factory\character-bibles\MZ-CHAR-LILDEVIL\continuity-log.md,source_material/imported_bibles/character-bibles/MZ-CHAR-LILDEVIL/continuity-log.md,continuity-log.md,md,389,2dbe26a3779ac07d3524004da5c3f4d1e260dd54c042e72e7114d2d56df222e8,2026-07-28T13:24:03+00:00,character-bible,authoritative,MZ-CHAR-LILDEVIL,,yes,,none (byte-for-byte copy),Character identity source of truth; outranks story bibles on identity.
character-bibles,I:\MonkeyZoo Comic Strip\Fusion Squad\MonkeyZoo_Comic_Factory\character-bibles\MZ-CHAR-LILDEVIL\development-notes.md,source_material/imported_bibles/character-bibles/MZ-CHAR-LILDEVIL/development-notes.md,development-notes.md,md,819,0312721945c31ee8a8f9fd3723cab7ba852457aaa824db9bb7f02f5f9a60b5d3,2026-07-28T13:24:03+00:00,character-bible,authoritative,MZ-CHAR-LILDEVIL,,yes,,none (byte-for-byte copy),Character identity source of truth; outranks story bibles on identity.
character-bibles,I:\MonkeyZoo Comic Strip\Fusion Squad\MonkeyZoo_Comic_Factory\character-bibles\MZ-CHAR-PATCH\bible.md,source_material/imported_bibles/character-bibles/MZ-CHAR-PATCH/bible.md,bible.md,md,1700,26241c3e0d2aad423cd9e3878fbb9cc47d2401a6853d304d43399c57de646b64,2026-07-28T13:24:03+00:00,character-bible,authoritative,MZ-CHAR-PATCH,,yes,,none (byte-for-byte copy),Character identity source of truth; outranks story bibles on identity.
character-bibles,I:\MonkeyZoo Comic Strip\Fusion Squad\MonkeyZoo_Comic_Factory\character-bibles\MZ-CHAR-PATCH\bible.yaml,source_material/imported_bibles/character-bibles/MZ-CHAR-PATCH/bible.yaml,bible.yaml,yaml,19130,8bcfa81bf9a3d935821d86d7bfecfb0b63e596b5d5031310de17d026cc950c30,2026-07-28T13:24:03+00:00,character-bible,authoritative,MZ-CHAR-PATCH,,yes,,none (byte-for-byte copy),Character identity source of truth; outranks story bibles on identity.
character-bibles,I:\MonkeyZoo Comic Strip\Fusion Squad\MonkeyZoo_Comic_Factory\character-bibles\MZ-CHAR-PATCH\continuity-log.md,source_material/imported_bibles/character-bibles/MZ-CHAR-PATCH/continuity-log.md,continuity-log.md,md,385,f97037f5de6b3882aff01e0898f1ff840da9f9975731af4e370a0a5056767728,2026-07-28T13:24:03+00:00,character-bible,authoritative,MZ-CHAR-PATCH,,yes,,none (byte-for-byte copy),Character identity source of truth; outranks story bibles on identity.
character-bibles,I:\MonkeyZoo Comic Strip\Fusion Squad\MonkeyZoo_Comic_Factory\character-bibles\MZ-CHAR-PATCH\development-notes.md,source_material/imported_bibles/character-bibles/MZ-CHAR-PATCH/development-notes.md,development-notes.md,md,813,95404fd9e4e6b86530f63ee096e7b3f7eeeae7a1d77b5399a75ead115c101ab2,2026-07-28T13:24:03+00:00,character-bible,authoritative,MZ-CHAR-PATCH,,yes,,none (byte-for-byte copy),Character identity source of truth; outranks story bibles on identity.
character-bibles,I:\MonkeyZoo Comic Strip\Fusion Squad\MonkeyZoo_Comic_Factory\character-bibles\MZ-CHAR-SUPER\bible.md,source_material/imported_bibles/character-bibles/MZ-CHAR-SUPER/bible.md,bible.md,md,2271,7d6b7a0909633e65283a7dbed6ac4c63df16f46faa80a3c80baa0ed89d07b9e2,2026-07-28T13:24:03+00:00,character-bible,authoritative,MZ-CHAR-SUPER,,yes,,none (byte-for-byte copy),Character identity source of truth; outranks story bibles on identity.
character-bibles,I:\MonkeyZoo Comic Strip\Fusion Squad\MonkeyZoo_Comic_Factory\character-bibles\MZ-CHAR-SUPER\bible.yaml,source_material/imported_bibles/character-bibles/MZ-CHAR-SUPER/bible.yaml,bible.yaml,yaml,33292,23bdc68e6c1bee9ca9166b1fd8d1cfb808556cc35da2ea12ccf3d919bde54d2a,2026-07-28T13:24:03+00:00,character-bible,authoritative,MZ-CHAR-SUPER,,yes,,none (byte-for-byte copy),Character identity source of truth; outranks story bibles on identity.
character-bibles,I:\MonkeyZoo Comic Strip\Fusion Squad\MonkeyZoo_Comic_Factory\character-bibles\MZ-CHAR-SUPER\continuity-log.md,source_material/imported_bibles/character-bibles/MZ-CHAR-SUPER/continuity-log.md,continuity-log.md,md,392,6573025006565c94f464731a67230f448ea029bbe24d290f32715fd7c3589e8d,2026-07-28T13:24:03+00:00,character-bible,authoritative,MZ-CHAR-SUPER,,yes,,none (byte-for-byte copy),Character identity source of truth; outranks story bibles on identity.
character-bibles,I:\MonkeyZoo Comic Strip\Fusion Squad\MonkeyZoo_Comic_Factory\character-bibles\MZ-CHAR-SUPER\development-notes.md,source_material/imported_bibles/character-bibles/MZ-CHAR-SUPER/development-notes.md,development-notes.md,md,870,bda056eacf5034b203454bbbe6292ae00507f2c5caa322686fe878d1f2411485,2026-07-28T13:24:03+00:00,character-bible,authoritative,MZ-CHAR-SUPER,,yes,,none (byte-for-byte copy),Character identity source of truth; outranks story bibles on identity.
character-bibles,I:\MonkeyZoo Comic Strip\Fusion Squad\MonkeyZoo_Comic_Factory\character-bibles\MZ-CHAR-ZOMBIE\bible.md,source_material/imported_bibles/character-bibles/MZ-CHAR-ZOMBIE/bible.md,bible.md,md,2301,afa33be2bcb505fb43e0c50c4514707fe6878a8815e1cd418a7d0c448e1fdc69,2026-07-28T13:24:03+00:00,character-bible,authoritative,MZ-CHAR-ZOMBIE,,yes,,none (byte-for-byte copy),Character identity source of truth; outranks story bibles on identity.
character-bibles,I:\MonkeyZoo Comic Strip\Fusion Squad\MonkeyZoo_Comic_Factory\character-bibles\MZ-CHAR-ZOMBIE\bible.yaml,source_material/imported_bibles/character-bibles/MZ-CHAR-ZOMBIE/bible.yaml,bible.yaml,yaml,33014,733e879cca789a99da9afb36e9fbaafd18aeea914f5b98268702116764f96461,2026-07-28T13:24:03+00:00,character-bible,authoritative,MZ-CHAR-ZOMBIE,,yes,,none (byte-for-byte copy),Character identity source of truth; outranks story bibles on identity.
character-bibles,I:\MonkeyZoo Comic Strip\Fusion Squad\MonkeyZoo_Comic_Factory\character-bibles\MZ-CHAR-ZOMBIE\continuity-log.md,source_material/imported_bibles/character-bibles/MZ-CHAR-ZOMBIE/continuity-log.md,continuity-log.md,md,386,446e1c5f08ad39664aac3a023fb4d1e9a693b0b7b6e7546111a23eaf4307c709,2026-07-28T13:24:03+00:00,character-bible,authoritative,MZ-CHAR-ZOMBIE,,yes,,none (byte-for-byte copy),Character identity source of truth; outranks story bibles on identity.
character-bibles,I:\MonkeyZoo Comic Strip\Fusion Squad\MonkeyZoo_Comic_Factory\character-bibles\MZ-CHAR-ZOMBIE\development-notes.md,source_material/imported_bibles/character-bibles/MZ-CHAR-ZOMBIE/development-notes.md,development-notes.md,md,883,50359d320e1f0c279d9e8a1f21d56217ed0b3bf496fcf0295d362bf38c642ee1,2026-07-28T13:24:03+00:00,character-bible,authoritative,MZ-CHAR-ZOMBIE,,yes,,none (byte-for-byte copy),Character identity source of truth; outranks story bibles on identity.
character-bible-schema,I:\MonkeyZoo Comic Strip\Fusion Squad\MonkeyZoo_Comic_Factory\character-bibles\_schema\character-bible-template.md,source_material/imported_bibles/_schema/character-bible-template.md,character-bible-template.md,md,3756,0712b997714088ba245f4ddd333c9e0792d02aaf1f7ab9cbe366d026f74c7de5,2026-07-28T13:24:03+00:00,legacy-schema,historical-reference,,,yes,,none (byte-for-byte copy),"Legacy schema shapes, retained to inform the 2.0 schemas."
character-bible-schema,I:\MonkeyZoo Comic Strip\Fusion Squad\MonkeyZoo_Comic_Factory\character-bibles\_schema\character-bible-template.yaml,source_material/imported_bibles/_schema/character-bible-template.yaml,character-bible-template.yaml,yaml,3155,c2ec0d89ba8944fa947294fc498974693adb5a3359d5dd86f98949faf7c18755,2026-07-28T13:24:03+00:00,legacy-schema,historical-reference,,,yes,,none (byte-for-byte copy),"Legacy schema shapes, retained to inform the 2.0 schemas."
character-bible-schema,I:\MonkeyZoo Comic Strip\Fusion Squad\MonkeyZoo_Comic_Factory\character-bibles\_schema\character-bible.schema.json,source_material/imported_bibles/_schema/character-bible.schema.json,character-bible.schema.json,json,9333,f721eaa5920413f4af8612af33f17253740f471c35ec6a7aad899c6335f37fe4,2026-07-28T13:24:03+00:00,legacy-schema,historical-reference,,,yes,,none (byte-for-byte copy),"Legacy schema shapes, retained to inform the 2.0 schemas."
character-bible-schema,I:\MonkeyZoo Comic Strip\Fusion Squad\MonkeyZoo_Comic_Factory\character-bibles\_schema\character-development-levels.md,source_material/imported_bibles/_schema/character-development-levels.md,character-development-levels.md,md,1774,654c6b62aad72b6b1b6c662124a2c806d084ba1e91061ded03efbac271508aec,2026-07-28T13:24:03+00:00,legacy-schema,historical-reference,,,yes,,none (byte-for-byte copy),"Legacy schema shapes, retained to inform the 2.0 schemas."
character-bible-schema,I:\MonkeyZoo Comic Strip\Fusion Squad\MonkeyZoo_Comic_Factory\character-bibles\_schema\continuity-update-schema.json,source_material/imported_bibles/_schema/continuity-update-schema.json,continuity-update-schema.json,json,1243,4401d4a6c4bcae5b5dbab1439d8aebe298407bbfa9b3a733fb6a701ba6791a0c,2026-07-28T13:24:03+00:00,legacy-schema,historical-reference,,,yes,,none (byte-for-byte copy),"Legacy schema shapes, retained to inform the 2.0 schemas."
character-bible-schema,I:\MonkeyZoo Comic Strip\Fusion Squad\MonkeyZoo_Comic_Factory\character-bibles\_schema\issue-trait-budget.md,source_material/imported_bibles/_schema/issue-trait-budget.md,issue-trait-budget.md,md,1554,aead1b4b8d5cc00035d0bfe791550dabb1475b03bbd586b89333162876e6def6,2026-07-28T13:24:03+00:00,legacy-schema,historical-reference,,,yes,,none (byte-for-byte copy),"Legacy schema shapes, retained to inform the 2.0 schemas."
character-bible-schema,I:\MonkeyZoo Comic Strip\Fusion Squad\MonkeyZoo_Comic_Factory\character-bibles\_schema\relationship-schema.json,source_material/imported_bibles/_schema/relationship-schema.json,relationship-schema.json,json,1152,530c0f62c7f49983a86c7a39580ddeeec2302bc8992f4cf216c16c634a4d761f,2026-07-28T13:24:03+00:00,legacy-schema,historical-reference,,,yes,,none (byte-for-byte copy),"Legacy schema shapes, retained to inform the 2.0 schemas."
character-bible-schema,I:\MonkeyZoo Comic Strip\Fusion Squad\MonkeyZoo_Comic_Factory\character-bibles\_schema\trait-library.yaml,source_material/imported_bibles/_schema/trait-library.yaml,trait-library.yaml,yaml,1760,2df4d6a8b3992406ed601e08ea4da0ffeb6c554dad5160ce79a749e124dadd30,2026-07-28T13:24:03+00:00,legacy-schema,historical-reference,,,yes,,none (byte-for-byte copy),"Legacy schema shapes, retained to inform the 2.0 schemas."
character-bible-schema,I:\MonkeyZoo Comic Strip\Fusion Squad\MonkeyZoo_Comic_Factory\character-bibles\_schema\trait-status-guide.md,source_material/imported_bibles/_schema/trait-status-guide.md,trait-status-guide.md,md,1672,b6624dd50ba3cb26e74b6ec2aeb26fd7f1b0ddf6ff91143f49e8c5cd5b8564f4,2026-07-28T13:24:03+00:00,legacy-schema,historical-reference,,,yes,,none (byte-for-byte copy),"Legacy schema shapes, retained to inform the 2.0 schemas."
master-bible,I:\MonkeyZoo Comic Strip\Fusion Squad\MonkeyZoo_Comic_Factory\00_SYSTEM\automation_rules.md,source_material/imported_bibles/system/automation_rules.md,automation_rules.md,md,9759,fe0b492327101fb3aa770817f278d4d630725eaf3e3377212c90e3487c9fdb75,2026-07-28T13:24:03+00:00,world-bible,authoritative,,,yes,,none (byte-for-byte copy),
master-bible,I:\MonkeyZoo Comic Strip\Fusion Squad\MonkeyZoo_Comic_Factory\00_SYSTEM\continuity_ledger.md,source_material/imported_bibles/system/continuity_ledger.md,continuity_ledger.md,md,12967,200458db4b3c050b215b8efc74b382a9a6c3a5fe34798f09e07a7aa5ef863145,2026-07-28T13:24:03+00:00,world-bible,authoritative,,,yes,,none (byte-for-byte copy),
master-bible,I:\MonkeyZoo Comic Strip\Fusion Squad\MonkeyZoo_Comic_Factory\00_SYSTEM\monkeyzoo_master_bible.md,source_material/imported_bibles/system/monkeyzoo_master_bible.md,monkeyzoo_master_bible.md,md,5790,71363363c85b7e5e4981d354dd108c871d92bb0a9ab584cd531f3a300fe76410,2026-07-28T13:24:03+00:00,world-bible,authoritative,,,yes,,none (byte-for-byte copy),
master-bible,I:\MonkeyZoo Comic Strip\Fusion Squad\MonkeyZoo_Comic_Factory\00_SYSTEM\project_direction.json,source_material/imported_bibles/system/project_direction.json,project_direction.json,json,32389,47b4473e3b1e19531eb00569ad92e85885ab10cb2fbfa8d2779700cdf96e8bd5,2026-07-28T13:24:03+00:00,world-bible,authoritative,,,yes,,none (byte-for-byte copy),
master-bible,I:\MonkeyZoo Comic Strip\Fusion Squad\MonkeyZoo_Comic_Factory\00_SYSTEM\prompt_rules.md,source_material/imported_bibles/system/prompt_rules.md,prompt_rules.md,md,4463,180c5be18d6e58a7cab01c6c498b27dacb8c845a45cc8c5a979e5ab5c9bc3380,2026-07-28T13:24:03+00:00,world-bible,authoritative,,,yes,,none (byte-for-byte copy),
edition-one-fusion-squad,I:\MonkeyZoo Comic Strip\Fusion Squad\1\icon.jpg,source_material/visual_references/published_editions/edition-01-the-fusion-squad/icon.jpg,icon.jpg,jpg,92713,b9ba2711c55121f2360149255cacbe40a5e7aa2373197e14ffffffcbd25d9676,2026-07-28T13:24:03+00:00,published-edition,authoritative,,,no,,none (byte-for-byte copy),"Edition One, ""MonkeyZoo: The Battle Against Inefficiency and Centralization"". 11 pages. Full-colour finished comic: irregular panel grids on a pale-blue page ground, integrated characters with cast shadows, large stylised SFX, classic balloons. THE style target."
edition-one-fusion-squad,I:\MonkeyZoo Comic Strip\Fusion Squad\1\metadata.json,source_material/visual_references/published_editions/edition-01-the-fusion-squad/metadata.json,metadata.json,json,3871,9dd0624f92ed247595d91f619c2f132a6929e7791d0a205b699ad93ad0cfc6e4,2026-07-28T13:24:03+00:00,published-edition,authoritative,,,yes,,none (byte-for-byte copy),"Edition One, ""MonkeyZoo: The Battle Against Inefficiency and Centralization"". 11 pages. Full-colour finished comic: irregular panel grids on a pale-blue page ground, integrated characters with cast shadows, large stylised SFX, classic balloons. THE style target."
edition-one-fusion-squad,I:\MonkeyZoo Comic Strip\Fusion Squad\1\metadata1.json,source_material/visual_references/published_editions/edition-01-the-fusion-squad/metadata1.json,metadata1.json,json,1644,976dfd3883ebe3d4b68a6ec6b3cf3952f414395b3275b813346acf0c581f9b63,2026-07-28T13:24:03+00:00,published-edition,authoritative,,,yes,,none (byte-for-byte copy),"Edition One, ""MonkeyZoo: The Battle Against Inefficiency and Centralization"". 11 pages. Full-colour finished comic: irregular panel grids on a pale-blue page ground, integrated characters with cast shadows, large stylised SFX, classic balloons. THE style target."
edition-one-fusion-squad,I:\MonkeyZoo Comic Strip\Fusion Squad\1\metadata3.json,source_material/visual_references/published_editions/edition-01-the-fusion-squad/metadata3.json,metadata3.json,json,3867,134bfdded43ca6cc8dbe0a2aba7768c71b56350c527684b8fd2dd302e6e645dc,2026-07-28T13:24:03+00:00,published-edition,authoritative,,,yes,,none (byte-for-byte copy),"Edition One, ""MonkeyZoo: The Battle Against Inefficiency and Centralization"". 11 pages. Full-colour finished comic: irregular panel grids on a pale-blue page ground, integrated characters with cast shadows, large stylised SFX, classic balloons. THE style target."
edition-one-fusion-squad,I:\MonkeyZoo Comic Strip\Fusion Squad\1\MZ1iconimage.png,source_material/visual_references/published_editions/edition-01-the-fusion-squad/MZ1iconimage.png,MZ1iconimage.png,png,147234,f9ca4b7f87ca97217413f5ed2db4dffad03e8a610c77a9f6dff12e74896434c2,2026-07-28T13:24:03+00:00,published-edition,authoritative,,,no,,none (byte-for-byte copy),"Edition One, ""MonkeyZoo: The Battle Against Inefficiency and Centralization"". 11 pages. Full-colour finished comic: irregular panel grids on a pale-blue page ground, integrated characters with cast shadows, large stylised SFX, classic balloons. THE style target."
edition-one-fusion-squad,I:\MonkeyZoo Comic Strip\Fusion Squad\1\TheFusionSquad.pdf,source_material/visual_references/published_editions/edition-01-the-fusion-squad/TheFusionSquad.pdf,TheFusionSquad.pdf,pdf,30861194,143d0b75c8ed91926c1cf23c74b55d776389239dd56ada859f97e7fe4ff57e24,2026-07-28T13:24:03+00:00,published-edition,authoritative,,,no,,none (byte-for-byte copy),"Edition One, ""MonkeyZoo: The Battle Against Inefficiency and Centralization"". 11 pages. Full-colour finished comic: irregular panel grids on a pale-blue page ground, integrated characters with cast shadows, large stylised SFX, classic balloons. THE style target."
edition-two-defusion-tapes,I:\MonkeyZoo Comic Strip\Fusion Squad\2\nft\FusionZoo The DeFusion Tapes.pdf,source_material/visual_references/published_editions/edition-02-the-defusion-tapes/FusionZoo The DeFusion Tapes.pdf,FusionZoo The DeFusion Tapes.pdf,pdf,17113562,a818473fdfec0f2b81a08c5b76b6fc9abcb9d7d440261d13deeb10e8e92f06a9,2026-07-28T13:24:03+00:00,published-edition,authoritative,,,no,,none (byte-for-byte copy),"Edition Two, ""FusionZoo: The De-Fusion Tapes"". 9 pages. The Emo Monkey cast at night in server-room interiors with green data energy and cyan holograms, per-page coloured page frames and colour-coded balloons. The closest tonal and stylistic match for Issue 001."
edition-two-defusion-tapes,I:\MonkeyZoo Comic Strip\Fusion Squad\2\nft\metadata.json,source_material/visual_references/published_editions/edition-02-the-defusion-tapes/metadata.json,metadata.json,json,4151,d321e812588d771b339264e6a8e095faab511f4bb39b7d17038609765c9ad7d6,2026-07-28T13:24:03+00:00,published-edition,authoritative,,,yes,,none (byte-for-byte copy),"Edition Two, ""FusionZoo: The De-Fusion Tapes"". 9 pages. The Emo Monkey cast at night in server-room interiors with green data energy and cyan holograms, per-page coloured page frames and colour-coded balloons. The closest tonal and stylistic match for Issue 001."
edition-three-winter-pages,I:\MonkeyZoo Comic Strip\Fusion Squad\3\winter edition 3\p1 1.jpg,source_material/visual_references/published_editions/edition-03-winter/panels/p1 1.jpg,p1 1.jpg,jpg,504107,c1fac92d602360077f9124a469faa5426933d117a8868748b70fa3db8376b965,2026-07-28T13:24:03+00:00,published-edition-panel,authoritative,,,no,,none (byte-for-byte copy),"Edition Three, winter. Individual finished panels: clean high-key flat vector with thick outlines, extreme shot-size variation from macro detail to empty landscape breath panels, diegetic HUD overlays in goggles."
edition-three-winter-pages,I:\MonkeyZoo Comic Strip\Fusion Squad\3\winter edition 3\p1 2.jpg,source_material/visual_references/published_editions/edition-03-winter/panels/p1 2.jpg,p1 2.jpg,jpg,391741,428b8290d12e7767fdbbd9873f6c9bd279d95bd038c3d722e57463b1e75df985,2026-07-28T13:24:03+00:00,published-edition-panel,authoritative,,,no,,none (byte-for-byte copy),"Edition Three, winter. Individual finished panels: clean high-key flat vector with thick outlines, extreme shot-size variation from macro detail to empty landscape breath panels, diegetic HUD overlays in goggles."
edition-three-winter-pages,I:\MonkeyZoo Comic Strip\Fusion Squad\3\winter edition 3\p1 3.jpg,source_material/visual_references/published_editions/edition-03-winter/panels/p1 3.jpg,p1 3.jpg,jpg,440375,f679b92f2951315faa0fda10df954427551b14a94effefcec22754a9f5516535,2026-07-28T13:24:03+00:00,published-edition-panel,authoritative,,,no,,none (byte-for-byte copy),"Edition Three, winter. Individual finished panels: clean high-key flat vector with thick outlines, extreme shot-size variation from macro detail to empty landscape breath panels, diegetic HUD overlays in goggles."
edition-three-winter-pages,I:\MonkeyZoo Comic Strip\Fusion Squad\3\winter edition 3\p1 4.jpg,source_material/visual_references/published_editions/edition-03-winter/panels/p1 4.jpg,p1 4.jpg,jpg,139814,abbc4914718c5043201ffdcdce0d954615df4f5787b489158826e5dc945c810c,2026-07-28T13:24:03+00:00,published-edition-panel,authoritative,,,no,,none (byte-for-byte copy),"Edition Three, winter. Individual finished panels: clean high-key flat vector with thick outlines, extreme shot-size variation from macro detail to empty landscape breath panels, diegetic HUD overlays in goggles."
edition-three-winter-pages,I:\MonkeyZoo Comic Strip\Fusion Squad\3\winter edition 3\p2 1.jpg,source_material/visual_references/published_editions/edition-03-winter/panels/p2 1.jpg,p2 1.jpg,jpg,673917,7bf51f372719477ae7c6f0dfebf39dc0bc5b91074eb59c5981d994f71af3da02,2026-07-28T13:24:03+00:00,published-edition-panel,authoritative,,,no,,none (byte-for-byte copy),"Edition Three, winter. Individual finished panels: clean high-key flat vector with thick outlines, extreme shot-size variation from macro detail to empty landscape breath panels, diegetic HUD overlays in goggles."
edition-three-winter-pages,I:\MonkeyZoo Comic Strip\Fusion Squad\3\winter edition 3\p2 2.jpg,source_material/visual_references/published_editions/edition-03-winter/panels/p2 2.jpg,p2 2.jpg,jpg,685604,05d1abefee1c14ff6295b323a47a24819e621dd1785a8134039e2aad944d9b07,2026-07-28T13:24:03+00:00,published-edition-panel,authoritative,,,no,,none (byte-for-byte copy),"Edition Three, winter. Individual finished panels: clean high-key flat vector with thick outlines, extreme shot-size variation from macro detail to empty landscape breath panels, diegetic HUD overlays in goggles."
edition-three-winter-pages,I:\MonkeyZoo Comic Strip\Fusion Squad\3\winter edition 3\p2 3.jpg,source_material/visual_references/published_editions/edition-03-winter/panels/p2 3.jpg,p2 3.jpg,jpg,724391,9651f89b4e9076ab74dcbdbb83c002f9bde75c9988fea3334324e44aa632871b,2026-07-28T13:24:03+00:00,published-edition-panel,authoritative,,,no,,none (byte-for-byte copy),"Edition Three, winter. Individual finished panels: clean high-key flat vector with thick outlines, extreme shot-size variation from macro detail to empty landscape breath panels, diegetic HUD overlays in goggles."
edition-three-winter-pages,I:\MonkeyZoo Comic Strip\Fusion Squad\3\winter edition 3\p2 4.jpg,source_material/visual_references/published_editions/edition-03-winter/panels/p2 4.jpg,p2 4.jpg,jpg,968762,b8ba81bd332dfaf89600cfd2273266c5d8fc3814a68687fde82efe29650cbcd9,2026-07-28T13:24:03+00:00,published-edition-panel,authoritative,,,no,,none (byte-for-byte copy),"Edition Three, winter. Individual finished panels: clean high-key flat vector with thick outlines, extreme shot-size variation from macro detail to empty landscape breath panels, diegetic HUD overlays in goggles."
edition-three-winter-pages,I:\MonkeyZoo Comic Strip\Fusion Squad\3\winter edition 3\p2 5.jpg,source_material/visual_references/published_editions/edition-03-winter/panels/p2 5.jpg,p2 5.jpg,jpg,1031659,feffccea1d6a0c0d50a5ebed73f2eefc51833ff9ee0c3ab067a75cb1884d8e0a,2026-07-28T13:24:03+00:00,published-edition-panel,authoritative,,,no,,none (byte-for-byte copy),"Edition Three, winter. Individual finished panels: clean high-key flat vector with thick outlines, extreme shot-size variation from macro detail to empty landscape breath panels, diegetic HUD overlays in goggles."
edition-three-winter-pages,I:\MonkeyZoo Comic Strip\Fusion Squad\3\winter edition 3\p3 1.jpg,source_material/visual_references/published_editions/edition-03-winter/panels/p3 1.jpg,p3 1.jpg,jpg,1222078,804b7211318b7a9ddf99e6dd282db8defa5eebd840d073d1c04d324619cffaef,2026-07-28T13:24:03+00:00,published-edition-panel,authoritative,,,no,,none (byte-for-byte copy),"Edition Three, winter. Individual finished panels: clean high-key flat vector with thick outlines, extreme shot-size variation from macro detail to empty landscape breath panels, diegetic HUD overlays in goggles."
edition-three-winter-pages,I:\MonkeyZoo Comic Strip\Fusion Squad\3\winter edition 3\p3 2.jpg,source_material/visual_references/published_editions/edition-03-winter/panels/p3 2.jpg,p3 2.jpg,jpg,1310560,8cfab40a07ff1d82b80d6f123839a95983cb2b09c7b4b57199c0d291406b0fb5,2026-07-28T13:24:03+00:00,published-edition-panel,authoritative,,,no,,none (byte-for-byte copy),"Edition Three, winter. Individual finished panels: clean high-key flat vector with thick outlines, extreme shot-size variation from macro detail to empty landscape breath panels, diegetic HUD overlays in goggles."
edition-three-winter-pages,I:\MonkeyZoo Comic Strip\Fusion Squad\3\winter edition 3\p3 3.jpg,source_material/visual_references/published_editions/edition-03-winter/panels/p3 3.jpg,p3 3.jpg,jpg,1622777,63d59f4050683356c0d4a23dd92ca6ec603cc4bd2d4430afe8850dce1f814e82,2026-07-28T13:24:03+00:00,published-edition-panel,authoritative,,,no,,none (byte-for-byte copy),"Edition Three, winter. Individual finished panels: clean high-key flat vector with thick outlines, extreme shot-size variation from macro detail to empty landscape breath panels, diegetic HUD overlays in goggles."
edition-three-winter-pages,I:\MonkeyZoo Comic Strip\Fusion Squad\3\winter edition 3\p3 4.jpg,source_material/visual_references/published_editions/edition-03-winter/panels/p3 4.jpg,p3 4.jpg,jpg,1799349,c8b0c901552d30684cf4fbc45245477a8ce967364b181c67e8e86ce724e215af,2026-07-28T13:24:03+00:00,published-edition-panel,authoritative,,,no,,none (byte-for-byte copy),"Edition Three, winter. Individual finished panels: clean high-key flat vector with thick outlines, extreme shot-size variation from macro detail to empty landscape breath panels, diegetic HUD overlays in goggles."
edition-three-winter-pages,I:\MonkeyZoo Comic Strip\Fusion Squad\3\winter edition 3\p3 5.jpg,source_material/visual_references/published_editions/edition-03-winter/panels/p3 5.jpg,p3 5.jpg,jpg,2146080,40bab39f97d46da9221be44d562225b4ce08bada66e0d46b0965f1d95a321b5a,2026-07-28T13:24:03+00:00,published-edition-panel,authoritative,,,no,,none (byte-for-byte copy),"Edition Three, winter. Individual finished panels: clean high-key flat vector with thick outlines, extreme shot-size variation from macro detail to empty landscape breath panels, diegetic HUD overlays in goggles."
edition-three-winter-pages,I:\MonkeyZoo Comic Strip\Fusion Squad\3\winter edition 3\p4 1.jpg,source_material/visual_references/published_editions/edition-03-winter/panels/p4 1.jpg,p4 1.jpg,jpg,2446696,209b8248395d57cff236e7eda426b8aaf8934c42a222f2101cde437d54d7a5a0,2026-07-28T13:24:03+00:00,published-edition-panel,authoritative,,,no,,none (byte-for-byte copy),"Edition Three, winter. Individual finished panels: clean high-key flat vector with thick outlines, extreme shot-size variation from macro detail to empty landscape breath panels, diegetic HUD overlays in goggles."
edition-three-winter-pages,I:\MonkeyZoo Comic Strip\Fusion Squad\3\winter edition 3\p4 2.jpg,source_material/visual_references/published_editions/edition-03-winter/panels/p4 2.jpg,p4 2.jpg,jpg,2884079,273acab2bdb179c714ac9ae99acb3426c5a0d3ccbd9780b84f314ccad09389e5,2026-07-28T13:24:03+00:00,published-edition-panel,authoritative,,,no,,none (byte-for-byte copy),"Edition Three, winter. Individual finished panels: clean high-key flat vector with thick outlines, extreme shot-size variation from macro detail to empty landscape breath panels, diegetic HUD overlays in goggles."
edition-three-winter-pages,I:\MonkeyZoo Comic Strip\Fusion Squad\3\winter edition 3\p4 3.jpg,source_material/visual_references/published_editions/edition-03-winter/panels/p4 3.jpg,p4 3.jpg,jpg,3086656,07aff5c685fa45fec126435042a4ad2e0f3052e13ed30b6f9f1d8088bc3b25c8,2026-07-28T13:24:03+00:00,published-edition-panel,authoritative,,,no,,none (byte-for-byte copy),"Edition Three, winter. Individual finished panels: clean high-key flat vector with thick outlines, extreme shot-size variation from macro detail to empty landscape breath panels, diegetic HUD overlays in goggles."
edition-three-winter-pages,I:\MonkeyZoo Comic Strip\Fusion Squad\3\winter edition 3\p5 1.jpg,source_material/visual_references/published_editions/edition-03-winter/panels/p5 1.jpg,p5 1.jpg,jpg,6016529,1ea8c189b17ffd47ffd0a81a61ccbf2f31de794a8ce7f56e70a14fb25eb8ec63,2026-07-28T13:24:03+00:00,published-edition-panel,authoritative,,,no,,none (byte-for-byte copy),"Edition Three, winter. Individual finished panels: clean high-key flat vector with thick outlines, extreme shot-size variation from macro detail to empty landscape breath panels, diegetic HUD overlays in goggles."
edition-three-winter-pages,I:\MonkeyZoo Comic Strip\Fusion Squad\3\winter edition 3\p5 2.jpg,source_material/visual_references/published_editions/edition-03-winter/panels/p5 2.jpg,p5 2.jpg,jpg,5299655,6f8fc1fe6cf216f8f4228b5dfe3d7f05ae1301f9d87b837e5275de072108c869,2026-07-28T13:24:03+00:00,published-edition-panel,authoritative,,,no,,none (byte-for-byte copy),"Edition Three, winter. Individual finished panels: clean high-key flat vector with thick outlines, extreme shot-size variation from macro detail to empty landscape breath panels, diegetic HUD overlays in goggles."
edition-three-winter-pages,I:\MonkeyZoo Comic Strip\Fusion Squad\3\winter edition 3\p5 3.jpg,source_material/visual_references/published_editions/edition-03-winter/panels/p5 3.jpg,p5 3.jpg,jpg,6741305,d194f9c104bb7d66d1530b749936c610511a97cb64b9aef35e2b4ac6377d77ff,2026-07-28T13:24:03+00:00,published-edition-panel,authoritative,,,no,,none (byte-for-byte copy),"Edition Three, winter. Individual finished panels: clean high-key flat vector with thick outlines, extreme shot-size variation from macro detail to empty landscape breath panels, diegetic HUD overlays in goggles."
edition-three-winter-pages,I:\MonkeyZoo Comic Strip\Fusion Squad\3\winter edition 3\p5 5.jpg,source_material/visual_references/published_editions/edition-03-winter/panels/p5 5.jpg,p5 5.jpg,jpg,358257,c441a758452f705c6336e208cac1954ed4a5bb5c05596afe262787a6266314bc,2026-07-28T13:24:03+00:00,published-edition-panel,authoritative,,,no,,none (byte-for-byte copy),"Edition Three, winter. Individual finished panels: clean high-key flat vector with thick outlines, extreme shot-size variation from macro detail to empty landscape breath panels, diegetic HUD overlays in goggles."
edition-three-winter-pages,I:\MonkeyZoo Comic Strip\Fusion Squad\3\winter edition 3\p5 6.jpg,source_material/visual_references/published_editions/edition-03-winter/panels/p5 6.jpg,p5 6.jpg,jpg,7501712,1a273071ed5e0ef5120c307029c8c0299c6503d518e9baa397867248bb87af5d,2026-07-28T13:24:03+00:00,published-edition-panel,authoritative,,,no,,none (byte-for-byte copy),"Edition Three, winter. Individual finished panels: clean high-key flat vector with thick outlines, extreme shot-size variation from macro detail to empty landscape breath panels, diegetic HUD overlays in goggles."
edition-three-winter-pages,I:\MonkeyZoo Comic Strip\Fusion Squad\3\winter edition 3\p5 7.jpg,source_material/visual_references/published_editions/edition-03-winter/panels/p5 7.jpg,p5 7.jpg,jpg,7472688,0858ccc2f9236b1a454639da3c93b558e39d7ad5735dfa16152803220eba6413,2026-07-28T13:24:03+00:00,published-edition-panel,authoritative,,,no,,none (byte-for-byte copy),"Edition Three, winter. Individual finished panels: clean high-key flat vector with thick outlines, extreme shot-size variation from macro detail to empty landscape breath panels, diegetic HUD overlays in goggles."
edition-three-winter-pages,I:\MonkeyZoo Comic Strip\Fusion Squad\3\winter edition 3\p6 1.jpg,source_material/visual_references/published_editions/edition-03-winter/panels/p6 1.jpg,p6 1.jpg,jpg,7361635,9693ea9ea8420af3f3d1742cfcfed20f022e4370ba69a5cfc096ed51c377dbbc,2026-07-28T13:24:03+00:00,published-edition-panel,authoritative,,,no,,none (byte-for-byte copy),"Edition Three, winter. Individual finished panels: clean high-key flat vector with thick outlines, extreme shot-size variation from macro detail to empty landscape breath panels, diegetic HUD overlays in goggles."
edition-three-winter-pages,I:\MonkeyZoo Comic Strip\Fusion Squad\3\winter edition 3\p6 2.jpg,source_material/visual_references/published_editions/edition-03-winter/panels/p6 2.jpg,p6 2.jpg,jpg,7369611,5058a36e46ac3f1300d0e0da9f25764915b11d6dd03e3417ab494ed95feba99e,2026-07-28T13:24:03+00:00,published-edition-panel,authoritative,,,no,,none (byte-for-byte copy),"Edition Three, winter. Individual finished panels: clean high-key flat vector with thick outlines, extreme shot-size variation from macro detail to empty landscape breath panels, diegetic HUD overlays in goggles."
edition-three-winter-pages,I:\MonkeyZoo Comic Strip\Fusion Squad\3\winter edition 3\p6 3.jpg,source_material/visual_references/published_editions/edition-03-winter/panels/p6 3.jpg,p6 3.jpg,jpg,7282713,624ba162a54effc829102b53c90a996255d2492a7b089ba9806584d25f3ed0ff,2026-07-28T13:24:03+00:00,published-edition-panel,authoritative,,,no,,none (byte-for-byte copy),"Edition Three, winter. Individual finished panels: clean high-key flat vector with thick outlines, extreme shot-size variation from macro detail to empty landscape breath panels, diegetic HUD overlays in goggles."
edition-three-winter-pages,I:\MonkeyZoo Comic Strip\Fusion Squad\3\winter edition 3\p6 5.jpg,source_material/visual_references/published_editions/edition-03-winter/panels/p6 5.jpg,p6 5.jpg,jpg,7156469,981c27be8b3659175f7433631deef9bacf312aeb37daffdd295ee9f479202de5,2026-07-28T13:24:03+00:00,published-edition-panel,authoritative,,,no,,none (byte-for-byte copy),"Edition Three, winter. Individual finished panels: clean high-key flat vector with thick outlines, extreme shot-size variation from macro detail to empty landscape breath panels, diegetic HUD overlays in goggles."
edition-three-winter-pages,I:\MonkeyZoo Comic Strip\Fusion Squad\3\winter edition 3\p7 1.jpg,source_material/visual_references/published_editions/edition-03-winter/panels/p7 1.jpg,p7 1.jpg,jpg,248823,8606cd937162422f815f43fefe39ebd3b5e7115097de0d02913ede7759b456af,2026-07-28T13:24:03+00:00,published-edition-panel,authoritative,,,no,,none (byte-for-byte copy),"Edition Three, winter. Individual finished panels: clean high-key flat vector with thick outlines, extreme shot-size variation from macro detail to empty landscape breath panels, diegetic HUD overlays in goggles."
edition-three-winter-pages,I:\MonkeyZoo Comic Strip\Fusion Squad\3\winter edition 3\p7 2.jpg,source_material/visual_references/published_editions/edition-03-winter/panels/p7 2.jpg,p7 2.jpg,jpg,203226,c74bb61cd8beae105178912c1a200de429e7a66113e010f11b94dab30e153968,2026-07-28T13:24:03+00:00,published-edition-panel,authoritative,,,no,,none (byte-for-byte copy),"Edition Three, winter. Individual finished panels: clean high-key flat vector with thick outlines, extreme shot-size variation from macro detail to empty landscape breath panels, diegetic HUD overlays in goggles."
edition-three-winter-pages,I:\MonkeyZoo Comic Strip\Fusion Squad\3\winter edition 3\p7 3.jpg,source_material/visual_references/published_editions/edition-03-winter/panels/p7 3.jpg,p7 3.jpg,jpg,7501419,cf9fbf36f29258b0f3f29bb4eb7232d7325af4d77d397ee3b2c8fa02c1df048d,2026-07-28T13:24:03+00:00,published-edition-panel,authoritative,,,no,,none (byte-for-byte copy),"Edition Three, winter. Individual finished panels: clean high-key flat vector with thick outlines, extreme shot-size variation from macro detail to empty landscape breath panels, diegetic HUD overlays in goggles."
edition-three-winter-pages,I:\MonkeyZoo Comic Strip\Fusion Squad\3\winter edition 3\p7 4.jpg,source_material/visual_references/published_editions/edition-03-winter/panels/p7 4.jpg,p7 4.jpg,jpg,183334,91c73ba847d81a21785532774da045d0a4cc11ee1e8e1abc0309e0563e528fe6,2026-07-28T13:24:03+00:00,published-edition-panel,authoritative,,,no,,none (byte-for-byte copy),"Edition Three, winter. Individual finished panels: clean high-key flat vector with thick outlines, extreme shot-size variation from macro detail to empty landscape breath panels, diegetic HUD overlays in goggles."
edition-three-covers,I:\MonkeyZoo Comic Strip\Fusion Squad\3\winter edition 3\Back Cover.png,source_material/visual_references/published_editions/edition-03-winter/Back Cover.png,Back Cover.png,png,1751900,65b258d0dab4b592de7fe1077aace84aabe4558cd74a3570b16f914cccb2554c,2026-07-28T13:24:03+00:00,published-edition,authoritative,,,no,,none (byte-for-byte copy),"Edition Three covers, edition stamp and assembled PDF."
edition-three-covers,I:\MonkeyZoo Comic Strip\Fusion Squad\3\winter edition 3\edition 3.png,source_material/visual_references/published_editions/edition-03-winter/edition 3.png,edition 3.png,png,1856561,5fcf6a99d7ec136f917a9aa81a2346fecf3a18ea5d48ff2152ae872a1c70a905,2026-07-28T13:24:03+00:00,published-edition,authoritative,,,no,,none (byte-for-byte copy),"Edition Three covers, edition stamp and assembled PDF."
edition-three-covers,I:\MonkeyZoo Comic Strip\Fusion Squad\3\winter edition 3\Front Cover.jpg,source_material/visual_references/published_editions/edition-03-winter/Front Cover.jpg,Front Cover.jpg,jpg,368405,cea415eb6de91efd03fd55b665ee58629695b118781d0b65a2312067e0921dc8,2026-07-28T13:24:03+00:00,published-edition,authoritative,,,no,,none (byte-for-byte copy),"Edition Three covers, edition stamp and assembled PDF."
edition-three-covers,I:\MonkeyZoo Comic Strip\Fusion Squad\3\winter edition 3\winter edition.pdf,source_material/visual_references/published_editions/edition-03-winter/winter edition.pdf,winter edition.pdf,pdf,9642734,32780e449e94acf4fbac912fbf31425fbe41bbe35625394fc6d3be678493a529,2026-07-28T13:24:03+00:00,published-edition,authoritative,,,no,,none (byte-for-byte copy),"Edition Three covers, edition stamp and assembled PDF."
edition-stamps,I:\MonkeyZoo Comic Strip\Fusion Squad\2\Fiend_Studios_Stamp_2-removebg-preview.png,source_material/visual_references/published_editions/_stamps/Fiend_Studios_Stamp_2-removebg-preview.png,Fiend_Studios_Stamp_2-removebg-preview.png,png,354105,8bb22d0d422695927dcc8c92dddbc940f7e9d5cbf0069a9c3107ece0acf99b31,2026-07-28T13:24:03+00:00,brand-mark,authoritative,MZ-CHAR-EMO,,no,,none (byte-for-byte copy),"Fiend Studios ""COLLECTIBLE / EDITION <N>"" circular stamp. Appears on every published cover. Required brand furniture for each new issue."
emo-edition-4-bible,I:\MonkeyZoo Comic Strip\Fusion Squad\Bible and other files\MonkeyZoo_Emo_Edition4_STILL_ME.md,source_material/imported_bibles/emo-editions/MonkeyZoo_Emo_Edition4_STILL_ME.md,MonkeyZoo_Emo_Edition4_STILL_ME.md,md,8217,8231a57d2bd23f147ca9aa57a689a4ac964e8c1ffbb687af4f8c46f69495973a,2026-07-28T13:24:03+00:00,story-bible,authoritative,MZ-CHAR-EMO,,yes,,none (byte-for-byte copy),"Emo Monkey Edition 4 ""STILL ME"" bible. Establishes the Emo Monkey cast voice and the FusionZoo-chamber premise. Useful for character voice and cover-design conventions."
character-concept-art,I:\MonkeyZoo Comic Strip\Fusion Squad\Bible and other files\Ash\Gemini_Generated_Image_1hb8yc1hb8yc1hb8.png,source_material/visual_references/character_concepts/Ash/Gemini_Generated_Image_1hb8yc1hb8yc1hb8.png,Gemini_Generated_Image_1hb8yc1hb8yc1hb8.png,png,3011726,a8d8fe2c6de3a5f17ee46cf6ddad98bdf3f2f299cf32dae1e726b689b6f1c308,2026-07-28T13:24:03+00:00,concept-art,candidate,MZ-CHAR-004,,no,,none (byte-for-byte copy),Per-character concept renders. NOT approved canon - classified `candidate`. Useful for expression and pose ideas; must not override approved canon.
character-concept-art,I:\MonkeyZoo Comic Strip\Fusion Squad\Bible and other files\Ash\Gemini_Generated_Image_2sfvjc2sfvjc2sfv.png,source_material/visual_references/character_concepts/Ash/Gemini_Generated_Image_2sfvjc2sfvjc2sfv.png,Gemini_Generated_Image_2sfvjc2sfvjc2sfv.png,png,1237364,3892ab966810e06dc075c18965f38a0bb883c3dc9834b9f099569bb2dd8e4904,2026-07-28T13:24:03+00:00,concept-art,candidate,MZ-CHAR-004,,no,,none (byte-for-byte copy),Per-character concept renders. NOT approved canon - classified `candidate`. Useful for expression and pose ideas; must not override approved canon.
character-concept-art,I:\MonkeyZoo Comic Strip\Fusion Squad\Bible and other files\Ash\Gemini_Generated_Image_368pgr368pgr368p.png,source_material/visual_references/character_concepts/Ash/Gemini_Generated_Image_368pgr368pgr368p.png,Gemini_Generated_Image_368pgr368pgr368p.png,png,2715226,63cd29fd7c543e58188b7755270fd7280feff4c850c87b4b04603fa04ce1be06,2026-07-28T13:24:03+00:00,concept-art,candidate,MZ-CHAR-004,,no,,none (byte-for-byte copy),Per-character concept renders. NOT approved canon - classified `candidate`. Useful for expression and pose ideas; must not override approved canon.
character-concept-art,I:\MonkeyZoo Comic Strip\Fusion Squad\Bible and other files\Ash\Gemini_Generated_Image_3gq1ju3gq1ju3gq1.png,source_material/visual_references/character_concepts/Ash/Gemini_Generated_Image_3gq1ju3gq1ju3gq1.png,Gemini_Generated_Image_3gq1ju3gq1ju3gq1.png,png,1232376,ae2002eae2503f33019470878e0772cd38d955e3d9d840b7a3390219345c794b,2026-07-28T13:24:03+00:00,concept-art,candidate,MZ-CHAR-004,,no,,none (byte-for-byte copy),Per-character concept renders. NOT approved canon - classified `candidate`. Useful for expression and pose ideas; must not override approved canon.
character-concept-art,I:\MonkeyZoo Comic Strip\Fusion Squad\Bible and other files\Ash\Gemini_Generated_Image_4bdbhm4bdbhm4bdb.png,source_material/visual_references/character_concepts/Ash/Gemini_Generated_Image_4bdbhm4bdbhm4bdb.png,Gemini_Generated_Image_4bdbhm4bdbhm4bdb.png,png,1483414,9f0048b8fe8fb1a37e4260c31a97ea868f6995685646ebf88a98076bb83d98fe,2026-07-28T13:24:03+00:00,concept-art,candidate,MZ-CHAR-004,,no,,none (byte-for-byte copy),Per-character concept renders. NOT approved canon - classified `candidate`. Useful for expression and pose ideas; must not override approved canon.
character-concept-art,I:\MonkeyZoo Comic Strip\Fusion Squad\Bible and other files\Ash\Gemini_Generated_Image_5kqpme5kqpme5kqp.png,source_material/visual_references/character_concepts/Ash/Gemini_Generated_Image_5kqpme5kqpme5kqp.png,Gemini_Generated_Image_5kqpme5kqpme5kqp.png,png,1798855,a854ede33898dfaa58116df8e8f7e3dd1d1fcfbca3b31ab112b1b1df3f7f338d,2026-07-28T13:24:03+00:00,concept-art,candidate,MZ-CHAR-004,,no,,none (byte-for-byte copy),Per-character concept renders. NOT approved canon - classified `candidate`. Useful for expression and pose ideas; must not override approved canon.
character-concept-art,I:\MonkeyZoo Comic Strip\Fusion Squad\Bible and other files\Ash\Gemini_Generated_Image_93s93593s93593s9.png,source_material/visual_references/character_concepts/Ash/Gemini_Generated_Image_93s93593s93593s9.png,Gemini_Generated_Image_93s93593s93593s9.png,png,2316159,cf62f5111100cb41728d11cc3ae8caaf8c964f244e80ea6df145931854d7a0ec,2026-07-28T13:24:03+00:00,concept-art,candidate,MZ-CHAR-004,,no,,none (byte-for-byte copy),Per-character concept renders. NOT approved canon - classified `candidate`. Useful for expression and pose ideas; must not override approved canon.
character-concept-art,I:\MonkeyZoo Comic Strip\Fusion Squad\Bible and other files\Ash\Gemini_Generated_Image_a3fglwa3fglwa3fg.png,source_material/visual_references/character_concepts/Ash/Gemini_Generated_Image_a3fglwa3fglwa3fg.png,Gemini_Generated_Image_a3fglwa3fglwa3fg.png,png,1512581,3c31440bbc3b85993def64c9d6f6c8fad6fd44bf89c2a2864ce89872889352f9,2026-07-28T13:24:03+00:00,concept-art,candidate,MZ-CHAR-004,,no,,none (byte-for-byte copy),Per-character concept renders. NOT approved canon - classified `candidate`. Useful for expression and pose ideas; must not override approved canon.
character-concept-art,I:\MonkeyZoo Comic Strip\Fusion Squad\Bible and other files\Ash\Gemini_Generated_Image_co2mh8co2mh8co2m.png,source_material/visual_references/character_concepts/Ash/Gemini_Generated_Image_co2mh8co2mh8co2m.png,Gemini_Generated_Image_co2mh8co2mh8co2m.png,png,1254926,859d6c25c80006c61d40e09ba9b39c9693978f2fc5c51208a5e4a586d2e21c59,2026-07-28T13:24:03+00:00,concept-art,candidate,MZ-CHAR-004,,no,,none (byte-for-byte copy),Per-character concept renders. NOT approved canon - classified `candidate`. Useful for expression and pose ideas; must not override approved canon.
character-concept-art,I:\MonkeyZoo Comic Strip\Fusion Squad\Bible and other files\Ash\Gemini_Generated_Image_dts83ddts83ddts8.png,source_material/visual_references/character_concepts/Ash/Gemini_Generated_Image_dts83ddts83ddts8.png,Gemini_Generated_Image_dts83ddts83ddts8.png,png,1372433,2570e1de7a53642d39729234b6f2694a05667e6a0b71eafd3d386adb75a20336,2026-07-28T13:24:03+00:00,concept-art,candidate,MZ-CHAR-004,,no,,none (byte-for-byte copy),Per-character concept renders. NOT approved canon - classified `candidate`. Useful for expression and pose ideas; must not override approved canon.
character-concept-art,I:\MonkeyZoo Comic Strip\Fusion Squad\Bible and other files\Ash\Gemini_Generated_Image_ggx8wgggx8wgggx8.png,source_material/visual_references/character_concepts/Ash/Gemini_Generated_Image_ggx8wgggx8wgggx8.png,Gemini_Generated_Image_ggx8wgggx8wgggx8.png,png,1615657,341ebdff0fb0ddab07c3ad9a9154e896850d1052689a66f767d8cc0bd3651099,2026-07-28T13:24:03+00:00,concept-art,candidate,MZ-CHAR-004,,no,,none (byte-for-byte copy),Per-character concept renders. NOT approved canon - classified `candidate`. Useful for expression and pose ideas; must not override approved canon.
character-concept-art,I:\MonkeyZoo Comic Strip\Fusion Squad\Bible and other files\Ash\Gemini_Generated_Image_miudcsmiudcsmiud.png,source_material/visual_references/character_concepts/Ash/Gemini_Generated_Image_miudcsmiudcsmiud.png,Gemini_Generated_Image_miudcsmiudcsmiud.png,png,1688610,27e44dca35704da93498b818c3175b2126cc3a72825f211e31212e3bc200df91,2026-07-28T13:24:03+00:00,concept-art,candidate,MZ-CHAR-004,,no,,none (byte-for-byte copy),Per-character concept renders. NOT approved canon - classified `candidate`. Useful for expression and pose ideas; must not override approved canon.
character-concept-art,I:\MonkeyZoo Comic Strip\Fusion Squad\Bible and other files\Ash\Gemini_Generated_Image_nbm1dqnbm1dqnbm1.png,source_material/visual_references/character_concepts/Ash/Gemini_Generated_Image_nbm1dqnbm1dqnbm1.png,Gemini_Generated_Image_nbm1dqnbm1dqnbm1.png,png,1349548,e5d009babffd8e8dfa369f1533b7bb53cbb13741fdc250175933bd13206fc8d9,2026-07-28T13:24:03+00:00,concept-art,candidate,MZ-CHAR-004,,no,,none (byte-for-byte copy),Per-character concept renders. NOT approved canon - classified `candidate`. Useful for expression and pose ideas; must not override approved canon.
character-concept-art,I:\MonkeyZoo Comic Strip\Fusion Squad\Bible and other files\Ash\Gemini_Generated_Image_nvu3iunvu3iunvu3.png,source_material/visual_references/character_concepts/Ash/Gemini_Generated_Image_nvu3iunvu3iunvu3.png,Gemini_Generated_Image_nvu3iunvu3iunvu3.png,png,1184353,e96b01706e457f64798ea683def2684e6b8e57665c491ddafe1764d655943eb3,2026-07-28T13:24:03+00:00,concept-art,candidate,MZ-CHAR-004,,no,,none (byte-for-byte copy),Per-character concept renders. NOT approved canon - classified `candidate`. Useful for expression and pose ideas; must not override approved canon.
character-concept-art,I:\MonkeyZoo Comic Strip\Fusion Squad\Bible and other files\Ash\Gemini_Generated_Image_x8dxhmx8dxhmx8dx.png,source_material/visual_references/character_concepts/Ash/Gemini_Generated_Image_x8dxhmx8dxhmx8dx.png,Gemini_Generated_Image_x8dxhmx8dxhmx8dx.png,png,1893329,643c0066435fb8c7afb32470224664301766c9d208ed9dbeb697c04b25e3e53c,2026-07-28T13:24:03+00:00,concept-art,candidate,MZ-CHAR-004,,no,,none (byte-for-byte copy),Per-character concept renders. NOT approved canon - classified `candidate`. Useful for expression and pose ideas; must not override approved canon.
character-concept-art,I:\MonkeyZoo Comic Strip\Fusion Squad\Bible and other files\Ash\Gemini_Generated_Image_y47d02y47d02y47d.png,source_material/visual_references/character_concepts/Ash/Gemini_Generated_Image_y47d02y47d02y47d.png,Gemini_Generated_Image_y47d02y47d02y47d.png,png,2570216,85a8c8e5e44e6fc7d178f41a610d05405267c3331f03cd6f5ae341cf2052b4a6,2026-07-28T13:24:03+00:00,concept-art,candidate,MZ-CHAR-004,,no,,none (byte-for-byte copy),Per-character concept renders. NOT approved canon - classified `candidate`. Useful for expression and pose ideas; must not override approved canon.
character-concept-art,"I:\MonkeyZoo Comic Strip\Fusion Squad\Bible and other files\NeonBlue\ChatGPT Image Feb 9, 2026, 01_17_00 AM.png","source_material/visual_references/character_concepts/NeonBlue/ChatGPT Image Feb 9, 2026, 01_17_00 AM.png","ChatGPT Image Feb 9, 2026, 01_17_00 AM.png",png,811047,9bd3a5e63a3e756adec1ed406ee1526ba9301df1d9919f1b83aec2366ab09d25,2026-07-28T13:24:03+00:00,concept-art,candidate,MZ-CHAR-005,,no,,none (byte-for-byte copy),Per-character concept renders. NOT approved canon - classified `candidate`. Useful for expression and pose ideas; must not override approved canon.
character-concept-art,"I:\MonkeyZoo Comic Strip\Fusion Squad\Bible and other files\NeonBlue\ChatGPT Image Feb 9, 2026, 01_17_35 AM.png","source_material/visual_references/character_concepts/NeonBlue/ChatGPT Image Feb 9, 2026, 01_17_35 AM.png","ChatGPT Image Feb 9, 2026, 01_17_35 AM.png",png,811047,9bd3a5e63a3e756adec1ed406ee1526ba9301df1d9919f1b83aec2366ab09d25,2026-07-28T13:24:03+00:00,concept-art,candidate,MZ-CHAR-005,,no,"source_material/visual_references/character_concepts/NeonBlue/ChatGPT Image Feb 9, 2026, 01_17_00 AM.png",none (byte-for-byte copy),Per-character concept renders. NOT approved canon - classified `candidate`. Useful for expression and pose ideas; must not override approved canon.
character-concept-art,"I:\MonkeyZoo Comic Strip\Fusion Squad\Bible and other files\NeonBlue\ChatGPT Image Feb 9, 2026, 01_17_42 AM.png","source_material/visual_references/character_concepts/NeonBlue/ChatGPT Image Feb 9, 2026, 01_17_42 AM.png","ChatGPT Image Feb 9, 2026, 01_17_42 AM.png",png,1697070,fb7ad3182a4982e9b8892891d92e211871a42ce7a43b90612e799d79cb33c22b,2026-07-28T13:24:03+00:00,concept-art,candidate,MZ-CHAR-005,,no,,none (byte-for-byte copy),Per-character concept renders. NOT approved canon - classified `candidate`. Useful for expression and pose ideas; must not override approved canon.
character-concept-art,"I:\MonkeyZoo Comic Strip\Fusion Squad\Bible and other files\NeonBlue\ChatGPT Image Feb 9, 2026, 01_17_49 AM.png","source_material/visual_references/character_concepts/NeonBlue/ChatGPT Image Feb 9, 2026, 01_17_49 AM.png","ChatGPT Image Feb 9, 2026, 01_17_49 AM.png",png,2330593,98d277255cc9e0bf6c20dd4cb39c5d69d9df5f27e61ab1ec42ea1021646b0b7f,2026-07-28T13:24:03+00:00,concept-art,candidate,MZ-CHAR-005,,no,,none (byte-for-byte copy),Per-character concept renders. NOT approved canon - classified `candidate`. Useful for expression and pose ideas; must not override approved canon.
character-concept-art,"I:\MonkeyZoo Comic Strip\Fusion Squad\Bible and other files\NeonBlue\ChatGPT Image Feb 9, 2026, 01_17_55 AM.png","source_material/visual_references/character_concepts/NeonBlue/ChatGPT Image Feb 9, 2026, 01_17_55 AM.png","ChatGPT Image Feb 9, 2026, 01_17_55 AM.png",png,2670766,408396391dd3cca0a76585e8f40edaae00801587b7a82b86aa715094235f77d0,2026-07-28T13:24:03+00:00,concept-art,candidate,MZ-CHAR-005,,no,,none (byte-for-byte copy),Per-character concept renders. NOT approved canon - classified `candidate`. Useful for expression and pose ideas; must not override approved canon.
character-concept-art,"I:\MonkeyZoo Comic Strip\Fusion Squad\Bible and other files\NeonBlue\ChatGPT Image Feb 9, 2026, 01_17_59 AM.png","source_material/visual_references/character_concepts/NeonBlue/ChatGPT Image Feb 9, 2026, 01_17_59 AM.png","ChatGPT Image Feb 9, 2026, 01_17_59 AM.png",png,2734430,ccb4ecf8a0003ee72bf4ba5b79b31d7fc94103e0981997011fe0e8098a3526d9,2026-07-28T13:24:03+00:00,concept-art,candidate,MZ-CHAR-005,,no,,none (byte-for-byte copy),Per-character concept renders. NOT approved canon - classified `candidate`. Useful for expression and pose ideas; must not override approved canon.
character-concept-art,"I:\MonkeyZoo Comic Strip\Fusion Squad\Bible and other files\NeonBlue\ChatGPT Image Feb 9, 2026, 01_18_03 AM.png","source_material/visual_references/character_concepts/NeonBlue/ChatGPT Image Feb 9, 2026, 01_18_03 AM.png","ChatGPT Image Feb 9, 2026, 01_18_03 AM.png",png,2816937,17b970418d10352335b4788441701158b8ed3fb58940cd0a72dbed2c2bd15b22,2026-07-28T13:24:03+00:00,concept-art,candidate,MZ-CHAR-005,,no,,none (byte-for-byte copy),Per-character concept renders. NOT approved canon - classified `candidate`. Useful for expression and pose ideas; must not override approved canon.
character-concept-art,"I:\MonkeyZoo Comic Strip\Fusion Squad\Bible and other files\NeonBlue\ChatGPT Image Feb 9, 2026, 01_18_07 AM.png","source_material/visual_references/character_concepts/NeonBlue/ChatGPT Image Feb 9, 2026, 01_18_07 AM.png","ChatGPT Image Feb 9, 2026, 01_18_07 AM.png",png,2766474,56cbbcd2783e1b335a7e2b3f7c52e37cfa990c2759cd248a9cc761d1b9bcb82e,2026-07-28T13:24:03+00:00,concept-art,candidate,MZ-CHAR-005,,no,,none (byte-for-byte copy),Per-character concept renders. NOT approved canon - classified `candidate`. Useful for expression and pose ideas; must not override approved canon.
character-concept-art,"I:\MonkeyZoo Comic Strip\Fusion Squad\Bible and other files\NeonBlue\ChatGPT Image Feb 9, 2026, 01_49_03 AM.png","source_material/visual_references/character_concepts/NeonBlue/ChatGPT Image Feb 9, 2026, 01_49_03 AM.png","ChatGPT Image Feb 9, 2026, 01_49_03 AM.png",png,2001953,a8e9ea162ab79330793b1c17f05f9850f1a81ae39168f796da3b45ec48c1007f,2026-07-28T13:24:03+00:00,concept-art,candidate,MZ-CHAR-005,,no,,none (byte-for-byte copy),Per-character concept renders. NOT approved canon - classified `candidate`. Useful for expression and pose ideas; must not override approved canon.
character-concept-art,"I:\MonkeyZoo Comic Strip\Fusion Squad\Bible and other files\NeonBlue\ChatGPT Image Feb 9, 2026, 01_49_17 AM.png","source_material/visual_references/character_concepts/NeonBlue/ChatGPT Image Feb 9, 2026, 01_49_17 AM.png","ChatGPT Image Feb 9, 2026, 01_49_17 AM.png",png,2897399,35e69d82b31d4b771cc763fdb7fa2cfdb512c6cfe5a973d72a268ea1b2256163,2026-07-28T13:24:03+00:00,concept-art,candidate,MZ-CHAR-005,,no,,none (byte-for-byte copy),Per-character concept renders. NOT approved canon - classified `candidate`. Useful for expression and pose ideas; must not override approved canon.
character-concept-art,"I:\MonkeyZoo Comic Strip\Fusion Squad\Bible and other files\NeonBlue\ChatGPT Image Feb 9, 2026, 01_49_22 AM.png","source_material/visual_references/character_concepts/NeonBlue/ChatGPT Image Feb 9, 2026, 01_49_22 AM.png","ChatGPT Image Feb 9, 2026, 01_49_22 AM.png",png,2023408,b4b48775cdcd42b22a035e5d1fbc41534502dd86a42c0426ce3c854ae3d82a20,2026-07-28T13:24:03+00:00,concept-art,candidate,MZ-CHAR-005,,no,,none (byte-for-byte copy),Per-character concept renders. NOT approved canon - classified `candidate`. Useful for expression and pose ideas; must not override approved canon.
character-concept-art,"I:\MonkeyZoo Comic Strip\Fusion Squad\Bible and other files\NeonBlue\ChatGPT Image Feb 9, 2026, 01_49_26 AM.png","source_material/visual_references/character_concepts/NeonBlue/ChatGPT Image Feb 9, 2026, 01_49_26 AM.png","ChatGPT Image Feb 9, 2026, 01_49_26 AM.png",png,2084796,20f2fcba52009ae4731604cad672179fc41271492abc47d4b506933edce9d5bb,2026-07-28T13:24:03+00:00,concept-art,candidate,MZ-CHAR-005,,no,,none (byte-for-byte copy),Per-character concept renders. NOT approved canon - classified `candidate`. Useful for expression and pose ideas; must not override approved canon.
character-concept-art,"I:\MonkeyZoo Comic Strip\Fusion Squad\Bible and other files\NeonBlue\ChatGPT Image Feb 9, 2026, 01_54_43 AM.png","source_material/visual_references/character_concepts/NeonBlue/ChatGPT Image Feb 9, 2026, 01_54_43 AM.png","ChatGPT Image Feb 9, 2026, 01_54_43 AM.png",png,2985819,6f8f4d2e0c81c822bc51a953f3c90031485b6455961a0b9088430387989d6c53,2026-07-28T13:24:03+00:00,concept-art,candidate,MZ-CHAR-005,,no,,none (byte-for-byte copy),Per-character concept renders. NOT approved canon - classified `candidate`. Useful for expression and pose ideas; must not override approved canon.
character-concept-art,"I:\MonkeyZoo Comic Strip\Fusion Squad\Bible and other files\NeonBlue\Feb 9, 2026, 01_52_28 AM.png","source_material/visual_references/character_concepts/NeonBlue/Feb 9, 2026, 01_52_28 AM.png","Feb 9, 2026, 01_52_28 AM.png",png,2915828,026cdf546e241733ca407e84c5cce521f673d0a341d856dfb36a78fa9ca42d60,2026-07-28T13:24:03+00:00,concept-art,candidate,MZ-CHAR-005,,no,,none (byte-for-byte copy),Per-character concept renders. NOT approved canon - classified `candidate`. Useful for expression and pose ideas; must not override approved canon.
character-concept-art,"I:\MonkeyZoo Comic Strip\Fusion Squad\Bible and other files\NeonBlue\Feb 9, 2026, 01_52_34 AM.png","source_material/visual_references/character_concepts/NeonBlue/Feb 9, 2026, 01_52_34 AM.png","Feb 9, 2026, 01_52_34 AM.png",png,3179474,488dd3eed604221b88d6916460d2fa0dc2ef79ae3f065aba85f7f22233530e52,2026-07-28T13:24:03+00:00,concept-art,candidate,MZ-CHAR-005,,no,,none (byte-for-byte copy),Per-character concept renders. NOT approved canon - classified `candidate`. Useful for expression and pose ideas; must not override approved canon.
character-concept-art,I:\MonkeyZoo Comic Strip\Fusion Squad\Bible and other files\scarline\Gemini_Generated_Image_1yrdox1yrdox1yrd.png,source_material/visual_references/character_concepts/scarline/Gemini_Generated_Image_1yrdox1yrdox1yrd.png,Gemini_Generated_Image_1yrdox1yrdox1yrd.png,png,2473853,316ffbf8e3c7f43b2fbcb14f2c5fb0ef439fb4cc58f12be73e522340680ae282,2026-07-28T13:24:03+00:00,concept-art,candidate,MZ-CHAR-006,,no,,none (byte-for-byte copy),Per-character concept renders. NOT approved canon - classified `candidate`. Useful for expression and pose ideas; must not override approved canon.
character-concept-art,I:\MonkeyZoo Comic Strip\Fusion Squad\Bible and other files\scarline\Gemini_Generated_Image_3z31el3z31el3z31.png,source_material/visual_references/character_concepts/scarline/Gemini_Generated_Image_3z31el3z31el3z31.png,Gemini_Generated_Image_3z31el3z31el3z31.png,png,1553241,a1309d4ae64aabb45a553bc336b6d748c0becde01c6dcae3f95f48ae893d6b51,2026-07-28T13:24:03+00:00,concept-art,candidate,MZ-CHAR-006,,no,,none (byte-for-byte copy),Per-character concept renders. NOT approved canon - classified `candidate`. Useful for expression and pose ideas; must not override approved canon.
character-concept-art,I:\MonkeyZoo Comic Strip\Fusion Squad\Bible and other files\scarline\Gemini_Generated_Image_4j4w6q4j4w6q4j4w.png,source_material/visual_references/character_concepts/scarline/Gemini_Generated_Image_4j4w6q4j4w6q4j4w.png,Gemini_Generated_Image_4j4w6q4j4w6q4j4w.png,png,1426773,881fa9d9d260e18243bdbde15e0adb3fb8b649ad7df468881d48a1d4d5087f29,2026-07-28T13:24:03+00:00,concept-art,candidate,MZ-CHAR-006,,no,,none (byte-for-byte copy),Per-character concept renders. NOT approved canon - classified `candidate`. Useful for expression and pose ideas; must not override approved canon.
character-concept-art,I:\MonkeyZoo Comic Strip\Fusion Squad\Bible and other files\scarline\Gemini_Generated_Image_6l48h46l48h46l48.png,source_material/visual_references/character_concepts/scarline/Gemini_Generated_Image_6l48h46l48h46l48.png,Gemini_Generated_Image_6l48h46l48h46l48.png,png,1742084,9623003a3ede477402dc403bddadde88ad7f235ea107158ea99cb7fe82faee84,2026-07-28T13:24:03+00:00,concept-art,candidate,MZ-CHAR-006,,no,,none (byte-for-byte copy),Per-character concept renders. NOT approved canon - classified `candidate`. Useful for expression and pose ideas; must not override approved canon.
character-concept-art,I:\MonkeyZoo Comic Strip\Fusion Squad\Bible and other files\scarline\Gemini_Generated_Image_8ex3eh8ex3eh8ex3.png,source_material/visual_references/character_concepts/scarline/Gemini_Generated_Image_8ex3eh8ex3eh8ex3.png,Gemini_Generated_Image_8ex3eh8ex3eh8ex3.png,png,2004753,e9ee7301316e240fd2160fa9d2632cf555edadfbd0d1b1e134ff6de4e7aa5906,2026-07-28T13:24:03+00:00,concept-art,candidate,MZ-CHAR-006,,no,,none (byte-for-byte copy),Per-character concept renders. NOT approved canon - classified `candidate`. Useful for expression and pose ideas; must not override approved canon.
character-concept-art,I:\MonkeyZoo Comic Strip\Fusion Squad\Bible and other files\scarline\Gemini_Generated_Image_bdyeqhbdyeqhbdye.png,source_material/visual_references/character_concepts/scarline/Gemini_Generated_Image_bdyeqhbdyeqhbdye.png,Gemini_Generated_Image_bdyeqhbdyeqhbdye.png,png,1153764,e71aec9541dafbecb8cce8728ba49b193278cc648e2a7103f5898bfb1c69bb47,2026-07-28T13:24:03+00:00,concept-art,candidate,MZ-CHAR-006,,no,,none (byte-for-byte copy),Per-character concept renders. NOT approved canon - classified `candidate`. Useful for expression and pose ideas; must not override approved canon.
character-concept-art,I:\MonkeyZoo Comic Strip\Fusion Squad\Bible and other files\scarline\Gemini_Generated_Image_huieychuieychuie (1).png,source_material/visual_references/character_concepts/scarline/Gemini_Generated_Image_huieychuieychuie (1).png,Gemini_Generated_Image_huieychuieychuie (1).png,png,2812231,4791b677705bc522d3fa8fa97f294866fd2d1548afb878b9b98cf54f8b6dccbe,2026-07-28T13:24:03+00:00,concept-art,candidate,MZ-CHAR-006,,no,,none (byte-for-byte copy),Per-character concept renders. NOT approved canon - classified `candidate`. Useful for expression and pose ideas; must not override approved canon.
character-concept-art,I:\MonkeyZoo Comic Strip\Fusion Squad\Bible and other files\scarline\Gemini_Generated_Image_huieychuieychuie.png,source_material/visual_references/character_concepts/scarline/Gemini_Generated_Image_huieychuieychuie.png,Gemini_Generated_Image_huieychuieychuie.png,png,2812231,4791b677705bc522d3fa8fa97f294866fd2d1548afb878b9b98cf54f8b6dccbe,2026-07-28T13:24:03+00:00,concept-art,candidate,MZ-CHAR-006,,no,source_material/visual_references/character_concepts/scarline/Gemini_Generated_Image_huieychuieychuie (1).png,none (byte-for-byte copy),Per-character concept renders. NOT approved canon - classified `candidate`. Useful for expression and pose ideas; must not override approved canon.
character-concept-art,I:\MonkeyZoo Comic Strip\Fusion Squad\Bible and other files\scarline\Gemini_Generated_Image_nbkgminbkgminbkg.png,source_material/visual_references/character_concepts/scarline/Gemini_Generated_Image_nbkgminbkgminbkg.png,Gemini_Generated_Image_nbkgminbkgminbkg.png,png,1109864,afe719a74b538fd11e6e591a5e9b2f75381cddda9a71526907284415790613ee,2026-07-28T13:24:03+00:00,concept-art,candidate,MZ-CHAR-006,,no,,none (byte-for-byte copy),Per-character concept renders. NOT approved canon - classified `candidate`. Useful for expression and pose ideas; must not override approved canon.
character-concept-art,I:\MonkeyZoo Comic Strip\Fusion Squad\Bible and other files\scarline\Gemini_Generated_Image_ncr5gyncr5gyncr5.png,source_material/visual_references/character_concepts/scarline/Gemini_Generated_Image_ncr5gyncr5gyncr5.png,Gemini_Generated_Image_ncr5gyncr5gyncr5.png,png,1216620,010db994d6aded97d1f4854af2449f66eb0f7ab36521c1fd42252f34a945a7d3,2026-07-28T13:24:03+00:00,concept-art,candidate,MZ-CHAR-006,,no,,none (byte-for-byte copy),Per-character concept renders. NOT approved canon - classified `candidate`. Useful for expression and pose ideas; must not override approved canon.
character-concept-art,I:\MonkeyZoo Comic Strip\Fusion Squad\Bible and other files\scarline\Gemini_Generated_Image_o0l9edo0l9edo0l9.png,source_material/visual_references/character_concepts/scarline/Gemini_Generated_Image_o0l9edo0l9edo0l9.png,Gemini_Generated_Image_o0l9edo0l9edo0l9.png,png,1467712,31f9e8217e260a51ddf33602182c33432a2bb73a8a53777fcf76a0850df09406,2026-07-28T13:24:03+00:00,concept-art,candidate,MZ-CHAR-006,,no,,none (byte-for-byte copy),Per-character concept renders. NOT approved canon - classified `candidate`. Useful for expression and pose ideas; must not override approved canon.
character-concept-art,I:\MonkeyZoo Comic Strip\Fusion Squad\Bible and other files\scarline\Gemini_Generated_Image_qmga2sqmga2sqmga.png,source_material/visual_references/character_concepts/scarline/Gemini_Generated_Image_qmga2sqmga2sqmga.png,Gemini_Generated_Image_qmga2sqmga2sqmga.png,png,1155758,57ad64d90f78427b1c47969675b0fb99bef850d7d6baf810431dad98eff7d84f,2026-07-28T13:24:03+00:00,concept-art,candidate,MZ-CHAR-006,,no,,none (byte-for-byte copy),Per-character concept renders. NOT approved canon - classified `candidate`. Useful for expression and pose ideas; must not override approved canon.
character-concept-art,I:\MonkeyZoo Comic Strip\Fusion Squad\Bible and other files\scarline\Gemini_Generated_Image_uch315uch315uch3.png,source_material/visual_references/character_concepts/scarline/Gemini_Generated_Image_uch315uch315uch3.png,Gemini_Generated_Image_uch315uch315uch3.png,png,1875682,c70a792ef52629d1f09abb0877ab8aae8ed3712b797836ba137f08d0b27a2df2,2026-07-28T13:24:03+00:00,concept-art,candidate,MZ-CHAR-006,,no,,none (byte-for-byte copy),Per-character concept renders. NOT approved canon - classified `candidate`. Useful for expression and pose ideas; must not override approved canon.
character-concept-art,I:\MonkeyZoo Comic Strip\Fusion Squad\Bible and other files\scarline\Gemini_Generated_Image_upzba7upzba7upzb.png,source_material/visual_references/character_concepts/scarline/Gemini_Generated_Image_upzba7upzba7upzb.png,Gemini_Generated_Image_upzba7upzba7upzb.png,png,2176959,d2f9af74e365da77c2153594110a71e17c18cae34f44506ceaa057d75be5c82e,2026-07-28T13:24:03+00:00,concept-art,candidate,MZ-CHAR-006,,no,,none (byte-for-byte copy),Per-character concept renders. NOT approved canon - classified `candidate`. Useful for expression and pose ideas; must not override approved canon.
character-concept-art,I:\MonkeyZoo Comic Strip\Fusion Squad\Bible and other files\scarline\Gemini_Generated_Image_ybc5ztybc5ztybc5.png,source_material/visual_references/character_concepts/scarline/Gemini_Generated_Image_ybc5ztybc5ztybc5.png,Gemini_Generated_Image_ybc5ztybc5ztybc5.png,png,1669038,18c3b6d7f36d0c54fb9a42878d5b3d02b89d0c95f3b838c8d844c9800b742a16,2026-07-28T13:24:03+00:00,concept-art,candidate,MZ-CHAR-006,,no,,none (byte-for-byte copy),Per-character concept renders. NOT approved canon - classified `candidate`. Useful for expression and pose ideas; must not override approved canon.
character-concept-art,I:\MonkeyZoo Comic Strip\Fusion Squad\Bible and other files\Static\Gemini_Generated_Image_2yvx1s2yvx1s2yvx.png,source_material/visual_references/character_concepts/Static/Gemini_Generated_Image_2yvx1s2yvx1s2yvx.png,Gemini_Generated_Image_2yvx1s2yvx1s2yvx.png,png,1528651,29eb1b4c7337f34fdca72c0ffdff8e3b3cb7b51371c030c02c50cafc377aa16d,2026-07-28T13:24:03+00:00,concept-art,candidate,MZ-CHAR-003,,no,,none (byte-for-byte copy),Per-character concept renders. NOT approved canon - classified `candidate`. Useful for expression and pose ideas; must not override approved canon.
character-concept-art,I:\MonkeyZoo Comic Strip\Fusion Squad\Bible and other files\Static\Gemini_Generated_Image_77ja9i77ja9i77ja.png,source_material/visual_references/character_concepts/Static/Gemini_Generated_Image_77ja9i77ja9i77ja.png,Gemini_Generated_Image_77ja9i77ja9i77ja.png,png,6448190,4315b6929183b45aad81be62804d2d333fb506b01b5f4f340694d3a519d2e7c9,2026-07-28T13:24:03+00:00,concept-art,candidate,MZ-CHAR-003,,no,,none (byte-for-byte copy),Per-character concept renders. NOT approved canon - classified `candidate`. Useful for expression and pose ideas; must not override approved canon.
character-concept-art,I:\MonkeyZoo Comic Strip\Fusion Squad\Bible and other files\Static\Gemini_Generated_Image_9e1app9e1app9e1a.png,source_material/visual_references/character_concepts/Static/Gemini_Generated_Image_9e1app9e1app9e1a.png,Gemini_Generated_Image_9e1app9e1app9e1a.png,png,1386355,2dd5c7c1b442e52d8ec462f41a8aed8476162a75ef79fe27d3336a86cf7731cd,2026-07-28T13:24:03+00:00,concept-art,candidate,MZ-CHAR-003,,no,,none (byte-for-byte copy),Per-character concept renders. NOT approved canon - classified `candidate`. Useful for expression and pose ideas; must not override approved canon.
character-concept-art,I:\MonkeyZoo Comic Strip\Fusion Squad\Bible and other files\Static\Gemini_Generated_Image_easutreasutreasu.png,source_material/visual_references/character_concepts/Static/Gemini_Generated_Image_easutreasutreasu.png,Gemini_Generated_Image_easutreasutreasu.png,png,2123824,347e0d17aaf43568724fae252472d9d9c77206621f3d25e93dd40e085c5351da,2026-07-28T13:24:03+00:00,concept-art,candidate,MZ-CHAR-003,,no,,none (byte-for-byte copy),Per-character concept renders. NOT approved canon - classified `candidate`. Useful for expression and pose ideas; must not override approved canon.
character-concept-art,I:\MonkeyZoo Comic Strip\Fusion Squad\Bible and other files\Static\Gemini_Generated_Image_engv21engv21engv.png,source_material/visual_references/character_concepts/Static/Gemini_Generated_Image_engv21engv21engv.png,Gemini_Generated_Image_engv21engv21engv.png,png,3784171,c4fe64bbe4ecdf67ac6c9d570aefa67a50e6e0a7e2ae0e817627280f405c9848,2026-07-28T13:24:03+00:00,concept-art,candidate,MZ-CHAR-003,,no,,none (byte-for-byte copy),Per-character concept renders. NOT approved canon - classified `candidate`. Useful for expression and pose ideas; must not override approved canon.
character-concept-art,I:\MonkeyZoo Comic Strip\Fusion Squad\Bible and other files\Static\Gemini_Generated_Image_ezkd3gezkd3gezkd.png,source_material/visual_references/character_concepts/Static/Gemini_Generated_Image_ezkd3gezkd3gezkd.png,Gemini_Generated_Image_ezkd3gezkd3gezkd.png,png,1307453,669fe7d8d11747984ac12cd93564d96940b5708a0125b5c56646d578eb9dce90,2026-07-28T13:24:03+00:00,concept-art,candidate,MZ-CHAR-003,,no,,none (byte-for-byte copy),Per-character concept renders. NOT approved canon - classified `candidate`. Useful for expression and pose ideas; must not override approved canon.
character-concept-art,I:\MonkeyZoo Comic Strip\Fusion Squad\Bible and other files\Static\Gemini_Generated_Image_gjkdtkgjkdtkgjkd.png,source_material/visual_references/character_concepts/Static/Gemini_Generated_Image_gjkdtkgjkdtkgjkd.png,Gemini_Generated_Image_gjkdtkgjkdtkgjkd.png,png,1692086,bfff22a1cac2904bd34ed83730a0970086968b0e159579ba213883b55f038785,2026-07-28T13:24:03+00:00,concept-art,candidate,MZ-CHAR-003,,no,,none (byte-for-byte copy),Per-character concept renders. NOT approved canon - classified `candidate`. Useful for expression and pose ideas; must not override approved canon.
character-concept-art,I:\MonkeyZoo Comic Strip\Fusion Squad\Bible and other files\Static\Gemini_Generated_Image_ih1nttih1nttih1n.png,source_material/visual_references/character_concepts/Static/Gemini_Generated_Image_ih1nttih1nttih1n.png,Gemini_Generated_Image_ih1nttih1nttih1n.png,png,5116003,703c8e7cb38cb9508bbefb66e913709dfb9a12e1a01f8ec251793fdd6e81e155,2026-07-28T13:24:03+00:00,concept-art,candidate,MZ-CHAR-003,,no,,none (byte-for-byte copy),Per-character concept renders. NOT approved canon - classified `candidate`. Useful for expression and pose ideas; must not override approved canon.
character-concept-art,I:\MonkeyZoo Comic Strip\Fusion Squad\Bible and other files\Static\Gemini_Generated_Image_p9ece4p9ece4p9ec.png,source_material/visual_references/character_concepts/Static/Gemini_Generated_Image_p9ece4p9ece4p9ec.png,Gemini_Generated_Image_p9ece4p9ece4p9ec.png,png,5753252,b5a3c41fc120c003840427df45cfd8b91c2a66fd6671ec17c7c975e3763f5b89,2026-07-28T13:24:03+00:00,concept-art,candidate,MZ-CHAR-003,,no,,none (byte-for-byte copy),Per-character concept renders. NOT approved canon - classified `candidate`. Useful for expression and pose ideas; must not override approved canon.
character-concept-art,I:\MonkeyZoo Comic Strip\Fusion Squad\Bible and other files\Static\Gemini_Generated_Image_pgd0pipgd0pipgd0.png,source_material/visual_references/character_concepts/Static/Gemini_Generated_Image_pgd0pipgd0pipgd0.png,Gemini_Generated_Image_pgd0pipgd0pipgd0.png,png,1586295,e9ec8c7d4187e15bf83643893c87c48dd45796f962ba9ce8be6d4cbcfcbbc4d8,2026-07-28T13:24:03+00:00,concept-art,candidate,MZ-CHAR-003,,no,,none (byte-for-byte copy),Per-character concept renders. NOT approved canon - classified `candidate`. Useful for expression and pose ideas; must not override approved canon.
character-concept-art,I:\MonkeyZoo Comic Strip\Fusion Squad\Bible and other files\Static\Gemini_Generated_Image_po7i0rpo7i0rpo7i.png,source_material/visual_references/character_concepts/Static/Gemini_Generated_Image_po7i0rpo7i0rpo7i.png,Gemini_Generated_Image_po7i0rpo7i0rpo7i.png,png,1424118,918f0574a13a978d8afb88f1e6d426d4f67ea784434e5c0d4e77b466cb8d2b4b,2026-07-28T13:24:03+00:00,concept-art,candidate,MZ-CHAR-003,,no,,none (byte-for-byte copy),Per-character concept renders. NOT approved canon - classified `candidate`. Useful for expression and pose ideas; must not override approved canon.
character-concept-art,I:\MonkeyZoo Comic Strip\Fusion Squad\Bible and other files\Static\Gemini_Generated_Image_sel1bhsel1bhsel1.png,source_material/visual_references/character_concepts/Static/Gemini_Generated_Image_sel1bhsel1bhsel1.png,Gemini_Generated_Image_sel1bhsel1bhsel1.png,png,1443876,60b8e094975d8ca9ba62ae334406cfdbbe35490616a9420460418a2fcca78ce4,2026-07-28T13:24:03+00:00,concept-art,candidate,MZ-CHAR-003,,no,,none (byte-for-byte copy),Per-character concept renders. NOT approved canon - classified `candidate`. Useful for expression and pose ideas; must not override approved canon.
character-concept-art,I:\MonkeyZoo Comic Strip\Fusion Squad\Bible and other files\Static\Gemini_Generated_Image_spgd1hspgd1hspgd.png,source_material/visual_references/character_concepts/Static/Gemini_Generated_Image_spgd1hspgd1hspgd.png,Gemini_Generated_Image_spgd1hspgd1hspgd.png,png,7213271,b9b81d3925aa7a1431bdf75507eb2f422d5230821667a284e08b2d122a216e83,2026-07-28T13:24:03+00:00,concept-art,candidate,MZ-CHAR-003,,no,,none (byte-for-byte copy),Per-character concept renders. NOT approved canon - classified `candidate`. Useful for expression and pose ideas; must not override approved canon.
character-concept-art,I:\MonkeyZoo Comic Strip\Fusion Squad\Bible and other files\Static\Gemini_Generated_Image_tlj9yrtlj9yrtlj9.png,source_material/visual_references/character_concepts/Static/Gemini_Generated_Image_tlj9yrtlj9yrtlj9.png,Gemini_Generated_Image_tlj9yrtlj9yrtlj9.png,png,8081000,13a4f193796c7bf28e0f5467f30675ddd54c03f419bedb00e160756eb070099f,2026-07-28T13:24:03+00:00,concept-art,candidate,MZ-CHAR-003,,no,,none (byte-for-byte copy),Per-character concept renders. NOT approved canon - classified `candidate`. Useful for expression and pose ideas; must not override approved canon.
character-concept-art,I:\MonkeyZoo Comic Strip\Fusion Squad\Bible and other files\Static\Gemini_Generated_Image_vbzwctvbzwctvbzw.png,source_material/visual_references/character_concepts/Static/Gemini_Generated_Image_vbzwctvbzwctvbzw.png,Gemini_Generated_Image_vbzwctvbzwctvbzw.png,png,2285177,bab0e31a01b4a8dfa99ec248a58d41a39796a02f540419811c08a7dd05d9d90d,2026-07-28T13:24:03+00:00,concept-art,candidate,MZ-CHAR-003,,no,,none (byte-for-byte copy),Per-character concept renders. NOT approved canon - classified `candidate`. Useful for expression and pose ideas; must not override approved canon.
character-concept-art,I:\MonkeyZoo Comic Strip\Fusion Squad\Bible and other files\Static\Gemini_Generated_Image_x0nsrdx0nsrdx0ns.png,source_material/visual_references/character_concepts/Static/Gemini_Generated_Image_x0nsrdx0nsrdx0ns.png,Gemini_Generated_Image_x0nsrdx0nsrdx0ns.png,png,1948187,5272f107ec249ade614c9bac95af0c656b51d639f0476990284b7baba92690b9,2026-07-28T13:24:03+00:00,concept-art,candidate,MZ-CHAR-003,,no,,none (byte-for-byte copy),Per-character concept renders. NOT approved canon - classified `candidate`. Useful for expression and pose ideas; must not override approved canon.
character-concept-art,I:\MonkeyZoo Comic Strip\Fusion Squad\Bible and other files\Static\Gemini_Generated_Image_x7f8rix7f8rix7f8.png,source_material/visual_references/character_concepts/Static/Gemini_Generated_Image_x7f8rix7f8rix7f8.png,Gemini_Generated_Image_x7f8rix7f8rix7f8.png,png,1779277,1dca8ca532898b48d519ea3121241c287a67047f9a9fc1c6a70af33c10661dbf,2026-07-28T13:24:03+00:00,concept-art,candidate,MZ-CHAR-003,,no,,none (byte-for-byte copy),Per-character concept renders. NOT approved canon - classified `candidate`. Useful for expression and pose ideas; must not override approved canon.
mango-pier-panels,I:\MonkeyZoo Comic Strip\Fusion Squad\MonkeyZoo_Comic_Factory\02_MONTHLY_ISSUES\2026-07_Mango_Pier\generated_art\selected_panels\MZ-2026-07-MANGO_P01_PANEL01.png,source_material/visual_references/mango-pier/panels/MZ-2026-07-MANGO_P01_PANEL01.png,MZ-2026-07-MANGO_P01_PANEL01.png,png,1112029,8e0d3aff7b2beece1b90c4b8d30a30cf2755e608a9343788806ff3bd97e5a29d,2026-07-28T13:24:03+00:00,style-reference,approved-reference,,issue-mango-pier,no,,none (byte-for-byte copy),"Closest approved rendering of the MonkeyZoo house style. Use for colour, line, finish and mood. Do NOT copy its staging monotony."
mango-pier-panels,I:\MonkeyZoo Comic Strip\Fusion Squad\MonkeyZoo_Comic_Factory\02_MONTHLY_ISSUES\2026-07_Mango_Pier\generated_art\selected_panels\MZ-2026-07-MANGO_P01_PANEL02.png,source_material/visual_references/mango-pier/panels/MZ-2026-07-MANGO_P01_PANEL02.png,MZ-2026-07-MANGO_P01_PANEL02.png,png,1063930,436c3a01c569226683087d43ec3b5172307d7e75754ed4de663bb48b05e42805,2026-07-28T13:24:03+00:00,style-reference,approved-reference,,issue-mango-pier,no,,none (byte-for-byte copy),"Closest approved rendering of the MonkeyZoo house style. Use for colour, line, finish and mood. Do NOT copy its staging monotony."
mango-pier-panels,I:\MonkeyZoo Comic Strip\Fusion Squad\MonkeyZoo_Comic_Factory\02_MONTHLY_ISSUES\2026-07_Mango_Pier\generated_art\selected_panels\MZ-2026-07-MANGO_P02_PANEL01.png,source_material/visual_references/mango-pier/panels/MZ-2026-07-MANGO_P02_PANEL01.png,MZ-2026-07-MANGO_P02_PANEL01.png,png,996531,8403b6fcbe8a21e3341bf3c16593bdd31ef254880b183dd874c9cdef31ef1ad9,2026-07-28T13:24:03+00:00,style-reference,approved-reference,,issue-mango-pier,no,,none (byte-for-byte copy),"Closest approved rendering of the MonkeyZoo house style. Use for colour, line, finish and mood. Do NOT copy its staging monotony."
mango-pier-panels,I:\MonkeyZoo Comic Strip\Fusion Squad\MonkeyZoo_Comic_Factory\02_MONTHLY_ISSUES\2026-07_Mango_Pier\generated_art\selected_panels\MZ-2026-07-MANGO_P02_PANEL02.png,source_material/visual_references/mango-pier/panels/MZ-2026-07-MANGO_P02_PANEL02.png,MZ-2026-07-MANGO_P02_PANEL02.png,png,1072415,fec4fa9e3642360ed88db7567474cedbec659bb60ad678731306c41e08114a4b,2026-07-28T13:24:03+00:00,style-reference,approved-reference,,issue-mango-pier,no,,none (byte-for-byte copy),"Closest approved rendering of the MonkeyZoo house style. Use for colour, line, finish and mood. Do NOT copy its staging monotony."
mango-pier-panels,I:\MonkeyZoo Comic Strip\Fusion Squad\MonkeyZoo_Comic_Factory\02_MONTHLY_ISSUES\2026-07_Mango_Pier\generated_art\selected_panels\MZ-2026-07-MANGO_P02_PANEL03.png,source_material/visual_references/mango-pier/panels/MZ-2026-07-MANGO_P02_PANEL03.png,MZ-2026-07-MANGO_P02_PANEL03.png,png,999284,4e3f5a0b5f0e6fa8a038fac9bd86afc8a741f57a5c3179c01f41787099e23709,2026-07-28T13:24:03+00:00,style-reference,approved-reference,,issue-mango-pier,no,,none (byte-for-byte copy),"Closest approved rendering of the MonkeyZoo house style. Use for colour, line, finish and mood. Do NOT copy its staging monotony."
mango-pier-panels,I:\MonkeyZoo Comic Strip\Fusion Squad\MonkeyZoo_Comic_Factory\02_MONTHLY_ISSUES\2026-07_Mango_Pier\generated_art\selected_panels\MZ-2026-07-MANGO_P03_PANEL01.png,source_material/visual_references/mango-pier/panels/MZ-2026-07-MANGO_P03_PANEL01.png,MZ-2026-07-MANGO_P03_PANEL01.png,png,1554959,ca181a3c955fd152eadaacf4aa76695ee8aeafbd2f7a084ae432229b6ac59137,2026-07-28T13:24:03+00:00,style-reference,approved-reference,,issue-mango-pier,no,,none (byte-for-byte copy),"Closest approved rendering of the MonkeyZoo house style. Use for colour, line, finish and mood. Do NOT copy its staging monotony."
mango-pier-panels,I:\MonkeyZoo Comic Strip\Fusion Squad\MonkeyZoo_Comic_Factory\02_MONTHLY_ISSUES\2026-07_Mango_Pier\generated_art\selected_panels\MZ-2026-07-MANGO_P03_PANEL02.png,source_material/visual_references/mango-pier/panels/MZ-2026-07-MANGO_P03_PANEL02.png,MZ-2026-07-MANGO_P03_PANEL02.png,png,836374,6156d0b5b15215b219c92abf956b261d629a206d6922e86b31529ec21c6185c1,2026-07-28T13:24:03+00:00,style-reference,approved-reference,,issue-mango-pier,no,,none (byte-for-byte copy),"Closest approved rendering of the MonkeyZoo house style. Use for colour, line, finish and mood. Do NOT copy its staging monotony."
mango-pier-panels,I:\MonkeyZoo Comic Strip\Fusion Squad\MonkeyZoo_Comic_Factory\02_MONTHLY_ISSUES\2026-07_Mango_Pier\generated_art\selected_panels\MZ-2026-07-MANGO_P03_PANEL03.png,source_material/visual_references/mango-pier/panels/MZ-2026-07-MANGO_P03_PANEL03.png,MZ-2026-07-MANGO_P03_PANEL03.png,png,586774,53a097ece6491b5da40da51564a7fb5a056c844b617961cff7575af18044553b,2026-07-28T13:24:03+00:00,style-reference,approved-reference,,issue-mango-pier,no,,none (byte-for-byte copy),"Closest approved rendering of the MonkeyZoo house style. Use for colour, line, finish and mood. Do NOT copy its staging monotony."
mango-pier-panels,I:\MonkeyZoo Comic Strip\Fusion Squad\MonkeyZoo_Comic_Factory\02_MONTHLY_ISSUES\2026-07_Mango_Pier\generated_art\selected_panels\MZ-2026-07-MANGO_P04_PANEL01.png,source_material/visual_references/mango-pier/panels/MZ-2026-07-MANGO_P04_PANEL01.png,MZ-2026-07-MANGO_P04_PANEL01.png,png,833658,4bc30b4172a7c64ab69d57df463c4470ef3a3f55c41e14f2d3aed17670263436,2026-07-28T13:24:03+00:00,style-reference,approved-reference,,issue-mango-pier,no,,none (byte-for-byte copy),"Closest approved rendering of the MonkeyZoo house style. Use for colour, line, finish and mood. Do NOT copy its staging monotony."
mango-pier-panels,I:\MonkeyZoo Comic Strip\Fusion Squad\MonkeyZoo_Comic_Factory\02_MONTHLY_ISSUES\2026-07_Mango_Pier\generated_art\selected_panels\MZ-2026-07-MANGO_P04_PANEL02.png,source_material/visual_references/mango-pier/panels/MZ-2026-07-MANGO_P04_PANEL02.png,MZ-2026-07-MANGO_P04_PANEL02.png,png,930790,f0d256513c5d352a06ee70b013ab11393ad6664c4a9e5e20778463e9afa3fdd2,2026-07-28T13:24:03+00:00,style-reference,approved-reference,,issue-mango-pier,no,,none (byte-for-byte copy),"Closest approved rendering of the MonkeyZoo house style. Use for colour, line, finish and mood. Do NOT copy its staging monotony."
mango-pier-panels,I:\MonkeyZoo Comic Strip\Fusion Squad\MonkeyZoo_Comic_Factory\02_MONTHLY_ISSUES\2026-07_Mango_Pier\generated_art\selected_panels\MZ-2026-07-MANGO_P05_PANEL01.png,source_material/visual_references/mango-pier/panels/MZ-2026-07-MANGO_P05_PANEL01.png,MZ-2026-07-MANGO_P05_PANEL01.png,png,859592,a6d8257069b1ff381c9bb197affbfb7b2989baa02bd0ef35970fe0ed46706ce3,2026-07-28T13:24:03+00:00,style-reference,approved-reference,,issue-mango-pier,no,,none (byte-for-byte copy),"Closest approved rendering of the MonkeyZoo house style. Use for colour, line, finish and mood. Do NOT copy its staging monotony."
mango-pier-panels,I:\MonkeyZoo Comic Strip\Fusion Squad\MonkeyZoo_Comic_Factory\02_MONTHLY_ISSUES\2026-07_Mango_Pier\generated_art\selected_panels\MZ-2026-07-MANGO_P05_PANEL02.png,source_material/visual_references/mango-pier/panels/MZ-2026-07-MANGO_P05_PANEL02.png,MZ-2026-07-MANGO_P05_PANEL02.png,png,1327108,a9e49e9052387cd9fe852e20e582b4e1195b9987f59dee3c91fea7c1edac52e8,2026-07-28T13:24:03+00:00,style-reference,approved-reference,,issue-mango-pier,no,,none (byte-for-byte copy),"Closest approved rendering of the MonkeyZoo house style. Use for colour, line, finish and mood. Do NOT copy its staging monotony."
mango-pier-panels,I:\MonkeyZoo Comic Strip\Fusion Squad\MonkeyZoo_Comic_Factory\02_MONTHLY_ISSUES\2026-07_Mango_Pier\generated_art\selected_panels\MZ-2026-07-MANGO_P05_PANEL03.png,source_material/visual_references/mango-pier/panels/MZ-2026-07-MANGO_P05_PANEL03.png,MZ-2026-07-MANGO_P05_PANEL03.png,png,813190,1372708d166e7a70d5cf79312b3b612fbb19366ca4c741f70ca4607e4b42bc58,2026-07-28T13:24:03+00:00,style-reference,approved-reference,,issue-mango-pier,no,,none (byte-for-byte copy),"Closest approved rendering of the MonkeyZoo house style. Use for colour, line, finish and mood. Do NOT copy its staging monotony."
mango-pier-panels,I:\MonkeyZoo Comic Strip\Fusion Squad\MonkeyZoo_Comic_Factory\02_MONTHLY_ISSUES\2026-07_Mango_Pier\generated_art\selected_panels\MZ-2026-07-MANGO_P06_PANEL01.png,source_material/visual_references/mango-pier/panels/MZ-2026-07-MANGO_P06_PANEL01.png,MZ-2026-07-MANGO_P06_PANEL01.png,png,941031,6e4d432a2dc29be191082a23f7b25ce34a725c69f7d8a4e3f932a35357684826,2026-07-28T13:24:03+00:00,style-reference,approved-reference,,issue-mango-pier,no,,none (byte-for-byte copy),"Closest approved rendering of the MonkeyZoo house style. Use for colour, line, finish and mood. Do NOT copy its staging monotony."
mango-pier-panels,I:\MonkeyZoo Comic Strip\Fusion Squad\MonkeyZoo_Comic_Factory\02_MONTHLY_ISSUES\2026-07_Mango_Pier\generated_art\selected_panels\MZ-2026-07-MANGO_P06_PANEL02.png,source_material/visual_references/mango-pier/panels/MZ-2026-07-MANGO_P06_PANEL02.png,MZ-2026-07-MANGO_P06_PANEL02.png,png,957303,81cc8a2813ef6235ecdf88986016d872b769f67086bb7353c672e7fe415fd4e9,2026-07-28T13:24:03+00:00,style-reference,approved-reference,,issue-mango-pier,no,,none (byte-for-byte copy),"Closest approved rendering of the MonkeyZoo house style. Use for colour, line, finish and mood. Do NOT copy its staging monotony."
mango-pier-panels,I:\MonkeyZoo Comic Strip\Fusion Squad\MonkeyZoo_Comic_Factory\02_MONTHLY_ISSUES\2026-07_Mango_Pier\generated_art\selected_panels\MZ-2026-07-MANGO_P07_PANEL01.png,source_material/visual_references/mango-pier/panels/MZ-2026-07-MANGO_P07_PANEL01.png,MZ-2026-07-MANGO_P07_PANEL01.png,png,1026711,9058329dda464f12b6bfabd2e0f81dd7df85886109d95be80edfe6102cc52fac,2026-07-28T13:24:03+00:00,style-reference,approved-reference,,issue-mango-pier,no,,none (byte-for-byte copy),"Closest approved rendering of the MonkeyZoo house style. Use for colour, line, finish and mood. Do NOT copy its staging monotony."
mango-pier-panels,I:\MonkeyZoo Comic Strip\Fusion Squad\MonkeyZoo_Comic_Factory\02_MONTHLY_ISSUES\2026-07_Mango_Pier\generated_art\selected_panels\MZ-2026-07-MANGO_P07_PANEL02.png,source_material/visual_references/mango-pier/panels/MZ-2026-07-MANGO_P07_PANEL02.png,MZ-2026-07-MANGO_P07_PANEL02.png,png,959000,fa3da2902c2837a278ada7083e62e24b04df6e1b2766854d0085a33a533b1c58,2026-07-28T13:24:03+00:00,style-reference,approved-reference,,issue-mango-pier,no,,none (byte-for-byte copy),"Closest approved rendering of the MonkeyZoo house style. Use for colour, line, finish and mood. Do NOT copy its staging monotony."
mango-pier-panels,I:\MonkeyZoo Comic Strip\Fusion Squad\MonkeyZoo_Comic_Factory\02_MONTHLY_ISSUES\2026-07_Mango_Pier\generated_art\selected_panels\MZ-2026-07-MANGO_P07_PANEL03.png,source_material/visual_references/mango-pier/panels/MZ-2026-07-MANGO_P07_PANEL03.png,MZ-2026-07-MANGO_P07_PANEL03.png,png,903534,2c7b6f0ec182e3ed49d6706e564ab5fbbf7a99d008f04b2b92dcb9b4c38da059,2026-07-28T13:24:03+00:00,style-reference,approved-reference,,issue-mango-pier,no,,none (byte-for-byte copy),"Closest approved rendering of the MonkeyZoo house style. Use for colour, line, finish and mood. Do NOT copy its staging monotony."
mango-pier-panels,I:\MonkeyZoo Comic Strip\Fusion Squad\MonkeyZoo_Comic_Factory\02_MONTHLY_ISSUES\2026-07_Mango_Pier\generated_art\selected_panels\MZ-2026-07-MANGO_P08_PANEL01.png,source_material/visual_references/mango-pier/panels/MZ-2026-07-MANGO_P08_PANEL01.png,MZ-2026-07-MANGO_P08_PANEL01.png,png,973492,3c63b7b45c02fef820b9c6e9b3b3ffe4464f6491ace557f64ff8c38ffd55f178,2026-07-28T13:24:03+00:00,style-reference,approved-reference,,issue-mango-pier,no,,none (byte-for-byte copy),"Closest approved rendering of the MonkeyZoo house style. Use for colour, line, finish and mood. Do NOT copy its staging monotony."
mango-pier-panels,I:\MonkeyZoo Comic Strip\Fusion Squad\MonkeyZoo_Comic_Factory\02_MONTHLY_ISSUES\2026-07_Mango_Pier\generated_art\selected_panels\MZ-2026-07-MANGO_P08_PANEL02.png,source_material/visual_references/mango-pier/panels/MZ-2026-07-MANGO_P08_PANEL02.png,MZ-2026-07-MANGO_P08_PANEL02.png,png,820410,76cce6f718308bc6777a2cc2ddb2b2ebe2c26975ec18c5b12af47bb93db6ca84,2026-07-28T13:24:03+00:00,style-reference,approved-reference,,issue-mango-pier,no,,none (byte-for-byte copy),"Closest approved rendering of the MonkeyZoo house style. Use for colour, line, finish and mood. Do NOT copy its staging monotony."
mango-pier-pages,I:\MonkeyZoo Comic Strip\Fusion Squad\MonkeyZoo_Comic_Factory\02_MONTHLY_ISSUES\2026-07_Mango_Pier\layout\print_layout\page_01.png,source_material/visual_references/mango-pier/pages/page_01.png,page_01.png,png,5746866,cedcacaf1e0c3ff93e9420e38f03965e08d962e5e70a6eac7e18b4728ff8cac5,2026-07-28T13:24:03+00:00,page-layout-reference,approved-reference,,issue-mango-pier,no,,none (byte-for-byte copy),
mango-pier-pages,I:\MonkeyZoo Comic Strip\Fusion Squad\MonkeyZoo_Comic_Factory\02_MONTHLY_ISSUES\2026-07_Mango_Pier\layout\print_layout\page_02.png,source_material/visual_references/mango-pier/pages/page_02.png,page_02.png,png,5707357,395d2bf456b1e01a444fb79ea297ac8f292e73ebc4d0080015c5345c436948b6,2026-07-28T13:24:03+00:00,page-layout-reference,approved-reference,,issue-mango-pier,no,,none (byte-for-byte copy),
mango-pier-pages,I:\MonkeyZoo Comic Strip\Fusion Squad\MonkeyZoo_Comic_Factory\02_MONTHLY_ISSUES\2026-07_Mango_Pier\layout\print_layout\page_03.png,source_material/visual_references/mango-pier/pages/page_03.png,page_03.png,png,5188908,361be71a6444de00101d678933e9ffc7debb4148508d6b92b9b0b16d2756449e,2026-07-28T13:24:03+00:00,page-layout-reference,approved-reference,,issue-mango-pier,no,,none (byte-for-byte copy),
mango-pier-pages,I:\MonkeyZoo Comic Strip\Fusion Squad\MonkeyZoo_Comic_Factory\02_MONTHLY_ISSUES\2026-07_Mango_Pier\layout\print_layout\page_04.png,source_material/visual_references/mango-pier/pages/page_04.png,page_04.png,png,4832061,36ae9727ac6c82e84fa55dbe1ebcc4dddffcdac0806becac069bee515f9427da,2026-07-28T13:24:03+00:00,page-layout-reference,approved-reference,,issue-mango-pier,no,,none (byte-for-byte copy),
mango-pier-pages,I:\MonkeyZoo Comic Strip\Fusion Squad\MonkeyZoo_Comic_Factory\02_MONTHLY_ISSUES\2026-07_Mango_Pier\layout\print_layout\page_05.png,source_material/visual_references/mango-pier/pages/page_05.png,page_05.png,png,5026627,88b185ed2638d16c5497e919d61adc46c64ee607efdbd8108beaa0519518d5a2,2026-07-28T13:24:03+00:00,page-layout-reference,approved-reference,,issue-mango-pier,no,,none (byte-for-byte copy),
mango-pier-pages,I:\MonkeyZoo Comic Strip\Fusion Squad\MonkeyZoo_Comic_Factory\02_MONTHLY_ISSUES\2026-07_Mango_Pier\layout\print_layout\page_06.png,source_material/visual_references/mango-pier/pages/page_06.png,page_06.png,png,5000492,9175d28f11875a9aa09dc17e2b3603dd10d8ee2b1df339b14a059033d4d541e8,2026-07-28T13:24:03+00:00,page-layout-reference,approved-reference,,issue-mango-pier,no,,none (byte-for-byte copy),
mango-pier-pages,I:\MonkeyZoo Comic Strip\Fusion Squad\MonkeyZoo_Comic_Factory\02_MONTHLY_ISSUES\2026-07_Mango_Pier\layout\print_layout\page_07.png,source_material/visual_references/mango-pier/pages/page_07.png,page_07.png,png,5762638,9593582e480b50efdcba266e8007e45fe9788505097b22f7e3b7a393532a59d2,2026-07-28T13:24:03+00:00,page-layout-reference,approved-reference,,issue-mango-pier,no,,none (byte-for-byte copy),
mango-pier-pages,I:\MonkeyZoo Comic Strip\Fusion Squad\MonkeyZoo_Comic_Factory\02_MONTHLY_ISSUES\2026-07_Mango_Pier\layout\print_layout\page_08.png,source_material/visual_references/mango-pier/pages/page_08.png,page_08.png,png,5154843,d8462fcf60436b89e9b726b8d59b9a5fdbc3740ff5540c60ad0e5a954483f014,2026-07-28T13:24:03+00:00,page-layout-reference,approved-reference,,issue-mango-pier,no,,none (byte-for-byte copy),
mango-pier-docs,I:\MonkeyZoo Comic Strip\Fusion Squad\MonkeyZoo_Comic_Factory\02_MONTHLY_ISSUES\2026-07_Mango_Pier\art_prompt_pack.json,source_material/visual_references/mango-pier/art_prompt_pack.json,art_prompt_pack.json,json,36128,f9f0601c8cd6ae7a481742884c2b71f4bcbf6fff46a4f0994b94e4390fd9b773,2026-07-28T13:24:03+00:00,issue-record,approved-reference,,issue-mango-pier,yes,,none (byte-for-byte copy),
mango-pier-docs,I:\MonkeyZoo Comic Strip\Fusion Squad\MonkeyZoo_Comic_Factory\02_MONTHLY_ISSUES\2026-07_Mango_Pier\generation_log.md,source_material/visual_references/mango-pier/generation_log.md,generation_log.md,md,1186,f6471110e80ec1628a6791f5cd84c51b13b95b2a1bd026a4c79dd127b85864bb,2026-07-28T13:24:03+00:00,issue-record,approved-reference,,issue-mango-pier,yes,,none (byte-for-byte copy),
mango-pier-docs,I:\MonkeyZoo Comic Strip\Fusion Squad\MonkeyZoo_Comic_Factory\02_MONTHLY_ISSUES\2026-07_Mango_Pier\issue_brief.md,source_material/visual_references/mango-pier/issue_brief.md,issue_brief.md,md,1030,be5a4455862dbef40b3b323ea00fd0e0ed7c6c747c5f2d8d2a25e1d8b59bfe7d,2026-07-28T13:24:03+00:00,issue-record,approved-reference,,issue-mango-pier,yes,,none (byte-for-byte copy),
mango-pier-docs,I:\MonkeyZoo Comic Strip\Fusion Squad\MonkeyZoo_Comic_Factory\02_MONTHLY_ISSUES\2026-07_Mango_Pier\issue_script.md,source_material/visual_references/mango-pier/issue_script.md,issue_script.md,md,8399,f5586311f54683bbda029b103e51a874c10544cd6b1567d63d191614dc1631b7,2026-07-28T13:24:03+00:00,issue-record,approved-reference,,issue-mango-pier,yes,,none (byte-for-byte copy),
mango-pier-docs,I:\MonkeyZoo Comic Strip\Fusion Squad\MonkeyZoo_Comic_Factory\02_MONTHLY_ISSUES\2026-07_Mango_Pier\metadata.json,source_material/visual_references/mango-pier/metadata.json,metadata.json,json,793,e88486b52a2bae3b7791782c2644539984b6202640caca7be0da984b8a7ae593,2026-07-28T13:24:03+00:00,issue-record,approved-reference,,issue-mango-pier,yes,,none (byte-for-byte copy),
mango-pier-docs,I:\MonkeyZoo Comic Strip\Fusion Squad\MonkeyZoo_Comic_Factory\02_MONTHLY_ISSUES\2026-07_Mango_Pier\page_panel_plan.json,source_material/visual_references/mango-pier/page_panel_plan.json,page_panel_plan.json,json,30346,821717efcec166e5baf216fda62e249e0ed00eab0aac7ad40e0d8e52d4fc7d65,2026-07-28T13:24:03+00:00,issue-record,approved-reference,,issue-mango-pier,yes,,none (byte-for-byte copy),
mango-pier-docs,I:\MonkeyZoo Comic Strip\Fusion Squad\MonkeyZoo_Comic_Factory\02_MONTHLY_ISSUES\2026-07_Mango_Pier\qa_report.md,source_material/visual_references/mango-pier/qa_report.md,qa_report.md,md,1394,c66ee88bdf23277ccc475b60d518a8346179f7411ad695e306bfcab50dd29cc2,2026-07-28T13:24:03+00:00,issue-record,approved-reference,,issue-mango-pier,yes,,none (byte-for-byte copy),
mango-pier-cover,I:\MonkeyZoo Comic Strip\Fusion Squad\MonkeyZoo_Comic_Factory\02_MONTHLY_ISSUES\2026-07_Mango_Pier\exports\cover.png,source_material/visual_references/mango-pier/cover.png,cover.png,png,1231462,f2d0a524730b485a76abd066331ff482f51f75044649374b114e5accb26902bf,2026-07-28T13:24:03+00:00,cover-reference,approved-reference,,issue-mango-pier,no,,none (byte-for-byte copy),
legacy-issue01-docs,I:\MonkeyZoo Comic Strip\Fusion Squad\MonkeyZoo_Comic_Factory\02_MONTHLY_ISSUES\2026-08_Issue_01\.workflow-status.json,source_material/legacy_reference/issue-001-2026-08/.workflow-status.json,.workflow-status.json,json,5268,caf6da06edf33fc4671ab5c29d029af9ce94e515e84b4082602386c4a0ea852d,2026-07-28T13:24:03+00:00,legacy-issue-record,historical-reference,,issue-001,yes,,none (byte-for-byte copy),The previous Issue 001 production record. Script and outline are useful. The QA report is evidence of the gate failure this rebuild must correct.
legacy-issue01-docs,I:\MonkeyZoo Comic Strip\Fusion Squad\MonkeyZoo_Comic_Factory\02_MONTHLY_ISSUES\2026-08_Issue_01\art_prompt_pack.json,source_material/legacy_reference/issue-001-2026-08/art_prompt_pack.json,art_prompt_pack.json,json,50181,ea3122bd4796237ed1eec1e0eb953e9c24d8311fb68b79726b5134d596f76859,2026-07-28T13:24:03+00:00,legacy-issue-record,historical-reference,,issue-001,yes,,none (byte-for-byte copy),The previous Issue 001 production record. Script and outline are useful. The QA report is evidence of the gate failure this rebuild must correct.
legacy-issue01-docs,I:\MonkeyZoo Comic Strip\Fusion Squad\MonkeyZoo_Comic_Factory\02_MONTHLY_ISSUES\2026-08_Issue_01\cover_prompt.md,source_material/legacy_reference/issue-001-2026-08/cover_prompt.md,cover_prompt.md,md,412,119e87bd7023e4db51e096908653101b61f09f1fbd456e42d96682b1fd37a042,2026-07-28T13:24:03+00:00,legacy-issue-record,historical-reference,,issue-001,yes,,none (byte-for-byte copy),The previous Issue 001 production record. Script and outline are useful. The QA report is evidence of the gate failure this rebuild must correct.
legacy-issue01-docs,I:\MonkeyZoo Comic Strip\Fusion Squad\MonkeyZoo_Comic_Factory\02_MONTHLY_ISSUES\2026-08_Issue_01\final_export_checklist.md,source_material/legacy_reference/issue-001-2026-08/final_export_checklist.md,final_export_checklist.md,md,527,3e14503685e51b1f51866e073baeb92b6f10743336a844a554c0e71b5f919fc6,2026-07-28T13:24:03+00:00,legacy-issue-record,historical-reference,,issue-001,yes,,none (byte-for-byte copy),The previous Issue 001 production record. Script and outline are useful. The QA report is evidence of the gate failure this rebuild must correct.
legacy-issue01-docs,I:\MonkeyZoo Comic Strip\Fusion Squad\MonkeyZoo_Comic_Factory\02_MONTHLY_ISSUES\2026-08_Issue_01\generation_log.md,source_material/legacy_reference/issue-001-2026-08/generation_log.md,generation_log.md,md,31,0a8542656d6fbd26b3a7f88161318f64b1129288a6a09dc874c7b6678968c4ca,2026-07-28T13:24:03+00:00,legacy-issue-record,historical-reference,,issue-001,yes,,none (byte-for-byte copy),The previous Issue 001 production record. Script and outline are useful. The QA report is evidence of the gate failure this rebuild must correct.
legacy-issue01-docs,I:\MonkeyZoo Comic Strip\Fusion Squad\MonkeyZoo_Comic_Factory\02_MONTHLY_ISSUES\2026-08_Issue_01\issue_brief.json,source_material/legacy_reference/issue-001-2026-08/issue_brief.json,issue_brief.json,json,1363,ebec78995e32be598283dc3e5832fd0c4fc250ae334447bcfea78c840d5fe714,2026-07-28T13:24:03+00:00,legacy-issue-record,historical-reference,,issue-001,yes,,none (byte-for-byte copy),The previous Issue 001 production record. Script and outline are useful. The QA report is evidence of the gate failure this rebuild must correct.
legacy-issue01-docs,I:\MonkeyZoo Comic Strip\Fusion Squad\MonkeyZoo_Comic_Factory\02_MONTHLY_ISSUES\2026-08_Issue_01\issue_brief.md,source_material/legacy_reference/issue-001-2026-08/issue_brief.md,issue_brief.md,md,1250,7ab2686d7c8da491515a7b8d72d11ce84ee86f98af9be2e6b7dc8bba872618c7,2026-07-28T13:24:03+00:00,legacy-issue-record,historical-reference,,issue-001,yes,,none (byte-for-byte copy),The previous Issue 001 production record. Script and outline are useful. The QA report is evidence of the gate failure this rebuild must correct.
legacy-issue01-docs,I:\MonkeyZoo Comic Strip\Fusion Squad\MonkeyZoo_Comic_Factory\02_MONTHLY_ISSUES\2026-08_Issue_01\issue_outline.md,source_material/legacy_reference/issue-001-2026-08/issue_outline.md,issue_outline.md,md,1956,82d522b5552b328940e6ab56dd8be497a0af1c710b0a68503516cd94589edcda,2026-07-28T13:24:03+00:00,legacy-issue-record,historical-reference,,issue-001,yes,,none (byte-for-byte copy),The previous Issue 001 production record. Script and outline are useful. The QA report is evidence of the gate failure this rebuild must correct.
legacy-issue01-docs,I:\MonkeyZoo Comic Strip\Fusion Squad\MonkeyZoo_Comic_Factory\02_MONTHLY_ISSUES\2026-08_Issue_01\issue_script.md,source_material/legacy_reference/issue-001-2026-08/issue_script.md,issue_script.md,md,11990,84217698557022165022b277c69ce284119a411ec0aed7b3635c503a8b7d78d6,2026-07-28T13:24:03+00:00,legacy-issue-record,historical-reference,,issue-001,yes,,none (byte-for-byte copy),The previous Issue 001 production record. Script and outline are useful. The QA report is evidence of the gate failure this rebuild must correct.
legacy-issue01-docs,I:\MonkeyZoo Comic Strip\Fusion Squad\MonkeyZoo_Comic_Factory\02_MONTHLY_ISSUES\2026-08_Issue_01\metadata.json,source_material/legacy_reference/issue-001-2026-08/metadata.json,metadata.json,json,1672,99ba3f978ef6cba642f1659b35e5ed4267992a02712ad06517436d420815870b,2026-07-28T13:24:03+00:00,legacy-issue-record,historical-reference,,issue-001,yes,,none (byte-for-byte copy),The previous Issue 001 production record. Script and outline are useful. The QA report is evidence of the gate failure this rebuild must correct.
legacy-issue01-docs,I:\MonkeyZoo Comic Strip\Fusion Squad\MonkeyZoo_Comic_Factory\02_MONTHLY_ISSUES\2026-08_Issue_01\page_panel_plan.json,source_material/legacy_reference/issue-001-2026-08/page_panel_plan.json,page_panel_plan.json,json,49382,ed53d89dee242ebd3fbf073b953c0ec31a62a715fdd00f9da36b1bc49a634738,2026-07-28T13:24:03+00:00,legacy-issue-record,historical-reference,,issue-001,yes,,none (byte-for-byte copy),The previous Issue 001 production record. Script and outline are useful. The QA report is evidence of the gate failure this rebuild must correct.
legacy-issue01-docs,I:\MonkeyZoo Comic Strip\Fusion Squad\MonkeyZoo_Comic_Factory\02_MONTHLY_ISSUES\2026-08_Issue_01\qa_report.md,source_material/legacy_reference/issue-001-2026-08/qa_report.md,qa_report.md,md,2103,44effd9c8808a9a9b1ee7125adb05d3dd62edef70567f9d6829c13f84c7701e4,2026-07-28T13:24:03+00:00,legacy-issue-record,historical-reference,,issue-001,yes,,none (byte-for-byte copy),The previous Issue 001 production record. Script and outline are useful. The QA report is evidence of the gate failure this rebuild must correct.
legacy-issue01-docs,I:\MonkeyZoo Comic Strip\Fusion Squad\MonkeyZoo_Comic_Factory\02_MONTHLY_ISSUES\2026-08_Issue_01\release_hash_manifest.json,source_material/legacy_reference/issue-001-2026-08/release_hash_manifest.json,release_hash_manifest.json,json,1566,e57b9dd310f4cf4974f7c27c192912cf5197e86e88fc586d195a8d78f4df0d7e,2026-07-28T13:24:03+00:00,legacy-issue-record,historical-reference,MZ-CHAR-004,issue-001,yes,,none (byte-for-byte copy),The previous Issue 001 production record. Script and outline are useful. The QA report is evidence of the gate failure this rebuild must correct.
legacy-issue01-docs,I:\MonkeyZoo Comic Strip\Fusion Squad\MonkeyZoo_Comic_Factory\02_MONTHLY_ISSUES\2026-08_Issue_01\social_posts.md,source_material/legacy_reference/issue-001-2026-08/social_posts.md,social_posts.md,md,2278,53c88ae6f81b9d3cad01a2b6f8cff2f83a1b2e137745bb08402d9f12ddf53d37,2026-07-28T13:24:03+00:00,legacy-issue-record,historical-reference,,issue-001,yes,,none (byte-for-byte copy),The previous Issue 001 production record. Script and outline are useful. The QA report is evidence of the gate failure this rebuild must correct.
legacy-issue01-panels,I:\MonkeyZoo Comic Strip\Fusion Squad\MonkeyZoo_Comic_Factory\02_MONTHLY_ISSUES\2026-08_Issue_01\generated_art\selected_panels\MZ-2026-08-01_P01_PANEL01.png,source_material/legacy_reference/issue-001-2026-08/selected_panels/MZ-2026-08-01_P01_PANEL01.png,MZ-2026-08-01_P01_PANEL01.png,png,1232139,3c76c259695e5f669e5d03e0de5fc4ae0988ced6ec1af91c77d27f4f37ad1ce6,2026-07-28T13:24:03+00:00,draft-composite,superseded,,issue-001,no,,none (byte-for-byte copy),"Self-labelled ""DRAFT COMPOSITE"" placeholders: a background plate with opaque character reference cards pasted in a row. Not finished artwork. Retained as evidence only. Must not be reused as panel art."
legacy-issue01-panels,I:\MonkeyZoo Comic Strip\Fusion Squad\MonkeyZoo_Comic_Factory\02_MONTHLY_ISSUES\2026-08_Issue_01\generated_art\selected_panels\MZ-2026-08-01_P01_PANEL02.png,source_material/legacy_reference/issue-001-2026-08/selected_panels/MZ-2026-08-01_P01_PANEL02.png,MZ-2026-08-01_P01_PANEL02.png,png,1106073,b61d479784cff82118ef8e3f880773f0ad10a605acbe368e18531f3e6d9ebf55,2026-07-28T13:24:03+00:00,draft-composite,superseded,,issue-001,no,,none (byte-for-byte copy),"Self-labelled ""DRAFT COMPOSITE"" placeholders: a background plate with opaque character reference cards pasted in a row. Not finished artwork. Retained as evidence only. Must not be reused as panel art."
legacy-issue01-panels,I:\MonkeyZoo Comic Strip\Fusion Squad\MonkeyZoo_Comic_Factory\02_MONTHLY_ISSUES\2026-08_Issue_01\generated_art\selected_panels\MZ-2026-08-01_P01_PANEL03.png,source_material/legacy_reference/issue-001-2026-08/selected_panels/MZ-2026-08-01_P01_PANEL03.png,MZ-2026-08-01_P01_PANEL03.png,png,1150643,a80bc247111315401984840e2317bd28e9de85ed14870d953c75c2eda6848d3e,2026-07-28T13:24:03+00:00,draft-composite,superseded,,issue-001,no,,none (byte-for-byte copy),"Self-labelled ""DRAFT COMPOSITE"" placeholders: a background plate with opaque character reference cards pasted in a row. Not finished artwork. Retained as evidence only. Must not be reused as panel art."
legacy-issue01-panels,I:\MonkeyZoo Comic Strip\Fusion Squad\MonkeyZoo_Comic_Factory\02_MONTHLY_ISSUES\2026-08_Issue_01\generated_art\selected_panels\MZ-2026-08-01_P02_PANEL01.png,source_material/legacy_reference/issue-001-2026-08/selected_panels/MZ-2026-08-01_P02_PANEL01.png,MZ-2026-08-01_P02_PANEL01.png,png,757659,45a59218a6104a9cfa57ddf7c0a1cea87bf149dd309f7c79948a4a65ab35ccba,2026-07-28T13:24:03+00:00,draft-composite,superseded,,issue-001,no,,none (byte-for-byte copy),"Self-labelled ""DRAFT COMPOSITE"" placeholders: a background plate with opaque character reference cards pasted in a row. Not finished artwork. Retained as evidence only. Must not be reused as panel art."
legacy-issue01-panels,I:\MonkeyZoo Comic Strip\Fusion Squad\MonkeyZoo_Comic_Factory\02_MONTHLY_ISSUES\2026-08_Issue_01\generated_art\selected_panels\MZ-2026-08-01_P02_PANEL02.png,source_material/legacy_reference/issue-001-2026-08/selected_panels/MZ-2026-08-01_P02_PANEL02.png,MZ-2026-08-01_P02_PANEL02.png,png,1559563,5a0eeb00026201f7f8b25d389efd039b01f9815c9b1b3e55ece86d576abbc638,2026-07-28T13:24:03+00:00,draft-composite,superseded,,issue-001,no,,none (byte-for-byte copy),"Self-labelled ""DRAFT COMPOSITE"" placeholders: a background plate with opaque character reference cards pasted in a row. Not finished artwork. Retained as evidence only. Must not be reused as panel art."
legacy-issue01-panels,I:\MonkeyZoo Comic Strip\Fusion Squad\MonkeyZoo_Comic_Factory\02_MONTHLY_ISSUES\2026-08_Issue_01\generated_art\selected_panels\MZ-2026-08-01_P02_PANEL03.png,source_material/legacy_reference/issue-001-2026-08/selected_panels/MZ-2026-08-01_P02_PANEL03.png,MZ-2026-08-01_P02_PANEL03.png,png,1152723,9d0f6ce07246b82ce1b29838836d898b15b111cb14b5a9bc920a56b3f3f61f48,2026-07-28T13:24:03+00:00,draft-composite,superseded,,issue-001,no,,none (byte-for-byte copy),"Self-labelled ""DRAFT COMPOSITE"" placeholders: a background plate with opaque character reference cards pasted in a row. Not finished artwork. Retained as evidence only. Must not be reused as panel art."
legacy-issue01-panels,I:\MonkeyZoo Comic Strip\Fusion Squad\MonkeyZoo_Comic_Factory\02_MONTHLY_ISSUES\2026-08_Issue_01\generated_art\selected_panels\MZ-2026-08-01_P03_PANEL01.png,source_material/legacy_reference/issue-001-2026-08/selected_panels/MZ-2026-08-01_P03_PANEL01.png,MZ-2026-08-01_P03_PANEL01.png,png,1270419,4099ccc6cc311f3650ef96e3f890118c5e43ce428ce9a04bceee92a40d075f4a,2026-07-28T13:24:03+00:00,draft-composite,superseded,,issue-001,no,,none (byte-for-byte copy),"Self-labelled ""DRAFT COMPOSITE"" placeholders: a background plate with opaque character reference cards pasted in a row. Not finished artwork. Retained as evidence only. Must not be reused as panel art."
legacy-issue01-panels,I:\MonkeyZoo Comic Strip\Fusion Squad\MonkeyZoo_Comic_Factory\02_MONTHLY_ISSUES\2026-08_Issue_01\generated_art\selected_panels\MZ-2026-08-01_P03_PANEL02.png,source_material/legacy_reference/issue-001-2026-08/selected_panels/MZ-2026-08-01_P03_PANEL02.png,MZ-2026-08-01_P03_PANEL02.png,png,1274140,19defac9b797ba7a38d69bfc597edf1c2192f0a34ddb8dd9b9cbe7d4ce6e0616,2026-07-28T13:24:03+00:00,draft-composite,superseded,,issue-001,no,,none (byte-for-byte copy),"Self-labelled ""DRAFT COMPOSITE"" placeholders: a background plate with opaque character reference cards pasted in a row. Not finished artwork. Retained as evidence only. Must not be reused as panel art."
legacy-issue01-panels,I:\MonkeyZoo Comic Strip\Fusion Squad\MonkeyZoo_Comic_Factory\02_MONTHLY_ISSUES\2026-08_Issue_01\generated_art\selected_panels\MZ-2026-08-01_P03_PANEL03.png,source_material/legacy_reference/issue-001-2026-08/selected_panels/MZ-2026-08-01_P03_PANEL03.png,MZ-2026-08-01_P03_PANEL03.png,png,1274779,0b8cb32b694fbc0beff6be66e3d86b5794043636cd95cb102f9d88abcd277831,2026-07-28T13:24:03+00:00,draft-composite,superseded,,issue-001,no,,none (byte-for-byte copy),"Self-labelled ""DRAFT COMPOSITE"" placeholders: a background plate with opaque character reference cards pasted in a row. Not finished artwork. Retained as evidence only. Must not be reused as panel art."
legacy-issue01-panels,I:\MonkeyZoo Comic Strip\Fusion Squad\MonkeyZoo_Comic_Factory\02_MONTHLY_ISSUES\2026-08_Issue_01\generated_art\selected_panels\MZ-2026-08-01_P04_PANEL01.png,source_material/legacy_reference/issue-001-2026-08/selected_panels/MZ-2026-08-01_P04_PANEL01.png,MZ-2026-08-01_P04_PANEL01.png,png,1291009,67c7fd091cfe0a9d7faefe914936cb8b45cd84f7745f47b5fa3b2afb58c435a6,2026-07-28T13:24:03+00:00,draft-composite,superseded,,issue-001,no,,none (byte-for-byte copy),"Self-labelled ""DRAFT COMPOSITE"" placeholders: a background plate with opaque character reference cards pasted in a row. Not finished artwork. Retained as evidence only. Must not be reused as panel art."
legacy-issue01-panels,I:\MonkeyZoo Comic Strip\Fusion Squad\MonkeyZoo_Comic_Factory\02_MONTHLY_ISSUES\2026-08_Issue_01\generated_art\selected_panels\MZ-2026-08-01_P04_PANEL02.png,source_material/legacy_reference/issue-001-2026-08/selected_panels/MZ-2026-08-01_P04_PANEL02.png,MZ-2026-08-01_P04_PANEL02.png,png,1292196,f055ddd028ec102e3d2f24bde180aa7eeecdc3d01245c435e59a1615378ae578,2026-07-28T13:24:03+00:00,draft-composite,superseded,,issue-001,no,,none (byte-for-byte copy),"Self-labelled ""DRAFT COMPOSITE"" placeholders: a background plate with opaque character reference cards pasted in a row. Not finished artwork. Retained as evidence only. Must not be reused as panel art."
legacy-issue01-panels,I:\MonkeyZoo Comic Strip\Fusion Squad\MonkeyZoo_Comic_Factory\02_MONTHLY_ISSUES\2026-08_Issue_01\generated_art\selected_panels\MZ-2026-08-01_P04_PANEL03.png,source_material/legacy_reference/issue-001-2026-08/selected_panels/MZ-2026-08-01_P04_PANEL03.png,MZ-2026-08-01_P04_PANEL03.png,png,1285904,4a01fa1bda6db2dfb8200e216e2ba7d3d9e6ce53e89a917f056d29b1922e771e,2026-07-28T13:24:03+00:00,draft-composite,superseded,,issue-001,no,,none (byte-for-byte copy),"Self-labelled ""DRAFT COMPOSITE"" placeholders: a background plate with opaque character reference cards pasted in a row. Not finished artwork. Retained as evidence only. Must not be reused as panel art."
legacy-issue01-panels,I:\MonkeyZoo Comic Strip\Fusion Squad\MonkeyZoo_Comic_Factory\02_MONTHLY_ISSUES\2026-08_Issue_01\generated_art\selected_panels\MZ-2026-08-01_P05_PANEL01.png,source_material/legacy_reference/issue-001-2026-08/selected_panels/MZ-2026-08-01_P05_PANEL01.png,MZ-2026-08-01_P05_PANEL01.png,png,1463848,93f2c46ff399933a2aec052914878404ff83d0224dfc860883f9a4d71ca678a1,2026-07-28T13:24:03+00:00,draft-composite,superseded,,issue-001,no,,none (byte-for-byte copy),"Self-labelled ""DRAFT COMPOSITE"" placeholders: a background plate with opaque character reference cards pasted in a row. Not finished artwork. Retained as evidence only. Must not be reused as panel art."
legacy-issue01-panels,I:\MonkeyZoo Comic Strip\Fusion Squad\MonkeyZoo_Comic_Factory\02_MONTHLY_ISSUES\2026-08_Issue_01\generated_art\selected_panels\MZ-2026-08-01_P05_PANEL02.png,source_material/legacy_reference/issue-001-2026-08/selected_panels/MZ-2026-08-01_P05_PANEL02.png,MZ-2026-08-01_P05_PANEL02.png,png,1272580,a0f42a6308ab850056536f9abfa16e51e7c876513b5d4bfb54903f366cf57063,2026-07-28T13:24:03+00:00,draft-composite,superseded,,issue-001,no,,none (byte-for-byte copy),"Self-labelled ""DRAFT COMPOSITE"" placeholders: a background plate with opaque character reference cards pasted in a row. Not finished artwork. Retained as evidence only. Must not be reused as panel art."
legacy-issue01-panels,I:\MonkeyZoo Comic Strip\Fusion Squad\MonkeyZoo_Comic_Factory\02_MONTHLY_ISSUES\2026-08_Issue_01\generated_art\selected_panels\MZ-2026-08-01_P05_PANEL03.png,source_material/legacy_reference/issue-001-2026-08/selected_panels/MZ-2026-08-01_P05_PANEL03.png,MZ-2026-08-01_P05_PANEL03.png,png,1256335,cc0cf139a52c6460b1b0c31f935b27abe4ceeff59bc0b3270cbc458266dd4066,2026-07-28T13:24:03+00:00,draft-composite,superseded,,issue-001,no,,none (byte-for-byte copy),"Self-labelled ""DRAFT COMPOSITE"" placeholders: a background plate with opaque character reference cards pasted in a row. Not finished artwork. Retained as evidence only. Must not be reused as panel art."
legacy-issue01-panels,I:\MonkeyZoo Comic Strip\Fusion Squad\MonkeyZoo_Comic_Factory\02_MONTHLY_ISSUES\2026-08_Issue_01\generated_art\selected_panels\MZ-2026-08-01_P06_PANEL01.png,source_material/legacy_reference/issue-001-2026-08/selected_panels/MZ-2026-08-01_P06_PANEL01.png,MZ-2026-08-01_P06_PANEL01.png,png,1153217,63d3c97ad0a096b0f5ec5db0e7e344d5bd6a1714f87dd82640e5a80ec58e8a77,2026-07-28T13:24:03+00:00,draft-composite,superseded,,issue-001,no,,none (byte-for-byte copy),"Self-labelled ""DRAFT COMPOSITE"" placeholders: a background plate with opaque character reference cards pasted in a row. Not finished artwork. Retained as evidence only. Must not be reused as panel art."
legacy-issue01-panels,I:\MonkeyZoo Comic Strip\Fusion Squad\MonkeyZoo_Comic_Factory\02_MONTHLY_ISSUES\2026-08_Issue_01\generated_art\selected_panels\MZ-2026-08-01_P06_PANEL02.png,source_material/legacy_reference/issue-001-2026-08/selected_panels/MZ-2026-08-01_P06_PANEL02.png,MZ-2026-08-01_P06_PANEL02.png,png,1254335,bc8b784689274290cb79a36fc4d22cbfb20351e226ce2606e779531778dba766,2026-07-28T13:24:03+00:00,draft-composite,superseded,,issue-001,no,,none (byte-for-byte copy),"Self-labelled ""DRAFT COMPOSITE"" placeholders: a background plate with opaque character reference cards pasted in a row. Not finished artwork. Retained as evidence only. Must not be reused as panel art."
legacy-issue01-panels,I:\MonkeyZoo Comic Strip\Fusion Squad\MonkeyZoo_Comic_Factory\02_MONTHLY_ISSUES\2026-08_Issue_01\generated_art\selected_panels\MZ-2026-08-01_P06_PANEL03.png,source_material/legacy_reference/issue-001-2026-08/selected_panels/MZ-2026-08-01_P06_PANEL03.png,MZ-2026-08-01_P06_PANEL03.png,png,1273688,7fff4494bb00c2bc3e5f20a227e51ab232cf4aae3fdada7a549e769d60e200d3,2026-07-28T13:24:03+00:00,draft-composite,superseded,,issue-001,no,,none (byte-for-byte copy),"Self-labelled ""DRAFT COMPOSITE"" placeholders: a background plate with opaque character reference cards pasted in a row. Not finished artwork. Retained as evidence only. Must not be reused as panel art."
legacy-issue01-panels,I:\MonkeyZoo Comic Strip\Fusion Squad\MonkeyZoo_Comic_Factory\02_MONTHLY_ISSUES\2026-08_Issue_01\generated_art\selected_panels\MZ-2026-08-01_P07_PANEL01.png,source_material/legacy_reference/issue-001-2026-08/selected_panels/MZ-2026-08-01_P07_PANEL01.png,MZ-2026-08-01_P07_PANEL01.png,png,1244029,8d3191e91b644891e492c83e90d1bb3b01502492a2a5f482ffe442153cff581a,2026-07-28T13:24:03+00:00,draft-composite,superseded,,issue-001,no,,none (byte-for-byte copy),"Self-labelled ""DRAFT COMPOSITE"" placeholders: a background plate with opaque character reference cards pasted in a row. Not finished artwork. Retained as evidence only. Must not be reused as panel art."
legacy-issue01-panels,I:\MonkeyZoo Comic Strip\Fusion Squad\MonkeyZoo_Comic_Factory\02_MONTHLY_ISSUES\2026-08_Issue_01\generated_art\selected_panels\MZ-2026-08-01_P07_PANEL02.png,source_material/legacy_reference/issue-001-2026-08/selected_panels/MZ-2026-08-01_P07_PANEL02.png,MZ-2026-08-01_P07_PANEL02.png,png,1292452,8d9cac7c9f6602f8f584639032616fb7efe9b9af88b7ba09f19d7a116a461764,2026-07-28T13:24:03+00:00,draft-composite,superseded,,issue-001,no,,none (byte-for-byte copy),"Self-labelled ""DRAFT COMPOSITE"" placeholders: a background plate with opaque character reference cards pasted in a row. Not finished artwork. Retained as evidence only. Must not be reused as panel art."
legacy-issue01-panels,I:\MonkeyZoo Comic Strip\Fusion Squad\MonkeyZoo_Comic_Factory\02_MONTHLY_ISSUES\2026-08_Issue_01\generated_art\selected_panels\MZ-2026-08-01_P07_PANEL03.png,source_material/legacy_reference/issue-001-2026-08/selected_panels/MZ-2026-08-01_P07_PANEL03.png,MZ-2026-08-01_P07_PANEL03.png,png,1218710,2c031ccffada9de36391ea592095786c3b37efb57f87ae3c9492bb2262875921,2026-07-28T13:24:03+00:00,draft-composite,superseded,,issue-001,no,,none (byte-for-byte copy),"Self-labelled ""DRAFT COMPOSITE"" placeholders: a background plate with opaque character reference cards pasted in a row. Not finished artwork. Retained as evidence only. Must not be reused as panel art."
legacy-issue01-panels,I:\MonkeyZoo Comic Strip\Fusion Squad\MonkeyZoo_Comic_Factory\02_MONTHLY_ISSUES\2026-08_Issue_01\generated_art\selected_panels\MZ-2026-08-01_P08_PANEL01.png,source_material/legacy_reference/issue-001-2026-08/selected_panels/MZ-2026-08-01_P08_PANEL01.png,MZ-2026-08-01_P08_PANEL01.png,png,1257820,0b4abc9625c617f87c28db512cee38f88d2faeae1f2201ac18883d0acd3205e3,2026-07-28T13:24:03+00:00,draft-composite,superseded,,issue-001,no,,none (byte-for-byte copy),"Self-labelled ""DRAFT COMPOSITE"" placeholders: a background plate with opaque character reference cards pasted in a row. Not finished artwork. Retained as evidence only. Must not be reused as panel art."
legacy-issue01-panels,I:\MonkeyZoo Comic Strip\Fusion Squad\MonkeyZoo_Comic_Factory\02_MONTHLY_ISSUES\2026-08_Issue_01\generated_art\selected_panels\MZ-2026-08-01_P08_PANEL02.png,source_material/legacy_reference/issue-001-2026-08/selected_panels/MZ-2026-08-01_P08_PANEL02.png,MZ-2026-08-01_P08_PANEL02.png,png,1292577,465bdbba7cd0f58e3b57e07cfe4e76dde639090315ea51f062cd3e5dc8d5b313,2026-07-28T13:24:03+00:00,draft-composite,superseded,,issue-001,no,,none (byte-for-byte copy),"Self-labelled ""DRAFT COMPOSITE"" placeholders: a background plate with opaque character reference cards pasted in a row. Not finished artwork. Retained as evidence only. Must not be reused as panel art."
legacy-issue01-panels,I:\MonkeyZoo Comic Strip\Fusion Squad\MonkeyZoo_Comic_Factory\02_MONTHLY_ISSUES\2026-08_Issue_01\generated_art\selected_panels\MZ-2026-08-01_P08_PANEL03.png,source_material/legacy_reference/issue-001-2026-08/selected_panels/MZ-2026-08-01_P08_PANEL03.png,MZ-2026-08-01_P08_PANEL03.png,png,1277412,64a3fef561ccc9106c2ad5b64bb5b9de27d96a0666892d3c7d27b9b44556c703,2026-07-28T13:24:03+00:00,draft-composite,superseded,,issue-001,no,,none (byte-for-byte copy),"Self-labelled ""DRAFT COMPOSITE"" placeholders: a background plate with opaque character reference cards pasted in a row. Not finished artwork. Retained as evidence only. Must not be reused as panel art."
legacy-issue01-pages,I:\MonkeyZoo Comic Strip\Fusion Squad\MonkeyZoo_Comic_Factory\02_MONTHLY_ISSUES\2026-08_Issue_01\layout\print_layout\page_01.png,source_material/legacy_reference/issue-001-2026-08/pages/page_01.png,page_01.png,png,5256395,9928be03cd84d7ab49d0e8edaf81fdea2fbb501eef0bdd2dfb3171a5526769ba,2026-07-28T13:24:03+00:00,draft-page-layout,superseded,,issue-001,no,,none (byte-for-byte copy),Assembled pages built from draft composites. Layout grid is reusable evidence.
legacy-issue01-pages,I:\MonkeyZoo Comic Strip\Fusion Squad\MonkeyZoo_Comic_Factory\02_MONTHLY_ISSUES\2026-08_Issue_01\layout\print_layout\page_02.png,source_material/legacy_reference/issue-001-2026-08/pages/page_02.png,page_02.png,png,5333845,cf6c3618f7d32588105554f531a16683117118bdf026671f1f47bfa53a030e45,2026-07-28T13:24:03+00:00,draft-page-layout,superseded,,issue-001,no,,none (byte-for-byte copy),Assembled pages built from draft composites. Layout grid is reusable evidence.
legacy-issue01-pages,I:\MonkeyZoo Comic Strip\Fusion Squad\MonkeyZoo_Comic_Factory\02_MONTHLY_ISSUES\2026-08_Issue_01\layout\print_layout\page_03.png,source_material/legacy_reference/issue-001-2026-08/pages/page_03.png,page_03.png,png,5833773,52f95e1bf67e746f2c47e9576a9797b85d4849d2528e94d4acb45507598679fc,2026-07-28T13:24:03+00:00,draft-page-layout,superseded,,issue-001,no,,none (byte-for-byte copy),Assembled pages built from draft composites. Layout grid is reusable evidence.
legacy-issue01-pages,I:\MonkeyZoo Comic Strip\Fusion Squad\MonkeyZoo_Comic_Factory\02_MONTHLY_ISSUES\2026-08_Issue_01\layout\print_layout\page_04.png,source_material/legacy_reference/issue-001-2026-08/pages/page_04.png,page_04.png,png,3984390,e0c3129d35d0ee1f36035b37937e6d5c06a8c86101e3eb1bf7b9933413c8451f,2026-07-28T13:24:03+00:00,draft-page-layout,superseded,,issue-001,no,,none (byte-for-byte copy),Assembled pages built from draft composites. Layout grid is reusable evidence.
legacy-issue01-pages,I:\MonkeyZoo Comic Strip\Fusion Squad\MonkeyZoo_Comic_Factory\02_MONTHLY_ISSUES\2026-08_Issue_01\layout\print_layout\page_05.png,source_material/legacy_reference/issue-001-2026-08/pages/page_05.png,page_05.png,png,5376342,4e63e4cd9b1dbd81aaa3c40919231ee6b9ed0773756334c5f35aa79555988cdf,2026-07-28T13:24:03+00:00,draft-page-layout,superseded,,issue-001,no,,none (byte-for-byte copy),Assembled pages built from draft composites. Layout grid is reusable evidence.
legacy-issue01-pages,I:\MonkeyZoo Comic Strip\Fusion Squad\MonkeyZoo_Comic_Factory\02_MONTHLY_ISSUES\2026-08_Issue_01\layout\print_layout\page_06.png,source_material/legacy_reference/issue-001-2026-08/pages/page_06.png,page_06.png,png,4707713,64de963115f92b287affd3ade9de1247a222f7d5e3d5d19250ec840f50d8a364,2026-07-28T13:24:03+00:00,draft-page-layout,superseded,,issue-001,no,,none (byte-for-byte copy),Assembled pages built from draft composites. Layout grid is reusable evidence.
legacy-issue01-pages,I:\MonkeyZoo Comic Strip\Fusion Squad\MonkeyZoo_Comic_Factory\02_MONTHLY_ISSUES\2026-08_Issue_01\layout\print_layout\page_07.png,source_material/legacy_reference/issue-001-2026-08/pages/page_07.png,page_07.png,png,5357724,2001ab900a53d03a7c8fb6a8363f0805504a2f9c03cbbbd301623d1e1e818e4c,2026-07-28T13:24:03+00:00,draft-page-layout,superseded,,issue-001,no,,none (byte-for-byte copy),Assembled pages built from draft composites. Layout grid is reusable evidence.
legacy-issue01-pages,I:\MonkeyZoo Comic Strip\Fusion Squad\MonkeyZoo_Comic_Factory\02_MONTHLY_ISSUES\2026-08_Issue_01\layout\print_layout\page_08.png,source_material/legacy_reference/issue-001-2026-08/pages/page_08.png,page_08.png,png,5318573,838717b18ae63d41db6410e29e43039b95c08a463b6bd3c9e0851d819113b949,2026-07-28T13:24:03+00:00,draft-page-layout,superseded,,issue-001,no,,none (byte-for-byte copy),Assembled pages built from draft composites. Layout grid is reusable evidence.
legacy-issue01-cover,I:\MonkeyZoo Comic Strip\Fusion Squad\MonkeyZoo_Comic_Factory\02_MONTHLY_ISSUES\2026-08_Issue_01\generated_art\covers\main_cover.png,source_material/legacy_reference/issue-001-2026-08/main_cover.png,main_cover.png,png,2438322,9aa0b9599ee513e778039d4274b421d2a39ce7a908dc39557f6314d1f1d26764,2026-07-28T13:24:03+00:00,draft-cover,superseded,,issue-001,no,,none (byte-for-byte copy),
historical-pdfs,I:\MonkeyZoo Comic Strip\Fusion Squad\MonkeyZoo_Comic_Factory\02_MONTHLY_ISSUES\2026-07_Issue_05\exports\MonkeyZoo_Issue_05_Print.pdf,source_material/historical_issues/monthly/2026-07_Issue_05/exports/MonkeyZoo_Issue_05_Print.pdf,MonkeyZoo_Issue_05_Print.pdf,pdf,140998958,663fbc3b047bd5ee4dedbb7111a846b1822b728689094c18ce964f2801d418fd,2026-07-28T13:24:03+00:00,published-issue-pdf,historical-reference,,,no,,none (byte-for-byte copy),"Earlier published issues. Informative for continuity, not automatically approved."
historical-pdfs,I:\MonkeyZoo Comic Strip\Fusion Squad\MonkeyZoo_Comic_Factory\02_MONTHLY_ISSUES\2026-07_Issue_05\exports\MonkeyZoo_Issue_05_Web.pdf,source_material/historical_issues/monthly/2026-07_Issue_05/exports/MonkeyZoo_Issue_05_Web.pdf,MonkeyZoo_Issue_05_Web.pdf,pdf,58692481,a3c80c515046f44cfda8be5defc7d96b3950f34d70cc15cf982937333ce43e9a,2026-07-28T13:24:03+00:00,published-issue-pdf,historical-reference,,,no,,none (byte-for-byte copy),"Earlier published issues. Informative for continuity, not automatically approved."
historical-pdfs,I:\MonkeyZoo Comic Strip\Fusion Squad\MonkeyZoo_Comic_Factory\02_MONTHLY_ISSUES\2026-07_Mango_Pier\exports\MonkeyZoo_Issue_MANGO_Print.pdf,source_material/historical_issues/monthly/2026-07_Mango_Pier/exports/MonkeyZoo_Issue_MANGO_Print.pdf,MonkeyZoo_Issue_MANGO_Print.pdf,pdf,5417325,e1b2d0e4bca6b1fad90ce19da1b5093419449106ce24e14c1dadfa5d6e0ee259,2026-07-28T13:24:03+00:00,published-issue-pdf,historical-reference,,issue-mango-pier,no,,none (byte-for-byte copy),"Earlier published issues. Informative for continuity, not automatically approved."
historical-pdfs,I:\MonkeyZoo Comic Strip\Fusion Squad\MonkeyZoo_Comic_Factory\02_MONTHLY_ISSUES\2026-07_Mango_Pier\exports\MonkeyZoo_Issue_MANGO_Web.pdf,source_material/historical_issues/monthly/2026-07_Mango_Pier/exports/MonkeyZoo_Issue_MANGO_Web.pdf,MonkeyZoo_Issue_MANGO_Web.pdf,pdf,3012328,a71fb17077bcc58509c95de2312c0bdbc693b4f4a82b075cc826f7228d2793ce,2026-07-28T13:24:03+00:00,published-issue-pdf,historical-reference,,issue-mango-pier,no,,none (byte-for-byte copy),"Earlier published issues. Informative for continuity, not automatically approved."
historical-pdfs,I:\MonkeyZoo Comic Strip\Fusion Squad\MonkeyZoo_Comic_Factory\02_MONTHLY_ISSUES\2026-08_Issue_01\exports\MonkeyZoo_Issue_01_Print.pdf,source_material/historical_issues/monthly/2026-08_Issue_01/exports/MonkeyZoo_Issue_01_Print.pdf,MonkeyZoo_Issue_01_Print.pdf,pdf,140998958,6c1753fe67a3cc7201b2a039e01b41fa77f24e03512f564d6922711b463aac5a,2026-07-28T13:24:03+00:00,published-issue-pdf,historical-reference,,issue-001,no,,none (byte-for-byte copy),"Earlier published issues. Informative for continuity, not automatically approved."
historical-pdfs,I:\MonkeyZoo Comic Strip\Fusion Squad\MonkeyZoo_Comic_Factory\02_MONTHLY_ISSUES\2026-08_Issue_01\exports\MonkeyZoo_Issue_01_Web.pdf,source_material/historical_issues/monthly/2026-08_Issue_01/exports/MonkeyZoo_Issue_01_Web.pdf,MonkeyZoo_Issue_01_Web.pdf,pdf,58692481,a521f71e7b35234b618ae4d4296a4f6b1a4765bba4b4f468eadaf0f9bae9d70c,2026-07-28T13:24:03+00:00,published-issue-pdf,historical-reference,,issue-001,no,,none (byte-for-byte copy),"Earlier published issues. Informative for continuity, not automatically approved."
historical-pdfs,I:\MonkeyZoo Comic Strip\Fusion Squad\MonkeyZoo_Comic_Factory\02_MONTHLY_ISSUES\2026-08_Issue_01\exports\MonkeyZoo_MZ-2026-08-01_Web.pdf,source_material/historical_issues/monthly/2026-08_Issue_01/exports/MonkeyZoo_MZ-2026-08-01_Web.pdf,MonkeyZoo_MZ-2026-08-01_Web.pdf,pdf,2154982,64ccd9dcf08d2089646053409fb1268102eb2cca244b5fb8665d97e986fbcbca,2026-07-28T13:24:03+00:00,published-issue-pdf,historical-reference,,issue-001,no,,none (byte-for-byte copy),"Earlier published issues. Informative for continuity, not automatically approved."
historical-pdfs,I:\MonkeyZoo Comic Strip\Fusion Squad\MonkeyZoo_Comic_Factory\02_MONTHLY_ISSUES\2026-08_Issue_06\exports\MonkeyZoo_Issue_06_Print.pdf,source_material/historical_issues/monthly/2026-08_Issue_06/exports/MonkeyZoo_Issue_06_Print.pdf,MonkeyZoo_Issue_06_Print.pdf,pdf,140998958,5cab77178ac126e60f90f4767385f7d1efddc547443425059f6fb3355bede4de,2026-07-28T13:24:03+00:00,published-issue-pdf,historical-reference,,,no,,none (byte-for-byte copy),"Earlier published issues. Informative for continuity, not automatically approved."
historical-pdfs,I:\MonkeyZoo Comic Strip\Fusion Squad\MonkeyZoo_Comic_Factory\02_MONTHLY_ISSUES\2026-08_Issue_06\exports\MonkeyZoo_Issue_06_Web.pdf,source_material/historical_issues/monthly/2026-08_Issue_06/exports/MonkeyZoo_Issue_06_Web.pdf,MonkeyZoo_Issue_06_Web.pdf,pdf,58692481,c9c45c869074a3921461356eb732e1a39c49ca84330c876a7b6a0503695d8e4a,2026-07-28T13:24:03+00:00,published-issue-pdf,historical-reference,,,no,,none (byte-for-byte copy),"Earlier published issues. Informative for continuity, not automatically approved."
historical-pdfs,I:\MonkeyZoo Comic Strip\Fusion Squad\MonkeyZoo_Comic_Factory\02_MONTHLY_ISSUES\2026-09_Issue_01\exports\MonkeyZoo_MZ-2026-09-01_Web.pdf,source_material/historical_issues/monthly/2026-09_Issue_01/exports/MonkeyZoo_MZ-2026-09-01_Web.pdf,MonkeyZoo_MZ-2026-09-01_Web.pdf,pdf,2019,692c13676b220904cd1746a86d368aeb119f1268257d9f5084beb649b5f859d5,2026-07-28T13:24:03+00:00,published-issue-pdf,historical-reference,,issue-001,no,,none (byte-for-byte copy),"Earlier published issues. Informative for continuity, not automatically approved."
historical-pdfs,I:\MonkeyZoo Comic Strip\Fusion Squad\MonkeyZoo_Comic_Factory\02_MONTHLY_ISSUES\2026-09_Issue_02\exports\MonkeyZoo_MZ-2026-09-02_Web.pdf,source_material/historical_issues/monthly/2026-09_Issue_02/exports/MonkeyZoo_MZ-2026-09-02_Web.pdf,MonkeyZoo_MZ-2026-09-02_Web.pdf,pdf,25924099,8e5c5c58f6852eca7bd4ff7860bfde37f73d138c30ab990246c1e98c365d2bf6,2026-07-28T13:24:03+00:00,published-issue-pdf,historical-reference,,issue-genesis-0902,no,,none (byte-for-byte copy),"Earlier published issues. Informative for continuity, not automatically approved."
historical-pdfs,I:\MonkeyZoo Comic Strip\Fusion Squad\MonkeyZoo_Comic_Factory\02_MONTHLY_ISSUES\2026-10_Issue_01\exports\MonkeyZoo_MZ-2026-10-01_Web.pdf,source_material/historical_issues/monthly/2026-10_Issue_01/exports/MonkeyZoo_MZ-2026-10-01_Web.pdf,MonkeyZoo_MZ-2026-10-01_Web.pdf,pdf,45,5a838678058f6de375e8635b5f2fea47a4e5f07cb1a882a44b10f39abc6f34ff,2026-07-28T13:24:03+00:00,published-issue-pdf,historical-reference,,issue-001,no,,none (byte-for-byte copy),"Earlier published issues. Informative for continuity, not automatically approved."
genesis-pdf,I:\MonkeyZoo Comic Strip\Fusion Squad\MonkeyZoo_Comic_Factory\GENESIS\release\MonkeyZoo_Genesis.pdf,source_material/historical_issues/genesis/MonkeyZoo_Genesis.pdf,MonkeyZoo_Genesis.pdf,pdf,9753373,9b582790e7dd3936f664a992a7f46387a1c4bc9a7da42033f9c25c32a3557761,2026-07-28T13:24:03+00:00,published-issue-pdf,historical-reference,,issue-genesis,no,,none (byte-for-byte copy),The GENESIS collected edition.
genesis-docs,I:\MonkeyZoo Comic Strip\Fusion Squad\MonkeyZoo_Comic_Factory\GENESIS\GENESIS_CHARACTER_REPORT.md,source_material/historical_issues/genesis/GENESIS_CHARACTER_REPORT.md,GENESIS_CHARACTER_REPORT.md,md,468,29a6c7a52d5044ea3a0664678367dd56da05a07206092521bcd6c628aa367678,2026-07-28T13:24:03+00:00,issue-record,historical-reference,,issue-genesis,yes,,none (byte-for-byte copy),
genesis-docs,I:\MonkeyZoo Comic Strip\Fusion Squad\MonkeyZoo_Comic_Factory\GENESIS\GENESIS_CREDITS.md,source_material/historical_issues/genesis/GENESIS_CREDITS.md,GENESIS_CREDITS.md,md,442,1e9d28e4fde76a31624db918eafd5ea49db40e8b88d913314fcc09af4282c2a2,2026-07-28T13:24:03+00:00,issue-record,historical-reference,,issue-genesis,yes,,none (byte-for-byte copy),
genesis-docs,I:\MonkeyZoo Comic Strip\Fusion Squad\MonkeyZoo_Comic_Factory\GENESIS\GENESIS_LAYOUT_PLAN.json,source_material/historical_issues/genesis/GENESIS_LAYOUT_PLAN.json,GENESIS_LAYOUT_PLAN.json,json,54283,704d264842e65691b98c02d290ea6bd3e7c83a31e26135fcf80e90a0929b5855,2026-07-28T13:24:03+00:00,issue-record,historical-reference,,issue-genesis,yes,,none (byte-for-byte copy),
genesis-docs,I:\MonkeyZoo Comic Strip\Fusion Squad\MonkeyZoo_Comic_Factory\GENESIS\GENESIS_LAYOUT_PLAN.md,source_material/historical_issues/genesis/GENESIS_LAYOUT_PLAN.md,GENESIS_LAYOUT_PLAN.md,md,4320,7bec55cb6821382f2aa669cacc65c9ab3aad802bc73582910bcc04f952c0661b,2026-07-28T13:24:03+00:00,issue-record,historical-reference,,issue-genesis,yes,,none (byte-for-byte copy),
genesis-docs,I:\MonkeyZoo Comic Strip\Fusion Squad\MonkeyZoo_Comic_Factory\GENESIS\GENESIS_LETTERING_REPORT.md,source_material/historical_issues/genesis/GENESIS_LETTERING_REPORT.md,GENESIS_LETTERING_REPORT.md,md,484,d77f226e767c6ee0269b011961d165706a6c9fee2e404b163d6290dbf198d4c2,2026-07-28T13:24:03+00:00,issue-record,historical-reference,,issue-genesis,yes,,none (byte-for-byte copy),
genesis-docs,I:\MonkeyZoo Comic Strip\Fusion Squad\MonkeyZoo_Comic_Factory\GENESIS\GENESIS_MANIFEST.json,source_material/historical_issues/genesis/GENESIS_MANIFEST.json,GENESIS_MANIFEST.json,json,1148,84f02fd5a6ab83c15ae3792975b40c9cb2222b8ad5ec53aa5e1835555b73a08f,2026-07-28T13:24:03+00:00,issue-record,historical-reference,,issue-genesis,yes,,none (byte-for-byte copy),
genesis-docs,I:\MonkeyZoo Comic Strip\Fusion Squad\MonkeyZoo_Comic_Factory\GENESIS\GENESIS_RELEASE_REPORT.md,source_material/historical_issues/genesis/GENESIS_RELEASE_REPORT.md,GENESIS_RELEASE_REPORT.md,md,4229,840d648936808e0e139d3e4f291f37d644785b1f4e71062f97fa965983c2a5a4,2026-07-28T13:24:03+00:00,issue-record,historical-reference,,issue-genesis,yes,,none (byte-for-byte copy),
genesis-docs,I:\MonkeyZoo Comic Strip\Fusion Squad\MonkeyZoo_Comic_Factory\GENESIS\GENESIS_TECHNICAL_QA_REPORT.md,source_material/historical_issues/genesis/GENESIS_TECHNICAL_QA_REPORT.md,GENESIS_TECHNICAL_QA_REPORT.md,md,526,581a602c2b75316b29774515176d367869e1df75b64c3f4ef536a449b2d9d871,2026-07-28T13:24:03+00:00,issue-record,historical-reference,,issue-genesis,yes,,none (byte-for-byte copy),
genesis-docs,I:\MonkeyZoo Comic Strip\Fusion Squad\MonkeyZoo_Comic_Factory\GENESIS\GENESIS_VISUAL_QA_REPORT.md,source_material/historical_issues/genesis/GENESIS_VISUAL_QA_REPORT.md,GENESIS_VISUAL_QA_REPORT.md,md,846,86b6a3ab2fb8b13db83a434027a1510659e1c6edd54917a9a299424d0ac4ab27,2026-07-28T13:24:03+00:00,issue-record,historical-reference,,issue-genesis,yes,,none (byte-for-byte copy),
genesis-docs,I:\MonkeyZoo Comic Strip\Fusion Squad\MonkeyZoo_Comic_Factory\GENESIS\README.md,source_material/historical_issues/genesis/README.md,README.md,md,1756,526ba03b989520628f922959edc07737a3e9c19cdd815dbb9adbf9af55f46769,2026-07-28T13:24:03+00:00,issue-record,historical-reference,,issue-genesis,yes,,none (byte-for-byte copy),
legacy-html-app,I:\MonkeyZoo Comic Strip\Fusion Squad\MonkeyZoo_Comic_Factory\docs\index.html,source_material/legacy_reference/banana-lab-1-html/index.html,index.html,html,59877,c7927cb55ec8c3e1d030fa5aa7b3af4b44ba909bbed0c14d2058e66063439e3b,2026-07-28T13:24:03+00:00,legacy-application,historical-reference,,,no,,none (byte-for-byte copy),"The Banana Lab 1.0 review application shell. This is an application UI, NOT an HTML comic. Recorded so the ""older HTML comic"" question is closed."
